#pragma once

inline unsigned char OmniLinkLogoNBData[] = {
    0x47, 0x70, 0x4c, 0x00, 0x47, 0x70, 0x4c, 0x00, 0x47, 0x70, 0x4c, 0x00, 0x47, 0x70, 0x4c, 0x00,
    0x47, 0x70, 0x4c, 0x00, 0x47, 0x70, 0x4c, 0x00, 0x47, 0x70, 0x4c, 0x00, 0x47, 0x70, 0x4c, 0x00,
    0x47, 0x70, 0x4c, 0x00, 0x47, 0x70, 0x4c, 0x00, 0x47, 0x70, 0x4c, 0x00, 0x47, 0x70, 0x4c, 0x00,
    0x47, 0x70, 0x4c, 0x00, 0x47, 0x70, 0x4c, 0x00, 0x47, 0x70, 0x4c, 0x00, 0x47, 0x70, 0x4c, 0x00,
    0x47, 0x70, 0x4c, 0x00, 0x47, 0x70, 0x4c, 0x00, 0x47, 0x70, 0x4c, 0x00, 0x47, 0x70, 0x4c, 0x00,
    0x47, 0x70, 0x4c, 0x00, 0x47, 0x70, 0x4c, 0x00, 0x47, 0x70, 0x4c, 0x00, 0x47, 0x70, 0x4c, 0x00,
    0x47, 0x70, 0x4c, 0x00, 0x47, 0x70, 0x4c, 0x00, 0x47, 0x70, 0x4c, 0x00, 0x47, 0x70, 0x4c, 0x00,
    0x47, 0x70, 0x4c, 0x00, 0x47, 0x70, 0x4c, 0x00, 0x47, 0x70, 0x4c, 0x00, 0x47, 0x70, 0x4c, 0x00,
    0x47, 0x70, 0x4c, 0x00, 0x47, 0x70, 0x4c, 0x00, 0x47, 0x70, 0x4c, 0x00, 0x47, 0x70, 0x4c, 0x00,
    0x47, 0x70, 0x4c, 0x00, 0x47, 0x70, 0x4c, 0x00, 0x47, 0x70, 0x4c, 0x00, 0x47, 0x70, 0x4c, 0x00,
    0x47, 0x70, 0x4c, 0x00, 0x47, 0x70, 0x4c, 0x00, 0x47, 0x70, 0x4c, 0x00, 0x47, 0x70, 0x4c, 0x00,
    0x47, 0x70, 0x4c, 0x00, 0x47, 0x70, 0x4c, 0x00, 0x47, 0x70, 0x4c, 0x00, 0x47, 0x70, 0x4c, 0x00,
    0x47, 0x70, 0x4c, 0x00, 0x47, 0x70, 0x4c, 0x00, 0x47, 0x70, 0x4c, 0x00, 0x47, 0x70, 0x4c, 0x00,
    0x47, 0x70, 0x4c, 0x00, 0x47, 0x70, 0x4c, 0x00, 0x47, 0x70, 0x4c, 0x00, 0x47, 0x70, 0x4c, 0x00,
    0x47, 0x70, 0x4c, 0x00, 0x47, 0x70, 0x4c, 0x00, 0x47, 0x70, 0x4c, 0x00, 0x47, 0x70, 0x4c, 0x00,
    0x47, 0x70, 0x4c, 0x00, 0x47, 0x70, 0x4c, 0x00, 0x47, 0x70, 0x4c, 0x00, 0x47, 0x70, 0x4c, 0x00,
    0x47, 0x70, 0x4c, 0x00, 0x47, 0x70, 0x4c, 0x00, 0x47, 0x70, 0x4c, 0x00, 0x47, 0x70, 0x4c, 0x00,
    0x47, 0x70, 0x4c, 0x00, 0x47, 0x70, 0x4c, 0x00, 0x47, 0x70, 0x4c, 0x00, 0x47, 0x70, 0x4c, 0x00,
    0x47, 0x70, 0x4c, 0x00, 0x47, 0x70, 0x4c, 0x00, 0x47, 0x70, 0x4c, 0x00, 0x47, 0x70, 0x4c, 0x00,
    0x47, 0x70, 0x4c, 0x00, 0x47, 0x70, 0x4c, 0x00, 0x47, 0x70, 0x4c, 0x00, 0x47, 0x70, 0x4c, 0x00,
    0x47, 0x70, 0x4c, 0x00, 0x47, 0x70, 0x4c, 0x00, 0x47, 0x70, 0x4c, 0x00, 0x47, 0x70, 0x4c, 0x00,
    0x47, 0x70, 0x4c, 0x00, 0x47, 0x70, 0x4c, 0x00, 0x47, 0x70, 0x4c, 0x00, 0x47, 0x70, 0x4c, 0x00,
    0x47, 0x70, 0x4c, 0x00, 0x47, 0x70, 0x4c, 0x00, 0x47, 0x70, 0x4c, 0x00, 0x47, 0x70, 0x4c, 0x00,
    0x47, 0x70, 0x4c, 0x00, 0x47, 0x70, 0x4c, 0x00, 0x47, 0x70, 0x4c, 0x00, 0x47, 0x70, 0x4c, 0x00,
    0x47, 0x70, 0x4c, 0x00, 0x47, 0x70, 0x4c, 0x00, 0x47, 0x70, 0x4c, 0x00, 0x47, 0x70, 0x4c, 0x00,
    0x47, 0x70, 0x4c, 0x00, 0x47, 0x70, 0x4c, 0x00, 0x47, 0x70, 0x4c, 0x00, 0x47, 0x70, 0x4c, 0x00,
    0x47, 0x70, 0x4c, 0x00, 0x47, 0x70, 0x4c, 0x00, 0x47, 0x70, 0x4c, 0x00, 0x47, 0x70, 0x4c, 0x00,
    0x47, 0x70, 0x4c, 0x00, 0x47, 0x70, 0x4c, 0x00, 0x47, 0x70, 0x4c, 0x00, 0x47, 0x70, 0x4c, 0x00,
    0x47, 0x70, 0x4c, 0x00, 0x47, 0x70, 0x4c, 0x00, 0x47, 0x70, 0x4c, 0x00, 0x47, 0x70, 0x4c, 0x00,
    0x47, 0x70, 0x4c, 0x00, 0x47, 0x70, 0x4c, 0x00, 0x47, 0x70, 0x4c, 0x00, 0x47, 0x70, 0x4c, 0x00,
    0x47, 0x70, 0x4c, 0x00, 0x47, 0x70, 0x4c, 0x00, 0x47, 0x70, 0x4c, 0x00, 0x47, 0x70, 0x4c, 0x00,
    0x47, 0x70, 0x4c, 0x00, 0x47, 0x70, 0x4c, 0x00, 0x47, 0x70, 0x4c, 0x00, 0x47, 0x70, 0x4c, 0x00,
    0x47, 0x70, 0x4c, 0x00, 0x47, 0x70, 0x4c, 0x00, 0x47, 0x70, 0x4c, 0x00, 0x47, 0x70, 0x4c, 0x00,
    0x47, 0x70, 0x4c, 0x00, 0x47, 0x70, 0x4c, 0x00, 0x47, 0x70, 0x4c, 0x00, 0x47, 0x70, 0x4c, 0x00,
    0x47, 0x70, 0x4c, 0x00, 0x47, 0x70, 0x4c, 0x00, 0x47, 0x70, 0x4c, 0x00, 0x47, 0x70, 0x4c, 0x00,
    0x47, 0x70, 0x4c, 0x00, 0x47, 0x70, 0x4c, 0x00, 0x47, 0x70, 0x4c, 0x00, 0x47, 0x70, 0x4c, 0x00,
    0x47, 0x70, 0x4c, 0x00, 0x47, 0x70, 0x4c, 0x00, 0x47, 0x70, 0x4c, 0x00, 0x47, 0x70, 0x4c, 0x00,
    0x47, 0x70, 0x4c, 0x00, 0x47, 0x70, 0x4c, 0x00, 0x47, 0x70, 0x4c, 0x00, 0x47, 0x70, 0x4c, 0x00,
    0x47, 0x70, 0x4c, 0x00, 0x47, 0x70, 0x4c, 0x00, 0x47, 0x70, 0x4c, 0x00, 0x47, 0x70, 0x4c, 0x00,
    0x47, 0x70, 0x4c, 0x00, 0x47, 0x70, 0x4c, 0x00, 0x47, 0x70, 0x4c, 0x00, 0x47, 0x70, 0x4c, 0x00,
    0x47, 0x70, 0x4c, 0x00, 0x47, 0x70, 0x4c, 0x00, 0x47, 0x70, 0x4c, 0x00, 0x47, 0x70, 0x4c, 0x00,
    0x47, 0x70, 0x4c, 0x00, 0x47, 0x70, 0x4c, 0x00, 0x47, 0x70, 0x4c, 0x00, 0x47, 0x70, 0x4c, 0x00,
    0x47, 0x70, 0x4c, 0x00, 0x47, 0x70, 0x4c, 0x00, 0x47, 0x70, 0x4c, 0x00, 0x47, 0x70, 0x4c, 0x00,
    0x47, 0x70, 0x4c, 0x00, 0x47, 0x70, 0x4c, 0x00, 0x47, 0x70, 0x4c, 0x00, 0x47, 0x70, 0x4c, 0x00,
    0x47, 0x70, 0x4c, 0x00, 0x47, 0x70, 0x4c, 0x00, 0x47, 0x70, 0x4c, 0x00, 0x47, 0x70, 0x4c, 0x00,
    0x47, 0x70, 0x4c, 0x00, 0x47, 0x70, 0x4c, 0x00, 0x47, 0x70, 0x4c, 0x00, 0x47, 0x70, 0x4c, 0x00,
    0x47, 0x70, 0x4c, 0x00, 0x47, 0x70, 0x4c, 0x00, 0x47, 0x70, 0x4c, 0x00, 0x47, 0x70, 0x4c, 0x00,
    0x47, 0x70, 0x4c, 0x00, 0x47, 0x70, 0x4c, 0x00, 0x47, 0x70, 0x4c, 0x00, 0x47, 0x70, 0x4c, 0x00,
    0x47, 0x70, 0x4c, 0x00, 0x47, 0x70, 0x4c, 0x00, 0x47, 0x70, 0x4c, 0x00, 0x47, 0x70, 0x4c, 0x00,
    0x47, 0x70, 0x4c, 0x00, 0x47, 0x70, 0x4c, 0x00, 0x47, 0x70, 0x4c, 0x00, 0x47, 0x70, 0x4c, 0x00,
    0x47, 0x70, 0x4c, 0x00, 0x47, 0x70, 0x4c, 0x00, 0x47, 0x70, 0x4c, 0x00, 0x47, 0x70, 0x4c, 0x00,
    0x47, 0x70, 0x4c, 0x00, 0x47, 0x70, 0x4c, 0x00, 0x47, 0x70, 0x4c, 0x00, 0x47, 0x70, 0x4c, 0x00,
    0x47, 0x70, 0x4c, 0x00, 0x47, 0x70, 0x4c, 0x00, 0x47, 0x70, 0x4c, 0x00, 0x47, 0x70, 0x4c, 0x00,
    0x47, 0x70, 0x4c, 0x00, 0x47, 0x70, 0x4c, 0x00, 0x47, 0x70, 0x4c, 0x00, 0x47, 0x70, 0x4c, 0x00,
    0x47, 0x70, 0x4c, 0x00, 0x47, 0x70, 0x4c, 0x00, 0x47, 0x70, 0x4c, 0x00, 0x47, 0x70, 0x4c, 0x00,
    0x47, 0x70, 0x4c, 0x00, 0x47, 0x70, 0x4c, 0x00, 0x47, 0x70, 0x4c, 0x00, 0x47, 0x70, 0x4c, 0x00,
    0x47, 0x70, 0x4c, 0x00, 0x47, 0x70, 0x4c, 0x00, 0x47, 0x70, 0x4c, 0x00, 0x47, 0x70, 0x4c, 0x00,
    0x47, 0x70, 0x4c, 0x00, 0x47, 0x70, 0x4c, 0x00, 0x47, 0x70, 0x4c, 0x00, 0x47, 0x70, 0x4c, 0x00,
    0x47, 0x70, 0x4c, 0x00, 0x47, 0x70, 0x4c, 0x00, 0x47, 0x70, 0x4c, 0x00, 0x47, 0x70, 0x4c, 0x00,
    0x47, 0x70, 0x4c, 0x00, 0x47, 0x70, 0x4c, 0x00, 0x47, 0x70, 0x4c, 0x00, 0x47, 0x70, 0x4c, 0x00,
    0x47, 0x70, 0x4c, 0x00, 0x47, 0x70, 0x4c, 0x00, 0x47, 0x70, 0x4c, 0x00, 0x47, 0x70, 0x4c, 0x00,
    0x47, 0x70, 0x4c, 0x00, 0x47, 0x70, 0x4c, 0x00, 0x47, 0x70, 0x4c, 0x00, 0x47, 0x70, 0x4c, 0x00,
    0x47, 0x70, 0x4c, 0x00, 0x47, 0x70, 0x4c, 0x00, 0x47, 0x70, 0x4c, 0x00, 0x47, 0x70, 0x4c, 0x00,
    0x47, 0x70, 0x4c, 0x00, 0x47, 0x70, 0x4c, 0x00, 0x47, 0x70, 0x4c, 0x00, 0x47, 0x70, 0x4c, 0x00,
    0x47, 0x70, 0x4c, 0x00, 0x47, 0x70, 0x4c, 0x00, 0x47, 0x70, 0x4c, 0x00, 0x47, 0x70, 0x4c, 0x00,
    0x47, 0x70, 0x4c, 0x00, 0x47, 0x70, 0x4c, 0x00, 0x47, 0x70, 0x4c, 0x00, 0x47, 0x70, 0x4c, 0x00,
    0x47, 0x70, 0x4c, 0x00, 0x47, 0x70, 0x4c, 0x00, 0x47, 0x70, 0x4c, 0x00, 0x47, 0x70, 0x4c, 0x00,
    0x47, 0x70, 0x4c, 0x00, 0x47, 0x70, 0x4c, 0x00, 0x47, 0x70, 0x4c, 0x00, 0x47, 0x70, 0x4c, 0x00,
    0x47, 0x70, 0x4c, 0x00, 0x47, 0x70, 0x4c, 0x00, 0x47, 0x70, 0x4c, 0x00, 0x47, 0x70, 0x4c, 0x00,
    0x47, 0x70, 0x4c, 0x00, 0x47, 0x70, 0x4c, 0x00, 0x47, 0x70, 0x4c, 0x00, 0x47, 0x70, 0x4c, 0x00,
    0x47, 0x70, 0x4c, 0x00, 0x47, 0x70, 0x4c, 0x00, 0x47, 0x70, 0x4c, 0x00, 0x47, 0x70, 0x4c, 0x00,
    0x47, 0x70, 0x4c, 0x00, 0x47, 0x70, 0x4c, 0x00, 0x47, 0x70, 0x4c, 0x00, 0x47, 0x70, 0x4c, 0x00,
    0x47, 0x70, 0x4c, 0x00, 0x47, 0x70, 0x4c, 0x00, 0x47, 0x70, 0x4c, 0x00, 0x47, 0x70, 0x4c, 0x00,
    0x47, 0x70, 0x4c, 0x00, 0x47, 0x70, 0x4c, 0x00, 0x47, 0x70, 0x4c, 0x00, 0x47, 0x70, 0x4c, 0x00,
    0x47, 0x70, 0x4c, 0x00, 0x47, 0x70, 0x4c, 0x00, 0x47, 0x70, 0x4c, 0x00, 0x47, 0x70, 0x4c, 0x00,
    0x47, 0x70, 0x4c, 0x00, 0x47, 0x70, 0x4c, 0x00, 0x47, 0x70, 0x4c, 0x00, 0x47, 0x70, 0x4c, 0x00,
    0x47, 0x70, 0x4c, 0x00, 0x47, 0x70, 0x4c, 0x00, 0x47, 0x70, 0x4c, 0x00, 0x47, 0x70, 0x4c, 0x00,
    0x47, 0x70, 0x4c, 0x00, 0x47, 0x70, 0x4c, 0x00, 0x47, 0x70, 0x4c, 0x00, 0x47, 0x70, 0x4c, 0x00,
    0x47, 0x70, 0x4c, 0x00, 0x47, 0x70, 0x4c, 0x00, 0x47, 0x70, 0x4c, 0x00, 0x47, 0x70, 0x4c, 0x00,
    0x47, 0x70, 0x4c, 0x00, 0x47, 0x70, 0x4c, 0x00, 0x47, 0x70, 0x4c, 0x00, 0x47, 0x70, 0x4c, 0x00,
    0x47, 0x70, 0x4c, 0x00, 0x47, 0x70, 0x4c, 0x00, 0x47, 0x70, 0x4c, 0x00, 0x47, 0x70, 0x4c, 0x00,
    0x47, 0x70, 0x4c, 0x00, 0x47, 0x70, 0x4c, 0x00, 0x47, 0x70, 0x4c, 0x00, 0x47, 0x70, 0x4c, 0x00,
    0x47, 0x70, 0x4c, 0x00, 0x47, 0x70, 0x4c, 0x00, 0x47, 0x70, 0x4c, 0x00, 0x47, 0x70, 0x4c, 0x00,
    0x47, 0x70, 0x4c, 0x00, 0x47, 0x70, 0x4c, 0x00, 0x47, 0x70, 0x4c, 0x00, 0x47, 0x70, 0x4c, 0x00,
    0x47, 0x70, 0x4c, 0x00, 0x47, 0x70, 0x4c, 0x00, 0x47, 0x70, 0x4c, 0x00, 0x47, 0x70, 0x4c, 0x00,
    0x47, 0x70, 0x4c, 0x00, 0x47, 0x70, 0x4c, 0x00, 0x47, 0x70, 0x4c, 0x00, 0x47, 0x70, 0x4c, 0x00,
    0x47, 0x70, 0x4c, 0x00, 0x47, 0x70, 0x4c, 0x00, 0x47, 0x70, 0x4c, 0x00, 0x47, 0x70, 0x4c, 0x00,
    0x47, 0x70, 0x4c, 0x00, 0x47, 0x70, 0x4c, 0x00, 0x47, 0x70, 0x4c, 0x00, 0x47, 0x70, 0x4c, 0x00,
    0x47, 0x70, 0x4c, 0x00, 0x47, 0x70, 0x4c, 0x00, 0x47, 0x70, 0x4c, 0x00, 0x47, 0x70, 0x4c, 0x00,
    0x47, 0x70, 0x4c, 0x00, 0x47, 0x70, 0x4c, 0x00, 0x47, 0x70, 0x4c, 0x00, 0x47, 0x70, 0x4c, 0x00,
    0x47, 0x70, 0x4c, 0x00, 0x47, 0x70, 0x4c, 0x00, 0x47, 0x70, 0x4c, 0x00, 0x47, 0x70, 0x4c, 0x00,
    0x47, 0x70, 0x4c, 0x00, 0x47, 0x70, 0x4c, 0x00, 0x47, 0x70, 0x4c, 0x00, 0x47, 0x70, 0x4c, 0x00,
    0x47, 0x70, 0x4c, 0x00, 0x47, 0x70, 0x4c, 0x00, 0x47, 0x70, 0x4c, 0x00, 0x47, 0x70, 0x4c, 0x00,
    0x47, 0x70, 0x4c, 0x00, 0x47, 0x70, 0x4c, 0x00, 0x47, 0x70, 0x4c, 0x00, 0x47, 0x70, 0x4c, 0x00,
    0x47, 0x70, 0x4c, 0x00, 0x47, 0x70, 0x4c, 0x00, 0x47, 0x70, 0x4c, 0x00, 0x47, 0x70, 0x4c, 0x00,
    0x47, 0x70, 0x4c, 0x00, 0x47, 0x70, 0x4c, 0x00, 0x47, 0x70, 0x4c, 0x00, 0x47, 0x70, 0x4c, 0x00,
    0x47, 0x70, 0x4c, 0x00, 0x47, 0x70, 0x4c, 0x00, 0x47, 0x70, 0x4c, 0x00, 0x47, 0x70, 0x4c, 0x00,
    0x47, 0x70, 0x4c, 0x00, 0x47, 0x70, 0x4c, 0x00, 0x47, 0x70, 0x4c, 0x00, 0x47, 0x70, 0x4c, 0x00,
    0x47, 0x70, 0x4c, 0x00, 0x47, 0x70, 0x4c, 0x00, 0x47, 0x70, 0x4c, 0x00, 0x47, 0x70, 0x4c, 0x00,
    0x47, 0x70, 0x4c, 0x00, 0x47, 0x70, 0x4c, 0x00, 0x47, 0x70, 0x4c, 0x00, 0x47, 0x70, 0x4c, 0x00,
    0x47, 0x70, 0x4c, 0x00, 0x47, 0x70, 0x4c, 0x00, 0x47, 0x70, 0x4c, 0x00, 0x47, 0x70, 0x4c, 0x00,
    0x47, 0x70, 0x4c, 0x00, 0x47, 0x70, 0x4c, 0x00, 0x47, 0x70, 0x4c, 0x00, 0x47, 0x70, 0x4c, 0x00,
    0x47, 0x70, 0x4c, 0x00, 0x47, 0x70, 0x4c, 0x00, 0x47, 0x70, 0x4c, 0x00, 0x47, 0x70, 0x4c, 0x00,
    0x47, 0x70, 0x4c, 0x00, 0x47, 0x70, 0x4c, 0x00, 0x47, 0x70, 0x4c, 0x00, 0x47, 0x70, 0x4c, 0x00,
    0x47, 0x70, 0x4c, 0x00, 0x47, 0x70, 0x4c, 0x00, 0x47, 0x70, 0x4c, 0x00, 0x47, 0x70, 0x4c, 0x00,
    0x47, 0x70, 0x4c, 0x00, 0x47, 0x70, 0x4c, 0x00, 0x47, 0x70, 0x4c, 0x00, 0x47, 0x70, 0x4c, 0x00,
    0x47, 0x70, 0x4c, 0x00, 0x47, 0x70, 0x4c, 0x00, 0x47, 0x70, 0x4c, 0x00, 0x47, 0x70, 0x4c, 0x00,
    0x47, 0x70, 0x4c, 0x00, 0x47, 0x70, 0x4c, 0x00, 0x47, 0x70, 0x4c, 0x00, 0x47, 0x70, 0x4c, 0x00,
    0x47, 0x70, 0x4c, 0x00, 0x47, 0x70, 0x4c, 0x00, 0x47, 0x70, 0x4c, 0x00, 0x47, 0x70, 0x4c, 0x00,
    0x47, 0x70, 0x4c, 0x00, 0x47, 0x70, 0x4c, 0x00, 0x47, 0x70, 0x4c, 0x00, 0x47, 0x70, 0x4c, 0x00,
    0x47, 0x70, 0x4c, 0x00, 0x47, 0x70, 0x4c, 0x00, 0x47, 0x70, 0x4c, 0x00, 0x47, 0x70, 0x4c, 0x00,
    0x47, 0x70, 0x4c, 0x00, 0x47, 0x70, 0x4c, 0x00, 0x47, 0x70, 0x4c, 0x00, 0x47, 0x70, 0x4c, 0x00,
    0x47, 0x70, 0x4c, 0x00, 0x47, 0x70, 0x4c, 0x00, 0x47, 0x70, 0x4c, 0x00, 0x47, 0x70, 0x4c, 0x00,
    0x47, 0x70, 0x4c, 0x00, 0x47, 0x70, 0x4c, 0x00, 0x47, 0x70, 0x4c, 0x00, 0x47, 0x70, 0x4c, 0x00,
    0x47, 0x70, 0x4c, 0x00, 0x47, 0x70, 0x4c, 0x00, 0x47, 0x70, 0x4c, 0x00, 0x47, 0x70, 0x4c, 0x00,
    0x47, 0x70, 0x4c, 0x00, 0x47, 0x70, 0x4c, 0x00, 0x47, 0x70, 0x4c, 0x00, 0x47, 0x70, 0x4c, 0x00,
    0x47, 0x70, 0x4c, 0x00, 0x47, 0x70, 0x4c, 0x00, 0x47, 0x70, 0x4c, 0x00, 0x47, 0x70, 0x4c, 0x00,
    0x47, 0x70, 0x4c, 0x00, 0x47, 0x70, 0x4c, 0x00, 0x47, 0x70, 0x4c, 0x00, 0x47, 0x70, 0x4c, 0x00,
    0x47, 0x70, 0x4c, 0x00, 0x47, 0x70, 0x4c, 0x00, 0x47, 0x70, 0x4c, 0x00, 0x47, 0x70, 0x4c, 0x00,
    0x47, 0x70, 0x4c, 0x00, 0x47, 0x70, 0x4c, 0x00, 0x47, 0x70, 0x4c, 0x00, 0x47, 0x70, 0x4c, 0x00,
    0x47, 0x70, 0x4c, 0x00, 0x47, 0x70, 0x4c, 0x00, 0x47, 0x70, 0x4c, 0x00, 0x47, 0x70, 0x4c, 0x00,
    0x47, 0x70, 0x4c, 0x00, 0x47, 0x70, 0x4c, 0x00, 0x47, 0x70, 0x4c, 0x00, 0x47, 0x70, 0x4c, 0x00,
    0x47, 0x70, 0x4c, 0x00, 0x47, 0x70, 0x4c, 0x00, 0x47, 0x70, 0x4c, 0x00, 0x47, 0x70, 0x4c, 0x00,
    0x47, 0x70, 0x4c, 0x00, 0x47, 0x70, 0x4c, 0x00, 0x47, 0x70, 0x4c, 0x00, 0x47, 0x70, 0x4c, 0x00,
    0x47, 0x70, 0x4c, 0x00, 0x47, 0x70, 0x4c, 0x00, 0x47, 0x70, 0x4c, 0x00, 0x47, 0x70, 0x4c, 0x00,
    0x47, 0x70, 0x4c, 0x00, 0x47, 0x70, 0x4c, 0x00, 0x47, 0x70, 0x4c, 0x00, 0x47, 0x70, 0x4c, 0x00,
    0x47, 0x70, 0x4c, 0x00, 0x47, 0x70, 0x4c, 0x00, 0x47, 0x70, 0x4c, 0x00, 0x47, 0x70, 0x4c, 0x00,
    0x47, 0x70, 0x4c, 0x00, 0x47, 0x70, 0x4c, 0x00, 0x47, 0x70, 0x4c, 0x00, 0x47, 0x70, 0x4c, 0x00,
    0x47, 0x70, 0x4c, 0x00, 0x47, 0x70, 0x4c, 0x00, 0x47, 0x70, 0x4c, 0x00, 0x47, 0x70, 0x4c, 0x00,
    0x47, 0x70, 0x4c, 0x00, 0x47, 0x70, 0x4c, 0x00, 0x47, 0x70, 0x4c, 0x00, 0x47, 0x70, 0x4c, 0x00,
    0x47, 0x70, 0x4c, 0x00, 0x47, 0x70, 0x4c, 0x00, 0x47, 0x70, 0x4c, 0x00, 0x47, 0x70, 0x4c, 0x00,
    0x47, 0x70, 0x4c, 0x00, 0x47, 0x70, 0x4c, 0x00, 0x47, 0x70, 0x4c, 0x00, 0x47, 0x70, 0x4c, 0x00,
    0x47, 0x70, 0x4c, 0x00, 0x47, 0x70, 0x4c, 0x00, 0x47, 0x70, 0x4c, 0x00, 0x47, 0x70, 0x4c, 0x00,
    0x47, 0x70, 0x4c, 0x00, 0x47, 0x70, 0x4c, 0x00, 0x47, 0x70, 0x4c, 0x00, 0x47, 0x70, 0x4c, 0x00,
    0x47, 0x70, 0x4c, 0x00, 0x47, 0x70, 0x4c, 0x00, 0x47, 0x70, 0x4c, 0x00, 0x47, 0x70, 0x4c, 0x00,
    0x47, 0x70, 0x4c, 0x00, 0x47, 0x70, 0x4c, 0x00, 0x47, 0x70, 0x4c, 0x00, 0x47, 0x70, 0x4c, 0x00,
    0x47, 0x70, 0x4c, 0x00, 0x47, 0x70, 0x4c, 0x00, 0x47, 0x70, 0x4c, 0x00, 0x47, 0x70, 0x4c, 0x00,
    0x47, 0x70, 0x4c, 0x00, 0x47, 0x70, 0x4c, 0x00, 0x47, 0x70, 0x4c, 0x00, 0x47, 0x70, 0x4c, 0x00,
    0x47, 0x70, 0x4c, 0x00, 0x47, 0x70, 0x4c, 0x00, 0x47, 0x70, 0x4c, 0x00, 0x47, 0x70, 0x4c, 0x00,
    0x47, 0x70, 0x4c, 0x00, 0x47, 0x70, 0x4c, 0x00, 0x47, 0x70, 0x4c, 0x00, 0x47, 0x70, 0x4c, 0x00,
    0x47, 0x70, 0x4c, 0x00, 0x47, 0x70, 0x4c, 0x00, 0x47, 0x70, 0x4c, 0x00, 0x47, 0x70, 0x4c, 0x00,
    0x47, 0x70, 0x4c, 0x00, 0x47, 0x70, 0x4c, 0x00, 0x47, 0x70, 0x4c, 0x00, 0x47, 0x70, 0x4c, 0x00,
    0x47, 0x70, 0x4c, 0x00, 0x47, 0x70, 0x4c, 0x00, 0x47, 0x70, 0x4c, 0x00, 0x47, 0x70, 0x4c, 0x00,
    0x47, 0x70, 0x4c, 0x00, 0x47, 0x70, 0x4c, 0x00, 0x47, 0x70, 0x4c, 0x00, 0x47, 0x70, 0x4c, 0x00,
    0x47, 0x70, 0x4c, 0x00, 0x47, 0x70, 0x4c, 0x00, 0x47, 0x70, 0x4c, 0x00, 0x47, 0x70, 0x4c, 0x00,
    0x47, 0x70, 0x4c, 0x00, 0x47, 0x70, 0x4c, 0x00, 0x47, 0x70, 0x4c, 0x00, 0x47, 0x70, 0x4c, 0x00,
    0x47, 0x70, 0x4c, 0x00, 0x47, 0x70, 0x4c, 0x00, 0x47, 0x70, 0x4c, 0x00, 0x47, 0x70, 0x4c, 0x00,
    0x47, 0x70, 0x4c, 0x00, 0x47, 0x70, 0x4c, 0x00, 0x47, 0x70, 0x4c, 0x00, 0x47, 0x70, 0x4c, 0x00,
    0x47, 0x70, 0x4c, 0x00, 0x47, 0x70, 0x4c, 0x00, 0x47, 0x70, 0x4c, 0x00, 0x47, 0x70, 0x4c, 0x00,
    0x47, 0x70, 0x4c, 0x00, 0x47, 0x70, 0x4c, 0x00, 0x47, 0x70, 0x4c, 0x00, 0x47, 0x70, 0x4c, 0x00,
    0x47, 0x70, 0x4c, 0x00, 0x47, 0x70, 0x4c, 0x00, 0x47, 0x70, 0x4c, 0x00, 0x47, 0x70, 0x4c, 0x00,
    0x47, 0x70, 0x4c, 0x00, 0x47, 0x70, 0x4c, 0x00, 0x47, 0x70, 0x4c, 0x00, 0x47, 0x70, 0x4c, 0x00,
    0x47, 0x70, 0x4c, 0x00, 0x47, 0x70, 0x4c, 0x00, 0x47, 0x70, 0x4c, 0x00, 0x47, 0x70, 0x4c, 0x00,
    0x47, 0x70, 0x4c, 0x00, 0x47, 0x70, 0x4c, 0x00, 0x47, 0x70, 0x4c, 0x00, 0x47, 0x70, 0x4c, 0x00,
    0x47, 0x70, 0x4c, 0x00, 0x47, 0x70, 0x4c, 0x00, 0x47, 0x70, 0x4c, 0x00, 0x47, 0x70, 0x4c, 0x00,
    0x47, 0x70, 0x4c, 0x00, 0x47, 0x70, 0x4c, 0x00, 0x47, 0x70, 0x4c, 0x00, 0x47, 0x70, 0x4c, 0x00,
    0x47, 0x70, 0x4c, 0x00, 0x47, 0x70, 0x4c, 0x00, 0x47, 0x70, 0x4c, 0x00, 0x47, 0x70, 0x4c, 0x00,
    0x47, 0x70, 0x4c, 0x00, 0x47, 0x70, 0x4c, 0x00, 0x47, 0x70, 0x4c, 0x00, 0x47, 0x70, 0x4c, 0x00,
    0x47, 0x70, 0x4c, 0x00, 0x47, 0x70, 0x4c, 0x00, 0x47, 0x70, 0x4c, 0x00, 0x47, 0x70, 0x4c, 0x00,
    0x47, 0x70, 0x4c, 0x00, 0x47, 0x70, 0x4c, 0x00, 0x47, 0x70, 0x4c, 0x00, 0x47, 0x70, 0x4c, 0x00,
    0x47, 0x70, 0x4c, 0x00, 0x47, 0x70, 0x4c, 0x00, 0x47, 0x70, 0x4c, 0x00, 0x47, 0x70, 0x4c, 0x00,
    0x47, 0x70, 0x4c, 0x00, 0x47, 0x70, 0x4c, 0x00, 0x47, 0x70, 0x4c, 0x00, 0x47, 0x70, 0x4c, 0x00,
    0x47, 0x70, 0x4c, 0x00, 0x47, 0x70, 0x4c, 0x00, 0x47, 0x70, 0x4c, 0x00, 0x47, 0x70, 0x4c, 0x00,
    0x47, 0x70, 0x4c, 0x00, 0x47, 0x70, 0x4c, 0x00, 0x47, 0x70, 0x4c, 0x00, 0x47, 0x70, 0x4c, 0x00,
    0x47, 0x70, 0x4c, 0x00, 0x47, 0x70, 0x4c, 0x00, 0x47, 0x70, 0x4c, 0x00, 0x47, 0x70, 0x4c, 0x00,
    0x47, 0x70, 0x4c, 0x00, 0x47, 0x70, 0x4c, 0x00, 0x47, 0x70, 0x4c, 0x00, 0x47, 0x70, 0x4c, 0x00,
    0x47, 0x70, 0x4c, 0x00, 0x47, 0x70, 0x4c, 0x00, 0x47, 0x70, 0x4c, 0x00, 0x47, 0x70, 0x4c, 0x00,
    0x47, 0x70, 0x4c, 0x00, 0x47, 0x70, 0x4c, 0x00, 0x47, 0x70, 0x4c, 0x00, 0x47, 0x70, 0x4c, 0x00,
    0x47, 0x70, 0x4c, 0x00, 0x47, 0x70, 0x4c, 0x00, 0x47, 0x70, 0x4c, 0x00, 0x47, 0x70, 0x4c, 0x00,
    0x47, 0x70, 0x4c, 0x00, 0x47, 0x70, 0x4c, 0x00, 0x47, 0x70, 0x4c, 0x00, 0x47, 0x70, 0x4c, 0x00,
    0x47, 0x70, 0x4c, 0x00, 0x47, 0x70, 0x4c, 0x00, 0x47, 0x70, 0x4c, 0x00, 0x47, 0x70, 0x4c, 0x00,
    0x47, 0x70, 0x4c, 0x00, 0x47, 0x70, 0x4c, 0x00, 0x47, 0x70, 0x4c, 0x00, 0x47, 0x70, 0x4c, 0x00,
    0x47, 0x70, 0x4c, 0x00, 0x47, 0x70, 0x4c, 0x00, 0x47, 0x70, 0x4c, 0x00, 0x47, 0x70, 0x4c, 0x00,
    0x47, 0x70, 0x4c, 0x00, 0x47, 0x70, 0x4c, 0x00, 0x47, 0x70, 0x4c, 0x00, 0x47, 0x70, 0x4c, 0x00,
    0x47, 0x70, 0x4c, 0x00, 0x47, 0x70, 0x4c, 0x00, 0x47, 0x70, 0x4c, 0x00, 0x47, 0x70, 0x4c, 0x00,
    0x47, 0x70, 0x4c, 0x00, 0x47, 0x70, 0x4c, 0x00, 0x47, 0x70, 0x4c, 0x00, 0x47, 0x70, 0x4c, 0x00,
    0x47, 0x70, 0x4c, 0x00, 0x47, 0x70, 0x4c, 0x00, 0x47, 0x70, 0x4c, 0x00, 0x47, 0x70, 0x4c, 0x00,
    0x47, 0x70, 0x4c, 0x00, 0x47, 0x70, 0x4c, 0x00, 0x47, 0x70, 0x4c, 0x00, 0x47, 0x70, 0x4c, 0x00,
    0x47, 0x70, 0x4c, 0x00, 0x47, 0x70, 0x4c, 0x00, 0x47, 0x70, 0x4c, 0x00, 0x47, 0x70, 0x4c, 0x00,
    0x47, 0x70, 0x4c, 0x00, 0x47, 0x70, 0x4c, 0x00, 0x47, 0x70, 0x4c, 0x00, 0x47, 0x70, 0x4c, 0x00,
    0x47, 0x70, 0x4c, 0x00, 0x47, 0x70, 0x4c, 0x00, 0x47, 0x70, 0x4c, 0x00, 0x47, 0x70, 0x4c, 0x00,
    0x47, 0x70, 0x4c, 0x00, 0x47, 0x70, 0x4c, 0x00, 0x47, 0x70, 0x4c, 0x00, 0x47, 0x70, 0x4c, 0x00,
    0x47, 0x70, 0x4c, 0x00, 0x47, 0x70, 0x4c, 0x00, 0x47, 0x70, 0x4c, 0x00, 0x47, 0x70, 0x4c, 0x00,
    0x47, 0x70, 0x4c, 0x00, 0x47, 0x70, 0x4c, 0x00, 0x47, 0x70, 0x4c, 0x00, 0x47, 0x70, 0x4c, 0x00,
    0x47, 0x70, 0x4c, 0x00, 0x47, 0x70, 0x4c, 0x00, 0x47, 0x70, 0x4c, 0x00, 0x47, 0x70, 0x4c, 0x00,
    0x47, 0x70, 0x4c, 0x00, 0x47, 0x70, 0x4c, 0x00, 0x47, 0x70, 0x4c, 0x00, 0x47, 0x70, 0x4c, 0x00,
    0x47, 0x70, 0x4c, 0x00, 0x47, 0x70, 0x4c, 0x00, 0x47, 0x70, 0x4c, 0x00, 0x47, 0x70, 0x4c, 0x00,
    0x47, 0x70, 0x4c, 0x00, 0x47, 0x70, 0x4c, 0x00, 0x47, 0x70, 0x4c, 0x00, 0x47, 0x70, 0x4c, 0x00,
    0x47, 0x70, 0x4c, 0x00, 0x47, 0x70, 0x4c, 0x00, 0x47, 0x70, 0x4c, 0x00, 0x47, 0x70, 0x4c, 0x00,
    0x47, 0x70, 0x4c, 0x00, 0x47, 0x70, 0x4c, 0x00, 0x47, 0x70, 0x4c, 0x00, 0x47, 0x70, 0x4c, 0x00,
    0x47, 0x70, 0x4c, 0x00, 0x47, 0x70, 0x4c, 0x00, 0x47, 0x70, 0x4c, 0x00, 0x47, 0x70, 0x4c, 0x00,
    0x47, 0x70, 0x4c, 0x00, 0x47, 0x70, 0x4c, 0x00, 0x47, 0x70, 0x4c, 0x00, 0x47, 0x70, 0x4c, 0x00,
    0x47, 0x70, 0x4c, 0x00, 0x47, 0x70, 0x4c, 0x00, 0x47, 0x70, 0x4c, 0x00, 0x47, 0x70, 0x4c, 0x00,
    0x47, 0x70, 0x4c, 0x00, 0x47, 0x70, 0x4c, 0x00, 0x47, 0x70, 0x4c, 0x00, 0x47, 0x70, 0x4c, 0x00,
    0x47, 0x70, 0x4c, 0x00, 0x47, 0x70, 0x4c, 0x00, 0x47, 0x70, 0x4c, 0x00, 0x47, 0x70, 0x4c, 0x00,
    0x47, 0x70, 0x4c, 0x00, 0x47, 0x70, 0x4c, 0x00, 0x47, 0x70, 0x4c, 0x00, 0x47, 0x70, 0x4c, 0x00,
    0x47, 0x70, 0x4c, 0x00, 0x47, 0x70, 0x4c, 0x00, 0x47, 0x70, 0x4c, 0x00, 0x47, 0x70, 0x4c, 0x00,
    0x47, 0x70, 0x4c, 0x00, 0x47, 0x70, 0x4c, 0x00, 0x47, 0x70, 0x4c, 0x00, 0x47, 0x70, 0x4c, 0x00,
    0x47, 0x70, 0x4c, 0x00, 0x47, 0x70, 0x4c, 0x00, 0x47, 0x70, 0x4c, 0x00, 0x47, 0x70, 0x4c, 0x00,
    0x47, 0x70, 0x4c, 0x00, 0x47, 0x70, 0x4c, 0x00, 0x47, 0x70, 0x4c, 0x00, 0x47, 0x70, 0x4c, 0x00,
    0x47, 0x70, 0x4c, 0x00, 0x47, 0x70, 0x4c, 0x00, 0x47, 0x70, 0x4c, 0x00, 0x47, 0x70, 0x4c, 0x00,
    0x47, 0x70, 0x4c, 0x00, 0x47, 0x70, 0x4c, 0x00, 0x47, 0x70, 0x4c, 0x00, 0x47, 0x70, 0x4c, 0x00,
    0x47, 0x70, 0x4c, 0x00, 0x47, 0x70, 0x4c, 0x00, 0x47, 0x70, 0x4c, 0x00, 0x47, 0x70, 0x4c, 0x00,
    0x47, 0x70, 0x4c, 0x00, 0x47, 0x70, 0x4c, 0x00, 0x47, 0x70, 0x4c, 0x00, 0x47, 0x70, 0x4c, 0x00,
    0x47, 0x70, 0x4c, 0x00, 0x47, 0x70, 0x4c, 0x00, 0x47, 0x70, 0x4c, 0x00, 0x47, 0x70, 0x4c, 0x00,
    0x47, 0x70, 0x4c, 0x00, 0x47, 0x70, 0x4c, 0x00, 0x47, 0x70, 0x4c, 0x00, 0x47, 0x70, 0x4c, 0x00,
    0x47, 0x70, 0x4c, 0x00, 0x47, 0x70, 0x4c, 0x00, 0x47, 0x70, 0x4c, 0x00, 0x47, 0x70, 0x4c, 0x00,
    0x47, 0x70, 0x4c, 0x00, 0x47, 0x70, 0x4c, 0x00, 0x47, 0x70, 0x4c, 0x00, 0x47, 0x70, 0x4c, 0x00,
    0x47, 0x70, 0x4c, 0x00, 0x47, 0x70, 0x4c, 0x00, 0x47, 0x70, 0x4c, 0x00, 0x47, 0x70, 0x4c, 0x00,
    0x47, 0x70, 0x4c, 0x00, 0x47, 0x70, 0x4c, 0x00, 0x47, 0x70, 0x4c, 0x00, 0x47, 0x70, 0x4c, 0x00,
    0x47, 0x70, 0x4c, 0x00, 0x47, 0x70, 0x4c, 0x00, 0x47, 0x70, 0x4c, 0x00, 0x47, 0x70, 0x4c, 0x00,
    0x47, 0x70, 0x4c, 0x00, 0x47, 0x70, 0x4c, 0x00, 0x47, 0x70, 0x4c, 0x00, 0x47, 0x70, 0x4c, 0x00,
    0x47, 0x70, 0x4c, 0x00, 0x47, 0x70, 0x4c, 0x00, 0x47, 0x70, 0x4c, 0x00, 0x47, 0x70, 0x4c, 0x00,
    0x47, 0x70, 0x4c, 0x00, 0x47, 0x70, 0x4c, 0x00, 0x47, 0x70, 0x4c, 0x00, 0x47, 0x70, 0x4c, 0x00,
    0x47, 0x70, 0x4c, 0x00, 0x47, 0x70, 0x4c, 0x00, 0x47, 0x70, 0x4c, 0x00, 0x47, 0x70, 0x4c, 0x00,
    0x47, 0x70, 0x4c, 0x00, 0x47, 0x70, 0x4c, 0x00, 0x47, 0x70, 0x4c, 0x00, 0x47, 0x70, 0x4c, 0x00,
    0x47, 0x70, 0x4c, 0x00, 0x47, 0x70, 0x4c, 0x00, 0x47, 0x70, 0x4c, 0x00, 0x47, 0x70, 0x4c, 0x00,
    0x47, 0x70, 0x4c, 0x00, 0x47, 0x70, 0x4c, 0x00, 0x47, 0x70, 0x4c, 0x00, 0x47, 0x70, 0x4c, 0x00,
    0x47, 0x70, 0x4c, 0x00, 0x47, 0x70, 0x4c, 0x00, 0x47, 0x70, 0x4c, 0x00, 0x47, 0x70, 0x4c, 0x00,
    0x47, 0x70, 0x4c, 0x00, 0x47, 0x70, 0x4c, 0x00, 0x47, 0x70, 0x4c, 0x00, 0x47, 0x70, 0x4c, 0x00,
    0x47, 0x70, 0x4c, 0x00, 0x47, 0x70, 0x4c, 0x00, 0x47, 0x70, 0x4c, 0x00, 0x47, 0x70, 0x4c, 0x00,
    0x47, 0x70, 0x4c, 0x00, 0x47, 0x70, 0x4c, 0x00, 0x47, 0x70, 0x4c, 0x00, 0x47, 0x70, 0x4c, 0x00,
    0x47, 0x70, 0x4c, 0x00, 0x47, 0x70, 0x4c, 0x00, 0x47, 0x70, 0x4c, 0x00, 0x47, 0x70, 0x4c, 0x00,
    0x47, 0x70, 0x4c, 0x00, 0x47, 0x70, 0x4c, 0x00, 0x47, 0x70, 0x4c, 0x00, 0x47, 0x70, 0x4c, 0x00,
    0x47, 0x70, 0x4c, 0x00, 0x47, 0x70, 0x4c, 0x00, 0x47, 0x70, 0x4c, 0x00, 0x47, 0x70, 0x4c, 0x00,
    0x47, 0x70, 0x4c, 0x00, 0x47, 0x70, 0x4c, 0x00, 0x47, 0x70, 0x4c, 0x00, 0x47, 0x70, 0x4c, 0x00,
    0x47, 0x70, 0x4c, 0x00, 0x47, 0x70, 0x4c, 0x00, 0x47, 0x70, 0x4c, 0x00, 0x47, 0x70, 0x4c, 0x00,
    0x47, 0x70, 0x4c, 0x00, 0x47, 0x70, 0x4c, 0x00, 0x47, 0x70, 0x4c, 0x00, 0x47, 0x70, 0x4c, 0x00,
    0x47, 0x70, 0x4c, 0x00, 0x47, 0x70, 0x4c, 0x00, 0x47, 0x70, 0x4c, 0x00, 0x47, 0x70, 0x4c, 0x00,
    0x47, 0x70, 0x4c, 0x00, 0x47, 0x70, 0x4c, 0x00, 0x47, 0x70, 0x4c, 0x00, 0x47, 0x70, 0x4c, 0x00,
    0x47, 0x70, 0x4c, 0x00, 0x47, 0x70, 0x4c, 0x00, 0x47, 0x70, 0x4c, 0x00, 0x47, 0x70, 0x4c, 0x00,
    0x47, 0x70, 0x4c, 0x00, 0x47, 0x70, 0x4c, 0x00, 0x47, 0x70, 0x4c, 0x00, 0x47, 0x70, 0x4c, 0x00,
    0x47, 0x70, 0x4c, 0x00, 0x47, 0x70, 0x4c, 0x00, 0x47, 0x70, 0x4c, 0x00, 0x47, 0x70, 0x4c, 0x00,
    0x47, 0x70, 0x4c, 0x00, 0x47, 0x70, 0x4c, 0x00, 0x47, 0x70, 0x4c, 0x00, 0x47, 0x70, 0x4c, 0x00,
    0x47, 0x70, 0x4c, 0x00, 0x47, 0x70, 0x4c, 0x00, 0x47, 0x70, 0x4c, 0x00, 0x47, 0x70, 0x4c, 0x00,
    0x47, 0x70, 0x4c, 0x00, 0x47, 0x70, 0x4c, 0x00, 0x47, 0x70, 0x4c, 0x00, 0x47, 0x70, 0x4c, 0x00,
    0x47, 0x70, 0x4c, 0x00, 0x47, 0x70, 0x4c, 0x00, 0x47, 0x70, 0x4c, 0x00, 0x47, 0x70, 0x4c, 0x00,
    0x47, 0x70, 0x4c, 0x00, 0x47, 0x70, 0x4c, 0x00, 0x47, 0x70, 0x4c, 0x00, 0x47, 0x70, 0x4c, 0x00,
    0x47, 0x70, 0x4c, 0x00, 0x47, 0x70, 0x4c, 0x00, 0x47, 0x70, 0x4c, 0x00, 0x47, 0x70, 0x4c, 0x00,
    0x47, 0x70, 0x4c, 0x00, 0x47, 0x70, 0x4c, 0x00, 0x47, 0x70, 0x4c, 0x00, 0x47, 0x70, 0x4c, 0x00,
    0x47, 0x70, 0x4c, 0x00, 0x47, 0x70, 0x4c, 0x00, 0x47, 0x70, 0x4c, 0x00, 0x47, 0x70, 0x4c, 0x00,
    0x47, 0x70, 0x4c, 0x00, 0x47, 0x70, 0x4c, 0x00, 0x47, 0x70, 0x4c, 0x00, 0x47, 0x70, 0x4c, 0x00,
    0x47, 0x70, 0x4c, 0x00, 0x47, 0x70, 0x4c, 0x00, 0x47, 0x70, 0x4c, 0x00, 0x47, 0x70, 0x4c, 0x00,
    0x47, 0x70, 0x4c, 0x00, 0x47, 0x70, 0x4c, 0x00, 0x47, 0x70, 0x4c, 0x00, 0x47, 0x70, 0x4c, 0x00,
    0x47, 0x70, 0x4c, 0x00, 0x47, 0x70, 0x4c, 0x00, 0x47, 0x70, 0x4c, 0x00, 0x47, 0x70, 0x4c, 0x00,
    0x47, 0x70, 0x4c, 0x00, 0x47, 0x70, 0x4c, 0x00, 0x47, 0x70, 0x4c, 0x00, 0x47, 0x70, 0x4c, 0x00,
    0x47, 0x70, 0x4c, 0x00, 0x47, 0x70, 0x4c, 0x00, 0x47, 0x70, 0x4c, 0x00, 0x47, 0x70, 0x4c, 0x00,
    0x47, 0x70, 0x4c, 0x00, 0x47, 0x70, 0x4c, 0x00, 0x47, 0x70, 0x4c, 0x00, 0x47, 0x70, 0x4c, 0x00,
    0x47, 0x70, 0x4c, 0x00, 0x47, 0x70, 0x4c, 0x00, 0x47, 0x70, 0x4c, 0x00, 0x47, 0x70, 0x4c, 0x00,
    0x47, 0x70, 0x4c, 0x00, 0x47, 0x70, 0x4c, 0x00, 0x47, 0x70, 0x4c, 0x00, 0x47, 0x70, 0x4c, 0x00,
    0x47, 0x70, 0x4c, 0x00, 0x47, 0x70, 0x4c, 0x00, 0x47, 0x70, 0x4c, 0x00, 0x47, 0x70, 0x4c, 0x00,
    0x47, 0x70, 0x4c, 0x00, 0x47, 0x70, 0x4c, 0x00, 0x47, 0x70, 0x4c, 0x00, 0x47, 0x70, 0x4c, 0x00,
    0x47, 0x70, 0x4c, 0x00, 0x47, 0x70, 0x4c, 0x00, 0x47, 0x70, 0x4c, 0x00, 0x47, 0x70, 0x4c, 0x00,
    0x47, 0x70, 0x4c, 0x00, 0x47, 0x70, 0x4c, 0x00, 0x47, 0x70, 0x4c, 0x00, 0x47, 0x70, 0x4c, 0x00,
    0x47, 0x70, 0x4c, 0x00, 0x47, 0x70, 0x4c, 0x00, 0x47, 0x70, 0x4c, 0x00, 0x47, 0x70, 0x4c, 0x00,
    0x47, 0x70, 0x4c, 0x00, 0x47, 0x70, 0x4c, 0x00, 0x47, 0x70, 0x4c, 0x00, 0x47, 0x70, 0x4c, 0x00,
    0x47, 0x70, 0x4c, 0x00, 0x47, 0x70, 0x4c, 0x00, 0x47, 0x70, 0x4c, 0x00, 0x47, 0x70, 0x4c, 0x00,
    0x47, 0x70, 0x4c, 0x00, 0x47, 0x70, 0x4c, 0x00, 0x47, 0x70, 0x4c, 0x00, 0x47, 0x70, 0x4c, 0x00,
    0x47, 0x70, 0x4c, 0x00, 0x47, 0x70, 0x4c, 0x00, 0x47, 0x70, 0x4c, 0x00, 0x47, 0x70, 0x4c, 0x00,
    0x47, 0x70, 0x4c, 0x00, 0x47, 0x70, 0x4c, 0x00, 0x47, 0x70, 0x4c, 0x00, 0x47, 0x70, 0x4c, 0x00,
    0x47, 0x70, 0x4c, 0x00, 0x47, 0x70, 0x4c, 0x00, 0x47, 0x70, 0x4c, 0x00, 0x47, 0x70, 0x4c, 0x00,
    0x47, 0x70, 0x4c, 0x00, 0x47, 0x70, 0x4c, 0x00, 0x47, 0x70, 0x4c, 0x00, 0x47, 0x70, 0x4c, 0x00,
    0x47, 0x70, 0x4c, 0x00, 0x47, 0x70, 0x4c, 0x00, 0x47, 0x70, 0x4c, 0x00, 0x47, 0x70, 0x4c, 0x00,
    0x47, 0x70, 0x4c, 0x00, 0x47, 0x70, 0x4c, 0x00, 0x47, 0x70, 0x4c, 0x00, 0x47, 0x70, 0x4c, 0x00,
    0x47, 0x70, 0x4c, 0x00, 0x47, 0x70, 0x4c, 0x00, 0x47, 0x70, 0x4c, 0x00, 0x47, 0x70, 0x4c, 0x00,
    0x47, 0x70, 0x4c, 0x00, 0x47, 0x70, 0x4c, 0x00, 0x47, 0x70, 0x4c, 0x00, 0x47, 0x70, 0x4c, 0x00,
    0x47, 0x70, 0x4c, 0x00, 0x47, 0x70, 0x4c, 0x00, 0x47, 0x70, 0x4c, 0x00, 0x47, 0x70, 0x4c, 0x00,
    0x47, 0x70, 0x4c, 0x00, 0x47, 0x70, 0x4c, 0x00, 0x47, 0x70, 0x4c, 0x00, 0x47, 0x70, 0x4c, 0x00,
    0x47, 0x70, 0x4c, 0x00, 0x47, 0x70, 0x4c, 0x00, 0x47, 0x70, 0x4c, 0x00, 0x47, 0x70, 0x4c, 0x00,
    0x47, 0x70, 0x4c, 0x00, 0x47, 0x70, 0x4c, 0x00, 0x47, 0x70, 0x4c, 0x00, 0x47, 0x70, 0x4c, 0x00,
    0x47, 0x70, 0x4c, 0x00, 0x47, 0x70, 0x4c, 0x00, 0x47, 0x70, 0x4c, 0x00, 0x47, 0x70, 0x4c, 0x00,
    0x47, 0x70, 0x4c, 0x00, 0x47, 0x70, 0x4c, 0x00, 0x47, 0x70, 0x4c, 0x00, 0x47, 0x70, 0x4c, 0x00,
    0x47, 0x70, 0x4c, 0x00, 0x47, 0x70, 0x4c, 0x00, 0x47, 0x70, 0x4c, 0x00, 0x47, 0x70, 0x4c, 0x00,
    0x47, 0x70, 0x4c, 0x00, 0x47, 0x70, 0x4c, 0x00, 0x47, 0x70, 0x4c, 0x00, 0x47, 0x70, 0x4c, 0x00,
    0x47, 0x70, 0x4c, 0x00, 0x47, 0x70, 0x4c, 0x00, 0x47, 0x70, 0x4c, 0x00, 0x47, 0x70, 0x4c, 0x00,
    0x47, 0x70, 0x4c, 0x00, 0x47, 0x70, 0x4c, 0x00, 0x47, 0x70, 0x4c, 0x00, 0x47, 0x70, 0x4c, 0x00,
    0x47, 0x70, 0x4c, 0x00, 0x47, 0x70, 0x4c, 0x00, 0x47, 0x70, 0x4c, 0x00, 0x47, 0x70, 0x4c, 0x00,
    0x47, 0x70, 0x4c, 0x00, 0x47, 0x70, 0x4c, 0x00, 0x47, 0x70, 0x4c, 0x00, 0x47, 0x70, 0x4c, 0x00,
    0x47, 0x70, 0x4c, 0x00, 0x47, 0x70, 0x4c, 0x00, 0x47, 0x70, 0x4c, 0x00, 0x47, 0x70, 0x4c, 0x00,
    0x47, 0x70, 0x4c, 0x00, 0x47, 0x70, 0x4c, 0x00, 0x47, 0x70, 0x4c, 0x00, 0x47, 0x70, 0x4c, 0x00,
    0x47, 0x70, 0x4c, 0x00, 0x47, 0x70, 0x4c, 0x00, 0x47, 0x70, 0x4c, 0x00, 0x47, 0x70, 0x4c, 0x00,
    0x47, 0x70, 0x4c, 0x00, 0x47, 0x70, 0x4c, 0x00, 0x47, 0x70, 0x4c, 0x00, 0x47, 0x70, 0x4c, 0x00,
    0x47, 0x70, 0x4c, 0x00, 0x47, 0x70, 0x4c, 0x00, 0x47, 0x70, 0x4c, 0x00, 0x47, 0x70, 0x4c, 0x00,
    0x47, 0x70, 0x4c, 0x00, 0x47, 0x70, 0x4c, 0x00, 0x47, 0x70, 0x4c, 0x00, 0x47, 0x70, 0x4c, 0x00,
    0x47, 0x70, 0x4c, 0x00, 0x47, 0x70, 0x4c, 0x00, 0x47, 0x70, 0x4c, 0x00, 0x47, 0x70, 0x4c, 0x00,
    0x47, 0x70, 0x4c, 0x00, 0x47, 0x70, 0x4c, 0x00, 0x47, 0x70, 0x4c, 0x00, 0x47, 0x70, 0x4c, 0x00,
    0x47, 0x70, 0x4c, 0x00, 0x47, 0x70, 0x4c, 0x00, 0x47, 0x70, 0x4c, 0x00, 0x47, 0x70, 0x4c, 0x00,
    0x47, 0x70, 0x4c, 0x00, 0x47, 0x70, 0x4c, 0x00, 0x47, 0x70, 0x4c, 0x00, 0x47, 0x70, 0x4c, 0x00,
    0x47, 0x70, 0x4c, 0x00, 0x47, 0x70, 0x4c, 0x00, 0x47, 0x70, 0x4c, 0x00, 0x47, 0x70, 0x4c, 0x00,
    0x47, 0x70, 0x4c, 0x00, 0x47, 0x70, 0x4c, 0x00, 0x47, 0x70, 0x4c, 0x00, 0x47, 0x70, 0x4c, 0x00,
    0x47, 0x70, 0x4c, 0x00, 0x47, 0x70, 0x4c, 0x00, 0x47, 0x70, 0x4c, 0x00, 0x47, 0x70, 0x4c, 0x00,
    0x47, 0x70, 0x4c, 0x00, 0x47, 0x70, 0x4c, 0x00, 0x47, 0x70, 0x4c, 0x00, 0x47, 0x70, 0x4c, 0x00,
    0x47, 0x70, 0x4c, 0x00, 0x47, 0x70, 0x4c, 0x00, 0x47, 0x70, 0x4c, 0x00, 0x47, 0x70, 0x4c, 0x00,
    0x47, 0x70, 0x4c, 0x00, 0x47, 0x70, 0x4c, 0x00, 0x47, 0x70, 0x4c, 0x00, 0x47, 0x70, 0x4c, 0x00,
    0x47, 0x70, 0x4c, 0x00, 0x47, 0x70, 0x4c, 0x00, 0x47, 0x70, 0x4c, 0x00, 0x47, 0x70, 0x4c, 0x00,
    0x47, 0x70, 0x4c, 0x00, 0x47, 0x70, 0x4c, 0x00, 0x47, 0x70, 0x4c, 0x00, 0x47, 0x70, 0x4c, 0x00,
    0x47, 0x70, 0x4c, 0x00, 0x47, 0x70, 0x4c, 0x00, 0x47, 0x70, 0x4c, 0x00, 0x47, 0x70, 0x4c, 0x00,
    0x47, 0x70, 0x4c, 0x00, 0x47, 0x70, 0x4c, 0x00, 0x47, 0x70, 0x4c, 0x00, 0x47, 0x70, 0x4c, 0x00,
    0x47, 0x70, 0x4c, 0x00, 0x47, 0x70, 0x4c, 0x00, 0x47, 0x70, 0x4c, 0x00, 0x47, 0x70, 0x4c, 0x00,
    0x47, 0x70, 0x4c, 0x00, 0x47, 0x70, 0x4c, 0x00, 0x47, 0x70, 0x4c, 0x00, 0x47, 0x70, 0x4c, 0x00,
    0x47, 0x70, 0x4c, 0x00, 0x47, 0x70, 0x4c, 0x00, 0x47, 0x70, 0x4c, 0x00, 0x47, 0x70, 0x4c, 0x00,
    0x47, 0x70, 0x4c, 0x00, 0x47, 0x70, 0x4c, 0x00, 0x47, 0x70, 0x4c, 0x00, 0x47, 0x70, 0x4c, 0x00,
    0x47, 0x70, 0x4c, 0x00, 0x47, 0x70, 0x4c, 0x00, 0x47, 0x70, 0x4c, 0x00, 0x47, 0x70, 0x4c, 0x00,
    0x47, 0x70, 0x4c, 0x00, 0x47, 0x70, 0x4c, 0x00, 0x47, 0x70, 0x4c, 0x00, 0x47, 0x70, 0x4c, 0x00,
    0x47, 0x70, 0x4c, 0x00, 0x47, 0x70, 0x4c, 0x00, 0x47, 0x70, 0x4c, 0x00, 0x47, 0x70, 0x4c, 0x00,
    0x47, 0x70, 0x4c, 0x00, 0x47, 0x70, 0x4c, 0x00, 0x47, 0x70, 0x4c, 0x00, 0x47, 0x70, 0x4c, 0x00,
    0x47, 0x70, 0x4c, 0x00, 0x47, 0x70, 0x4c, 0x00, 0x47, 0x70, 0x4c, 0x00, 0x47, 0x70, 0x4c, 0x00,
    0x47, 0x70, 0x4c, 0x00, 0x47, 0x70, 0x4c, 0x00, 0x47, 0x70, 0x4c, 0x00, 0x47, 0x70, 0x4c, 0x00,
    0x47, 0x70, 0x4c, 0x00, 0x47, 0x70, 0x4c, 0x00, 0x47, 0x70, 0x4c, 0x00, 0x47, 0x70, 0x4c, 0x00,
    0x47, 0x70, 0x4c, 0x00, 0x47, 0x70, 0x4c, 0x00, 0x47, 0x70, 0x4c, 0x00, 0x47, 0x70, 0x4c, 0x00,
    0x47, 0x70, 0x4c, 0x00, 0x47, 0x70, 0x4c, 0x00, 0x47, 0x70, 0x4c, 0x00, 0x47, 0x70, 0x4c, 0x00,
    0x47, 0x70, 0x4c, 0x00, 0x47, 0x70, 0x4c, 0x00, 0x47, 0x70, 0x4c, 0x00, 0x47, 0x70, 0x4c, 0x00,
    0x47, 0x70, 0x4c, 0x00, 0x47, 0x70, 0x4c, 0x00, 0x47, 0x70, 0x4c, 0x00, 0x47, 0x70, 0x4c, 0x00,
    0x47, 0x70, 0x4c, 0x00, 0x47, 0x70, 0x4c, 0x00, 0x47, 0x70, 0x4c, 0x00, 0x47, 0x70, 0x4c, 0x00,
    0x47, 0x70, 0x4c, 0x00, 0x47, 0x70, 0x4c, 0x00, 0x47, 0x70, 0x4c, 0x00, 0x47, 0x70, 0x4c, 0x00,
    0x47, 0x70, 0x4c, 0x00, 0x47, 0x70, 0x4c, 0x00, 0x47, 0x70, 0x4c, 0x00, 0x47, 0x70, 0x4c, 0x00,
    0x47, 0x70, 0x4c, 0x00, 0x47, 0x70, 0x4c, 0x00, 0x47, 0x70, 0x4c, 0x00, 0x47, 0x70, 0x4c, 0x00,
    0x47, 0x70, 0x4c, 0x00, 0x47, 0x70, 0x4c, 0x00, 0x47, 0x70, 0x4c, 0x00, 0x47, 0x70, 0x4c, 0x00,
    0x47, 0x70, 0x4c, 0x00, 0x47, 0x70, 0x4c, 0x00, 0x47, 0x70, 0x4c, 0x00, 0x47, 0x70, 0x4c, 0x00,
    0x47, 0x70, 0x4c, 0x00, 0x47, 0x70, 0x4c, 0x00, 0x47, 0x70, 0x4c, 0x00, 0x47, 0x70, 0x4c, 0x00,
    0x47, 0x70, 0x4c, 0x00, 0x47, 0x70, 0x4c, 0x00, 0x47, 0x70, 0x4c, 0x00, 0x47, 0x70, 0x4c, 0x00,
    0x47, 0x70, 0x4c, 0x00, 0x47, 0x70, 0x4c, 0x00, 0x47, 0x70, 0x4c, 0x00, 0x47, 0x70, 0x4c, 0x00,
    0x47, 0x70, 0x4c, 0x00, 0x47, 0x70, 0x4c, 0x00, 0x47, 0x70, 0x4c, 0x00, 0x47, 0x70, 0x4c, 0x00,
    0x47, 0x70, 0x4c, 0x00, 0x47, 0x70, 0x4c, 0x00, 0x47, 0x70, 0x4c, 0x00, 0x47, 0x70, 0x4c, 0x00,
    0x47, 0x70, 0x4c, 0x00, 0x47, 0x70, 0x4c, 0x00, 0x47, 0x70, 0x4c, 0x00, 0x47, 0x70, 0x4c, 0x00,
    0x47, 0x70, 0x4c, 0x00, 0x47, 0x70, 0x4c, 0x00, 0x47, 0x70, 0x4c, 0x00, 0x47, 0x70, 0x4c, 0x00,
    0x47, 0x70, 0x4c, 0x00, 0x47, 0x70, 0x4c, 0x00, 0x47, 0x70, 0x4c, 0x00, 0x47, 0x70, 0x4c, 0x00,
    0x47, 0x70, 0x4c, 0x00, 0x47, 0x70, 0x4c, 0x00, 0x47, 0x70, 0x4c, 0x00, 0x47, 0x70, 0x4c, 0x00,
    0x47, 0x70, 0x4c, 0x00, 0x47, 0x70, 0x4c, 0x00, 0x47, 0x70, 0x4c, 0x00, 0x47, 0x70, 0x4c, 0x00,
    0x47, 0x70, 0x4c, 0x00, 0x47, 0x70, 0x4c, 0x00, 0x47, 0x70, 0x4c, 0x00, 0x47, 0x70, 0x4c, 0x00,
    0x47, 0x70, 0x4c, 0x00, 0x47, 0x70, 0x4c, 0x00, 0x47, 0x70, 0x4c, 0x00, 0x47, 0x70, 0x4c, 0x00,
    0x47, 0x70, 0x4c, 0x00, 0x47, 0x70, 0x4c, 0x00, 0x47, 0x70, 0x4c, 0x00, 0x47, 0x70, 0x4c, 0x00,
    0x47, 0x70, 0x4c, 0x00, 0x47, 0x70, 0x4c, 0x00, 0x47, 0x70, 0x4c, 0x00, 0x47, 0x70, 0x4c, 0x00,
    0x47, 0x70, 0x4c, 0x00, 0x47, 0x70, 0x4c, 0x00, 0x47, 0x70, 0x4c, 0x00, 0x47, 0x70, 0x4c, 0x00,
    0x47, 0x70, 0x4c, 0x00, 0x47, 0x70, 0x4c, 0x00, 0x47, 0x70, 0x4c, 0x00, 0x47, 0x70, 0x4c, 0x00,
    0x47, 0x70, 0x4c, 0x00, 0xc8, 0xbb, 0xcc, 0x05, 0xee, 0xea, 0xef, 0x3f, 0xf4, 0xf1, 0xf5, 0x78,
    0xf4, 0xf2, 0xf5, 0x82, 0xef, 0xec, 0xf0, 0x4a, 0xd8, 0xce, 0xdb, 0x0a, 0x47, 0x70, 0x4c, 0x00,
    0x47, 0x70, 0x4c, 0x00, 0x47, 0x70, 0x4c, 0x00, 0x47, 0x70, 0x4c, 0x00, 0x47, 0x70, 0x4c, 0x00,
    0x47, 0x70, 0x4c, 0x00, 0x47, 0x70, 0x4c, 0x00, 0x47, 0x70, 0x4c, 0x00, 0x47, 0x70, 0x4c, 0x00,
    0x47, 0x70, 0x4c, 0x00, 0x47, 0x70, 0x4c, 0x00, 0x47, 0x70, 0x4c, 0x00, 0x47, 0x70, 0x4c, 0x00,
    0x47, 0x70, 0x4c, 0x00, 0x47, 0x70, 0x4c, 0x00, 0x47, 0x70, 0x4c, 0x00, 0x47, 0x70, 0x4c, 0x00,
    0x47, 0x70, 0x4c, 0x00, 0x47, 0x70, 0x4c, 0x00, 0x47, 0x70, 0x4c, 0x00, 0x47, 0x70, 0x4c, 0x00,
    0x47, 0x70, 0x4c, 0x00, 0x47, 0x70, 0x4c, 0x00, 0x47, 0x70, 0x4c, 0x00, 0x47, 0x70, 0x4c, 0x00,
    0x47, 0x70, 0x4c, 0x00, 0x47, 0x70, 0x4c, 0x00, 0x47, 0x70, 0x4c, 0x00, 0x47, 0x70, 0x4c, 0x00,
    0x47, 0x70, 0x4c, 0x00, 0x47, 0x70, 0x4c, 0x00, 0x47, 0x70, 0x4c, 0x00, 0x47, 0x70, 0x4c, 0x00,
    0x47, 0x70, 0x4c, 0x00, 0x47, 0x70, 0x4c, 0x00, 0x47, 0x70, 0x4c, 0x00, 0x47, 0x70, 0x4c, 0x00,
    0x47, 0x70, 0x4c, 0x00, 0x47, 0x70, 0x4c, 0x00, 0x47, 0x70, 0x4c, 0x00, 0x47, 0x70, 0x4c, 0x00,
    0x47, 0x70, 0x4c, 0x00, 0x47, 0x70, 0x4c, 0x00, 0x47, 0x70, 0x4c, 0x00, 0x47, 0x70, 0x4c, 0x00,
    0x47, 0x70, 0x4c, 0x00, 0x47, 0x70, 0x4c, 0x00, 0x47, 0x70, 0x4c, 0x00, 0x47, 0x70, 0x4c, 0x00,
    0x47, 0x70, 0x4c, 0x00, 0x47, 0x70, 0x4c, 0x00, 0x47, 0x70, 0x4c, 0x00, 0x47, 0x70, 0x4c, 0x00,
    0x47, 0x70, 0x4c, 0x00, 0x47, 0x70, 0x4c, 0x00, 0x47, 0x70, 0x4c, 0x00, 0x47, 0x70, 0x4c, 0x00,
    0x47, 0x70, 0x4c, 0x00, 0x47, 0x70, 0x4c, 0x00, 0x47, 0x70, 0x4c, 0x00, 0x47, 0x70, 0x4c, 0x00,
    0x47, 0x70, 0x4c, 0x00, 0x47, 0x70, 0x4c, 0x00, 0x47, 0x70, 0x4c, 0x00, 0x47, 0x70, 0x4c, 0x00,
    0x47, 0x70, 0x4c, 0x00, 0x47, 0x70, 0x4c, 0x00, 0x47, 0x70, 0x4c, 0x00, 0x47, 0x70, 0x4c, 0x00,
    0x47, 0x70, 0x4c, 0x00, 0x47, 0x70, 0x4c, 0x00, 0x47, 0x70, 0x4c, 0x00, 0x47, 0x70, 0x4c, 0x00,
    0x47, 0x70, 0x4c, 0x00, 0x47, 0x70, 0x4c, 0x00, 0x47, 0x70, 0x4c, 0x00, 0x47, 0x70, 0x4c, 0x00,
    0x47, 0x70, 0x4c, 0x00, 0x47, 0x70, 0x4c, 0x00, 0x47, 0x70, 0x4c, 0x00, 0x47, 0x70, 0x4c, 0x00,
    0x47, 0x70, 0x4c, 0x00, 0x47, 0x70, 0x4c, 0x00, 0x47, 0x70, 0x4c, 0x00, 0x47, 0x70, 0x4c, 0x00,
    0x47, 0x70, 0x4c, 0x00, 0x47, 0x70, 0x4c, 0x00, 0x47, 0x70, 0x4c, 0x00, 0x47, 0x70, 0x4c, 0x00,
    0x47, 0x70, 0x4c, 0x00, 0x47, 0x70, 0x4c, 0x00, 0x47, 0x70, 0x4c, 0x00, 0x47, 0x70, 0x4c, 0x00,
    0x47, 0x70, 0x4c, 0x00, 0x47, 0x70, 0x4c, 0x00, 0x47, 0x70, 0x4c, 0x00, 0x47, 0x70, 0x4c, 0x00,
    0x47, 0x70, 0x4c, 0x00, 0x47, 0x70, 0x4c, 0x00, 0x47, 0x70, 0x4c, 0x00, 0x47, 0x70, 0x4c, 0x00,
    0x47, 0x70, 0x4c, 0x00, 0x47, 0x70, 0x4c, 0x00, 0x47, 0x70, 0x4c, 0x00, 0x47, 0x70, 0x4c, 0x00,
    0x47, 0x70, 0x4c, 0x00, 0x47, 0x70, 0x4c, 0x00, 0x47, 0x70, 0x4c, 0x00, 0x47, 0x70, 0x4c, 0x00,
    0x47, 0x70, 0x4c, 0x00, 0x47, 0x70, 0x4c, 0x00, 0x47, 0x70, 0x4c, 0x00, 0x47, 0x70, 0x4c, 0x00,
    0x47, 0x70, 0x4c, 0x00, 0x47, 0x70, 0x4c, 0x00, 0x47, 0x70, 0x4c, 0x00, 0x47, 0x70, 0x4c, 0x00,
    0x47, 0x70, 0x4c, 0x00, 0x47, 0x70, 0x4c, 0x00, 0x47, 0x70, 0x4c, 0x00, 0x47, 0x70, 0x4c, 0x00,
    0xd8, 0xce, 0xdb, 0x0a, 0xf6, 0xf3, 0xf6, 0x8d, 0xfc, 0xfb, 0xfc, 0xef, 0xfd, 0xfd, 0xfd, 0xfd,
    0xfd, 0xfd, 0xfd, 0xfd, 0xfd, 0xfc, 0xfd, 0xf7, 0xf6, 0xf3, 0xf6, 0x8d, 0xe0, 0xd8, 0xe2, 0x10,
    0x47, 0x70, 0x4c, 0x00, 0x47, 0x70, 0x4c, 0x00, 0x47, 0x70, 0x4c, 0x00, 0x47, 0x70, 0x4c, 0x00,
    0x47, 0x70, 0x4c, 0x00, 0x47, 0x70, 0x4c, 0x00, 0x47, 0x70, 0x4c, 0x00, 0x47, 0x70, 0x4c, 0x00,
    0x47, 0x70, 0x4c, 0x00, 0x47, 0x70, 0x4c, 0x00, 0x47, 0x70, 0x4c, 0x00, 0x47, 0x70, 0x4c, 0x00,
    0x47, 0x70, 0x4c, 0x00, 0x47, 0x70, 0x4c, 0x00, 0x47, 0x70, 0x4c, 0x00, 0x47, 0x70, 0x4c, 0x00,
    0x47, 0x70, 0x4c, 0x00, 0x47, 0x70, 0x4c, 0x00, 0x47, 0x70, 0x4c, 0x00, 0x47, 0x70, 0x4c, 0x00,
    0x47, 0x70, 0x4c, 0x00, 0x47, 0x70, 0x4c, 0x00, 0x47, 0x70, 0x4c, 0x00, 0x47, 0x70, 0x4c, 0x00,
    0x47, 0x70, 0x4c, 0x00, 0x47, 0x70, 0x4c, 0x00, 0x47, 0x70, 0x4c, 0x00, 0x47, 0x70, 0x4c, 0x00,
    0x47, 0x70, 0x4c, 0x00, 0x47, 0x70, 0x4c, 0x00, 0x47, 0x70, 0x4c, 0x00, 0x47, 0x70, 0x4c, 0x00,
    0x47, 0x70, 0x4c, 0x00, 0x47, 0x70, 0x4c, 0x00, 0x47, 0x70, 0x4c, 0x00, 0x47, 0x70, 0x4c, 0x00,
    0x47, 0x70, 0x4c, 0x00, 0x47, 0x70, 0x4c, 0x00, 0x47, 0x70, 0x4c, 0x00, 0x47, 0x70, 0x4c, 0x00,
    0x47, 0x70, 0x4c, 0x00, 0x47, 0x70, 0x4c, 0x00, 0x47, 0x70, 0x4c, 0x00, 0x47, 0x70, 0x4c, 0x00,
    0x47, 0x70, 0x4c, 0x00, 0x47, 0x70, 0x4c, 0x00, 0x47, 0x70, 0x4c, 0x00, 0x47, 0x70, 0x4c, 0x00,
    0x47, 0x70, 0x4c, 0x00, 0x47, 0x70, 0x4c, 0x00, 0x47, 0x70, 0x4c, 0x00, 0x47, 0x70, 0x4c, 0x00,
    0x47, 0x70, 0x4c, 0x00, 0x47, 0x70, 0x4c, 0x00, 0x47, 0x70, 0x4c, 0x00, 0x47, 0x70, 0x4c, 0x00,
    0x47, 0x70, 0x4c, 0x00, 0x47, 0x70, 0x4c, 0x00, 0x47, 0x70, 0x4c, 0x00, 0x47, 0x70, 0x4c, 0x00,
    0x47, 0x70, 0x4c, 0x00, 0x47, 0x70, 0x4c, 0x00, 0x47, 0x70, 0x4c, 0x00, 0x47, 0x70, 0x4c, 0x00,
    0x47, 0x70, 0x4c, 0x00, 0x47, 0x70, 0x4c, 0x00, 0x47, 0x70, 0x4c, 0x00, 0x47, 0x70, 0x4c, 0x00,
    0x47, 0x70, 0x4c, 0x00, 0x47, 0x70, 0x4c, 0x00, 0x47, 0x70, 0x4c, 0x00, 0x47, 0x70, 0x4c, 0x00,
    0x47, 0x70, 0x4c, 0x00, 0x47, 0x70, 0x4c, 0x00, 0x47, 0x70, 0x4c, 0x00, 0x47, 0x70, 0x4c, 0x00,
    0x47, 0x70, 0x4c, 0x00, 0x47, 0x70, 0x4c, 0x00, 0x47, 0x70, 0x4c, 0x00, 0x47, 0x70, 0x4c, 0x00,
    0x47, 0x70, 0x4c, 0x00, 0x47, 0x70, 0x4c, 0x00, 0x47, 0x70, 0x4c, 0x00, 0x47, 0x70, 0x4c, 0x00,
    0x47, 0x70, 0x4c, 0x00, 0x47, 0x70, 0x4c, 0x00, 0x47, 0x70, 0x4c, 0x00, 0x47, 0x70, 0x4c, 0x00,
    0x47, 0x70, 0x4c, 0x00, 0x47, 0x70, 0x4c, 0x00, 0x47, 0x70, 0x4c, 0x00, 0x47, 0x70, 0x4c, 0x00,
    0x47, 0x70, 0x4c, 0x00, 0x47, 0x70, 0x4c, 0x00, 0x47, 0x70, 0x4c, 0x00, 0x47, 0x70, 0x4c, 0x00,
    0x47, 0x70, 0x4c, 0x00, 0x47, 0x70, 0x4c, 0x00, 0x47, 0x70, 0x4c, 0x00, 0x47, 0x70, 0x4c, 0x00,
    0x47, 0x70, 0x4c, 0x00, 0x47, 0x70, 0x4c, 0x00, 0x47, 0x70, 0x4c, 0x00, 0x47, 0x70, 0x4c, 0x00,
    0x47, 0x70, 0x4c, 0x00, 0x47, 0x70, 0x4c, 0x00, 0x47, 0x70, 0x4c, 0x00, 0x47, 0x70, 0x4c, 0x00,
    0x47, 0x70, 0x4c, 0x00, 0x47, 0x70, 0x4c, 0x00, 0x47, 0x70, 0x4c, 0x00, 0x47, 0x70, 0x4c, 0x00,
    0x47, 0x70, 0x4c, 0x00, 0x47, 0x70, 0x4c, 0x00, 0x47, 0x70, 0x4c, 0x00, 0x47, 0x70, 0x4c, 0x00,
    0x47, 0x70, 0x4c, 0x00, 0x47, 0x70, 0x4c, 0x00, 0x47, 0x70, 0x4c, 0x00, 0x47, 0x70, 0x4c, 0x00,
    0xf1, 0xee, 0xf2, 0x60, 0xfd, 0xfd, 0xfd, 0xfd, 0xfe, 0xfe, 0xfe, 0xff, 0xfe, 0xfe, 0xfe, 0xff,
    0xfe, 0xfe, 0xfe, 0xff, 0xfe, 0xfe, 0xfe, 0xff, 0xfd, 0xfd, 0xfd, 0xfd, 0xf3, 0xf0, 0xf4, 0x6d,
    0x47, 0x70, 0x4c, 0x00, 0x47, 0x70, 0x4c, 0x00, 0x47, 0x70, 0x4c, 0x00, 0x47, 0x70, 0x4c, 0x00,
    0x47, 0x70, 0x4c, 0x00, 0x47, 0x70, 0x4c, 0x00, 0x47, 0x70, 0x4c, 0x00, 0x47, 0x70, 0x4c, 0x00,
    0x47, 0x70, 0x4c, 0x00, 0x47, 0x70, 0x4c, 0x00, 0x47, 0x70, 0x4c, 0x00, 0x47, 0x70, 0x4c, 0x00,
    0x47, 0x70, 0x4c, 0x00, 0x47, 0x70, 0x4c, 0x00, 0x47, 0x70, 0x4c, 0x00, 0x47, 0x70, 0x4c, 0x00,
    0x47, 0x70, 0x4c, 0x00, 0x47, 0x70, 0x4c, 0x00, 0x47, 0x70, 0x4c, 0x00, 0x47, 0x70, 0x4c, 0x00,
    0x47, 0x70, 0x4c, 0x00, 0x47, 0x70, 0x4c, 0x00, 0x47, 0x70, 0x4c, 0x00, 0x47, 0x70, 0x4c, 0x00,
    0x47, 0x70, 0x4c, 0x00, 0x47, 0x70, 0x4c, 0x00, 0x47, 0x70, 0x4c, 0x00, 0x47, 0x70, 0x4c, 0x00,
    0x47, 0x70, 0x4c, 0x00, 0x47, 0x70, 0x4c, 0x00, 0x47, 0x70, 0x4c, 0x00, 0x47, 0x70, 0x4c, 0x00,
    0x47, 0x70, 0x4c, 0x00, 0x47, 0x70, 0x4c, 0x00, 0x47, 0x70, 0x4c, 0x00, 0x47, 0x70, 0x4c, 0x00,
    0x47, 0x70, 0x4c, 0x00, 0x47, 0x70, 0x4c, 0x00, 0x47, 0x70, 0x4c, 0x00, 0x47, 0x70, 0x4c, 0x00,
    0x47, 0x70, 0x4c, 0x00, 0x47, 0x70, 0x4c, 0x00, 0x47, 0x70, 0x4c, 0x00, 0x47, 0x70, 0x4c, 0x00,
    0x47, 0x70, 0x4c, 0x00, 0x47, 0x70, 0x4c, 0x00, 0x47, 0x70, 0x4c, 0x00, 0x47, 0x70, 0x4c, 0x00,
    0x47, 0x70, 0x4c, 0x00, 0x47, 0x70, 0x4c, 0x00, 0x47, 0x70, 0x4c, 0x00, 0x47, 0x70, 0x4c, 0x00,
    0x47, 0x70, 0x4c, 0x00, 0x47, 0x70, 0x4c, 0x00, 0x47, 0x70, 0x4c, 0x00, 0x47, 0x70, 0x4c, 0x00,
    0x47, 0x70, 0x4c, 0x00, 0x47, 0x70, 0x4c, 0x00, 0x47, 0x70, 0x4c, 0x00, 0x47, 0x70, 0x4c, 0x00,
    0x47, 0x70, 0x4c, 0x00, 0x47, 0x70, 0x4c, 0x00, 0x47, 0x70, 0x4c, 0x00, 0x47, 0x70, 0x4c, 0x00,
    0x47, 0x70, 0x4c, 0x00, 0x47, 0x70, 0x4c, 0x00, 0x47, 0x70, 0x4c, 0x00, 0x47, 0x70, 0x4c, 0x00,
    0x47, 0x70, 0x4c, 0x00, 0x47, 0x70, 0x4c, 0x00, 0x47, 0x70, 0x4c, 0x00, 0x47, 0x70, 0x4c, 0x00,
    0x47, 0x70, 0x4c, 0x00, 0x47, 0x70, 0x4c, 0x00, 0x47, 0x70, 0x4c, 0x00, 0x47, 0x70, 0x4c, 0x00,
    0x47, 0x70, 0x4c, 0x00, 0x47, 0x70, 0x4c, 0x00, 0x47, 0x70, 0x4c, 0x00, 0x47, 0x70, 0x4c, 0x00,
    0x47, 0x70, 0x4c, 0x00, 0x47, 0x70, 0x4c, 0x00, 0x47, 0x70, 0x4c, 0x00, 0x47, 0x70, 0x4c, 0x00,
    0x47, 0x70, 0x4c, 0x00, 0x47, 0x70, 0x4c, 0x00, 0x47, 0x70, 0x4c, 0x00, 0x47, 0x70, 0x4c, 0x00,
    0x47, 0x70, 0x4c, 0x00, 0x47, 0x70, 0x4c, 0x00, 0x47, 0x70, 0x4c, 0x00, 0x47, 0x70, 0x4c, 0x00,
    0x47, 0x70, 0x4c, 0x00, 0x47, 0x70, 0x4c, 0x00, 0x47, 0x70, 0x4c, 0x00, 0x47, 0x70, 0x4c, 0x00,
    0x47, 0x70, 0x4c, 0x00, 0x47, 0x70, 0x4c, 0x00, 0x47, 0x70, 0x4c, 0x00, 0x47, 0x70, 0x4c, 0x00,
    0x47, 0x70, 0x4c, 0x00, 0x47, 0x70, 0x4c, 0x00, 0x47, 0x70, 0x4c, 0x00, 0x47, 0x70, 0x4c, 0x00,
    0x47, 0x70, 0x4c, 0x00, 0x47, 0x70, 0x4c, 0x00, 0x47, 0x70, 0x4c, 0x00, 0x47, 0x70, 0x4c, 0x00,
    0x47, 0x70, 0x4c, 0x00, 0x47, 0x70, 0x4c, 0x00, 0x47, 0x70, 0x4c, 0x00, 0x47, 0x70, 0x4c, 0x00,
    0x47, 0x70, 0x4c, 0x00, 0x47, 0x70, 0x4c, 0x00, 0x47, 0x70, 0x4c, 0x00, 0x47, 0x70, 0x4c, 0x00,
    0x47, 0x70, 0x4c, 0x00, 0x47, 0x70, 0x4c, 0x00, 0x47, 0x70, 0x4c, 0x00, 0xc8, 0xbb, 0xcc, 0x05,
    0xf7, 0xf5, 0xf8, 0xab, 0xfe, 0xfe, 0xfe, 0xff, 0xfe, 0xfe, 0xfe, 0xff, 0xfe, 0xfe, 0xfe, 0xff,
    0xfe, 0xfe, 0xfe, 0xff, 0xfe, 0xfe, 0xfe, 0xff, 0xfe, 0xfe, 0xfe, 0xff, 0xf8, 0xf6, 0xf9, 0xb6,
    0xc8, 0xbb, 0xcc, 0x05, 0x47, 0x70, 0x4c, 0x00, 0x47, 0x70, 0x4c, 0x00, 0x47, 0x70, 0x4c, 0x00,
    0x47, 0x70, 0x4c, 0x00, 0x47, 0x70, 0x4c, 0x00, 0x47, 0x70, 0x4c, 0x00, 0x47, 0x70, 0x4c, 0x00,
    0x47, 0x70, 0x4c, 0x00, 0x47, 0x70, 0x4c, 0x00, 0x47, 0x70, 0x4c, 0x00, 0x47, 0x70, 0x4c, 0x00,
    0x47, 0x70, 0x4c, 0x00, 0x47, 0x70, 0x4c, 0x00, 0x47, 0x70, 0x4c, 0x00, 0x47, 0x70, 0x4c, 0x00,
    0x47, 0x70, 0x4c, 0x00, 0x47, 0x70, 0x4c, 0x00, 0x47, 0x70, 0x4c, 0x00, 0x47, 0x70, 0x4c, 0x00,
    0x47, 0x70, 0x4c, 0x00, 0x47, 0x70, 0x4c, 0x00, 0x47, 0x70, 0x4c, 0x00, 0x47, 0x70, 0x4c, 0x00,
    0x47, 0x70, 0x4c, 0x00, 0x47, 0x70, 0x4c, 0x00, 0x47, 0x70, 0x4c, 0x00, 0x47, 0x70, 0x4c, 0x00,
    0x47, 0x70, 0x4c, 0x00, 0x47, 0x70, 0x4c, 0x00, 0x47, 0x70, 0x4c, 0x00, 0x47, 0x70, 0x4c, 0x00,
    0x47, 0x70, 0x4c, 0x00, 0x47, 0x70, 0x4c, 0x00, 0x47, 0x70, 0x4c, 0x00, 0x47, 0x70, 0x4c, 0x00,
    0x47, 0x70, 0x4c, 0x00, 0x47, 0x70, 0x4c, 0x00, 0x47, 0x70, 0x4c, 0x00, 0x47, 0x70, 0x4c, 0x00,
    0x47, 0x70, 0x4c, 0x00, 0x47, 0x70, 0x4c, 0x00, 0x47, 0x70, 0x4c, 0x00, 0x47, 0x70, 0x4c, 0x00,
    0x47, 0x70, 0x4c, 0x00, 0x47, 0x70, 0x4c, 0x00, 0x47, 0x70, 0x4c, 0x00, 0x47, 0x70, 0x4c, 0x00,
    0x47, 0x70, 0x4c, 0x00, 0x47, 0x70, 0x4c, 0x00, 0x47, 0x70, 0x4c, 0x00, 0x47, 0x70, 0x4c, 0x00,
    0x47, 0x70, 0x4c, 0x00, 0x47, 0x70, 0x4c, 0x00, 0x47, 0x70, 0x4c, 0x00, 0x47, 0x70, 0x4c, 0x00,
    0x47, 0x70, 0x4c, 0x00, 0x47, 0x70, 0x4c, 0x00, 0x47, 0x70, 0x4c, 0x00, 0x47, 0x70, 0x4c, 0x00,
    0x47, 0x70, 0x4c, 0x00, 0x47, 0x70, 0x4c, 0x00, 0x47, 0x70, 0x4c, 0x00, 0x47, 0x70, 0x4c, 0x00,
    0x47, 0x70, 0x4c, 0x00, 0x47, 0x70, 0x4c, 0x00, 0x47, 0x70, 0x4c, 0x00, 0x47, 0x70, 0x4c, 0x00,
    0x47, 0x70, 0x4c, 0x00, 0x47, 0x70, 0x4c, 0x00, 0x47, 0x70, 0x4c, 0x00, 0x47, 0x70, 0x4c, 0x00,
    0x47, 0x70, 0x4c, 0x00, 0x47, 0x70, 0x4c, 0x00, 0x47, 0x70, 0x4c, 0x00, 0x47, 0x70, 0x4c, 0x00,
    0x47, 0x70, 0x4c, 0x00, 0x47, 0x70, 0x4c, 0x00, 0x47, 0x70, 0x4c, 0x00, 0x47, 0x70, 0x4c, 0x00,
    0x47, 0x70, 0x4c, 0x00, 0x47, 0x70, 0x4c, 0x00, 0x47, 0x70, 0x4c, 0x00, 0x47, 0x70, 0x4c, 0x00,
    0x47, 0x70, 0x4c, 0x00, 0x47, 0x70, 0x4c, 0x00, 0x47, 0x70, 0x4c, 0x00, 0x47, 0x70, 0x4c, 0x00,
    0x47, 0x70, 0x4c, 0x00, 0x47, 0x70, 0x4c, 0x00, 0x47, 0x70, 0x4c, 0x00, 0x47, 0x70, 0x4c, 0x00,
    0x47, 0x70, 0x4c, 0x00, 0x47, 0x70, 0x4c, 0x00, 0x47, 0x70, 0x4c, 0x00, 0x47, 0x70, 0x4c, 0x00,
    0x47, 0x70, 0x4c, 0x00, 0x47, 0x70, 0x4c, 0x00, 0x47, 0x70, 0x4c, 0x00, 0x47, 0x70, 0x4c, 0x00,
    0x47, 0x70, 0x4c, 0x00, 0x47, 0x70, 0x4c, 0x00, 0x47, 0x70, 0x4c, 0x00, 0x47, 0x70, 0x4c, 0x00,
    0x47, 0x70, 0x4c, 0x00, 0x47, 0x70, 0x4c, 0x00, 0x47, 0x70, 0x4c, 0x00, 0x47, 0x70, 0x4c, 0x00,
    0x47, 0x70, 0x4c, 0x00, 0x47, 0x70, 0x4c, 0x00, 0x47, 0x70, 0x4c, 0x00, 0x47, 0x70, 0x4c, 0x00,
    0x47, 0x70, 0x4c, 0x00, 0x47, 0x70, 0x4c, 0x00, 0x47, 0x70, 0x4c, 0x00, 0x47, 0x70, 0x4c, 0x00,
    0x47, 0x70, 0x4c, 0x00, 0x47, 0x70, 0x4c, 0x00, 0x47, 0x70, 0x4c, 0x00, 0xd8, 0xce, 0xdb, 0x0a,
    0xf9, 0xf7, 0xf9, 0xc1, 0xfe, 0xfe, 0xfe, 0xff, 0xfe, 0xfe, 0xfe, 0xff, 0xfe, 0xfe, 0xfe, 0xff,
    0xfe, 0xfe, 0xfe, 0xff, 0xfe, 0xfe, 0xfe, 0xff, 0xfe, 0xfe, 0xfe, 0xff, 0xfa, 0xf8, 0xfa, 0xcc,
    0xe0, 0xd8, 0xe2, 0x10, 0x47, 0x70, 0x4c, 0x00, 0x47, 0x70, 0x4c, 0x00, 0x47, 0x70, 0x4c, 0x00,
    0x47, 0x70, 0x4c, 0x00, 0x47, 0x70, 0x4c, 0x00, 0x47, 0x70, 0x4c, 0x00, 0x47, 0x70, 0x4c, 0x00,
    0x47, 0x70, 0x4c, 0x00, 0x47, 0x70, 0x4c, 0x00, 0x47, 0x70, 0x4c, 0x00, 0x47, 0x70, 0x4c, 0x00,
    0x47, 0x70, 0x4c, 0x00, 0x47, 0x70, 0x4c, 0x00, 0x47, 0x70, 0x4c, 0x00, 0x47, 0x70, 0x4c, 0x00,
    0x47, 0x70, 0x4c, 0x00, 0x47, 0x70, 0x4c, 0x00, 0x47, 0x70, 0x4c, 0x00, 0x47, 0x70, 0x4c, 0x00,
    0x47, 0x70, 0x4c, 0x00, 0x47, 0x70, 0x4c, 0x00, 0x47, 0x70, 0x4c, 0x00, 0x47, 0x70, 0x4c, 0x00,
    0x47, 0x70, 0x4c, 0x00, 0x47, 0x70, 0x4c, 0x00, 0x47, 0x70, 0x4c, 0x00, 0x47, 0x70, 0x4c, 0x00,
    0x47, 0x70, 0x4c, 0x00, 0x47, 0x70, 0x4c, 0x00, 0x47, 0x70, 0x4c, 0x00, 0x47, 0x70, 0x4c, 0x00,
    0x47, 0x70, 0x4c, 0x00, 0x47, 0x70, 0x4c, 0x00, 0x47, 0x70, 0x4c, 0x00, 0x47, 0x70, 0x4c, 0x00,
    0x47, 0x70, 0x4c, 0x00, 0x47, 0x70, 0x4c, 0x00, 0x47, 0x70, 0x4c, 0x00, 0x47, 0x70, 0x4c, 0x00,
    0x47, 0x70, 0x4c, 0x00, 0x47, 0x70, 0x4c, 0x00, 0x47, 0x70, 0x4c, 0x00, 0x47, 0x70, 0x4c, 0x00,
    0x47, 0x70, 0x4c, 0x00, 0x47, 0x70, 0x4c, 0x00, 0x47, 0x70, 0x4c, 0x00, 0x47, 0x70, 0x4c, 0x00,
    0x47, 0x70, 0x4c, 0x00, 0x47, 0x70, 0x4c, 0x00, 0x47, 0x70, 0x4c, 0x00, 0x47, 0x70, 0x4c, 0x00,
    0x47, 0x70, 0x4c, 0x00, 0x47, 0x70, 0x4c, 0x00, 0x47, 0x70, 0x4c, 0x00, 0x47, 0x70, 0x4c, 0x00,
    0x47, 0x70, 0x4c, 0x00, 0x47, 0x70, 0x4c, 0x00, 0x47, 0x70, 0x4c, 0x00, 0x47, 0x70, 0x4c, 0x00,
    0x47, 0x70, 0x4c, 0x00, 0x47, 0x70, 0x4c, 0x00, 0x47, 0x70, 0x4c, 0x00, 0x47, 0x70, 0x4c, 0x00,
    0x47, 0x70, 0x4c, 0x00, 0x47, 0x70, 0x4c, 0x00, 0x47, 0x70, 0x4c, 0x00, 0x47, 0x70, 0x4c, 0x00,
    0x47, 0x70, 0x4c, 0x00, 0x47, 0x70, 0x4c, 0x00, 0x47, 0x70, 0x4c, 0x00, 0x47, 0x70, 0x4c, 0x00,
    0x47, 0x70, 0x4c, 0x00, 0x47, 0x70, 0x4c, 0x00, 0x47, 0x70, 0x4c, 0x00, 0x47, 0x70, 0x4c, 0x00,
    0x47, 0x70, 0x4c, 0x00, 0x47, 0x70, 0x4c, 0x00, 0x47, 0x70, 0x4c, 0x00, 0x47, 0x70, 0x4c, 0x00,
    0x47, 0x70, 0x4c, 0x00, 0x47, 0x70, 0x4c, 0x00, 0x47, 0x70, 0x4c, 0x00, 0x47, 0x70, 0x4c, 0x00,
    0x47, 0x70, 0x4c, 0x00, 0x47, 0x70, 0x4c, 0x00, 0x47, 0x70, 0x4c, 0x00, 0x47, 0x70, 0x4c, 0x00,
    0x47, 0x70, 0x4c, 0x00, 0x47, 0x70, 0x4c, 0x00, 0x47, 0x70, 0x4c, 0x00, 0x47, 0x70, 0x4c, 0x00,
    0x47, 0x70, 0x4c, 0x00, 0x47, 0x70, 0x4c, 0x00, 0x47, 0x70, 0x4c, 0x00, 0x47, 0x70, 0x4c, 0x00,
    0x47, 0x70, 0x4c, 0x00, 0x47, 0x70, 0x4c, 0x00, 0x47, 0x70, 0x4c, 0x00, 0x47, 0x70, 0x4c, 0x00,
    0x47, 0x70, 0x4c, 0x00, 0x47, 0x70, 0x4c, 0x00, 0x47, 0x70, 0x4c, 0x00, 0x47, 0x70, 0x4c, 0x00,
    0x47, 0x70, 0x4c, 0x00, 0x47, 0x70, 0x4c, 0x00, 0x47, 0x70, 0x4c, 0x00, 0x47, 0x70, 0x4c, 0x00,
    0x47, 0x70, 0x4c, 0x00, 0x47, 0x70, 0x4c, 0x00, 0x47, 0x70, 0x4c, 0x00, 0x47, 0x70, 0x4c, 0x00,
    0x47, 0x70, 0x4c, 0x00, 0x47, 0x70, 0x4c, 0x00, 0x47, 0x70, 0x4c, 0x00, 0x47, 0x70, 0x4c, 0x00,
    0x47, 0x70, 0x4c, 0x00, 0x47, 0x70, 0x4c, 0x00, 0x47, 0x70, 0x4c, 0x00, 0x53, 0x3a, 0x5c, 0x01,
    0xf7, 0xf5, 0xf7, 0xa2, 0xfe, 0xfe, 0xfe, 0xff, 0xfe, 0xfe, 0xfe, 0xff, 0xfe, 0xfe, 0xfe, 0xff,
    0xfe, 0xfe, 0xfe, 0xff, 0xfe, 0xfe, 0xfe, 0xff, 0xfd, 0xfd, 0xfd, 0xfd, 0xf7, 0xf5, 0xf8, 0xab,
    0xc8, 0xbb, 0xcc, 0x05, 0x47, 0x70, 0x4c, 0x00, 0x47, 0x70, 0x4c, 0x00, 0x47, 0x70, 0x4c, 0x00,
    0x47, 0x70, 0x4c, 0x00, 0x47, 0x70, 0x4c, 0x00, 0x47, 0x70, 0x4c, 0x00, 0x47, 0x70, 0x4c, 0x00,
    0x47, 0x70, 0x4c, 0x00, 0x47, 0x70, 0x4c, 0x00, 0x47, 0x70, 0x4c, 0x00, 0x47, 0x70, 0x4c, 0x00,
    0x47, 0x70, 0x4c, 0x00, 0x47, 0x70, 0x4c, 0x00, 0x47, 0x70, 0x4c, 0x00, 0x47, 0x70, 0x4c, 0x00,
    0x47, 0x70, 0x4c, 0x00, 0x47, 0x70, 0x4c, 0x00, 0x47, 0x70, 0x4c, 0x00, 0x47, 0x70, 0x4c, 0x00,
    0x47, 0x70, 0x4c, 0x00, 0x47, 0x70, 0x4c, 0x00, 0x47, 0x70, 0x4c, 0x00, 0x47, 0x70, 0x4c, 0x00,
    0x47, 0x70, 0x4c, 0x00, 0x47, 0x70, 0x4c, 0x00, 0x47, 0x70, 0x4c, 0x00, 0x47, 0x70, 0x4c, 0x00,
    0x47, 0x70, 0x4c, 0x00, 0x47, 0x70, 0x4c, 0x00, 0x47, 0x70, 0x4c, 0x00, 0x47, 0x70, 0x4c, 0x00,
    0x47, 0x70, 0x4c, 0x00, 0x47, 0x70, 0x4c, 0x00, 0x47, 0x70, 0x4c, 0x00, 0x47, 0x70, 0x4c, 0x00,
    0x47, 0x70, 0x4c, 0x00, 0x47, 0x70, 0x4c, 0x00, 0x47, 0x70, 0x4c, 0x00, 0x47, 0x70, 0x4c, 0x00,
    0x47, 0x70, 0x4c, 0x00, 0x47, 0x70, 0x4c, 0x00, 0x47, 0x70, 0x4c, 0x00, 0x47, 0x70, 0x4c, 0x00,
    0x47, 0x70, 0x4c, 0x00, 0x47, 0x70, 0x4c, 0x00, 0x47, 0x70, 0x4c, 0x00, 0x47, 0x70, 0x4c, 0x00,
    0x47, 0x70, 0x4c, 0x00, 0x47, 0x70, 0x4c, 0x00, 0x47, 0x70, 0x4c, 0x00, 0x47, 0x70, 0x4c, 0x00,
    0x47, 0x70, 0x4c, 0x00, 0x47, 0x70, 0x4c, 0x00, 0x47, 0x70, 0x4c, 0x00, 0x47, 0x70, 0x4c, 0x00,
    0x47, 0x70, 0x4c, 0x00, 0x47, 0x70, 0x4c, 0x00, 0x47, 0x70, 0x4c, 0x00, 0x47, 0x70, 0x4c, 0x00,
    0x47, 0x70, 0x4c, 0x00, 0x47, 0x70, 0x4c, 0x00, 0x47, 0x70, 0x4c, 0x00, 0x47, 0x70, 0x4c, 0x00,
    0x47, 0x70, 0x4c, 0x00, 0x47, 0x70, 0x4c, 0x00, 0x47, 0x70, 0x4c, 0x00, 0x47, 0x70, 0x4c, 0x00,
    0x47, 0x70, 0x4c, 0x00, 0x47, 0x70, 0x4c, 0x00, 0x47, 0x70, 0x4c, 0x00, 0x47, 0x70, 0x4c, 0x00,
    0x47, 0x70, 0x4c, 0x00, 0x47, 0x70, 0x4c, 0x00, 0x47, 0x70, 0x4c, 0x00, 0x47, 0x70, 0x4c, 0x00,
    0x47, 0x70, 0x4c, 0x00, 0x47, 0x70, 0x4c, 0x00, 0x47, 0x70, 0x4c, 0x00, 0x47, 0x70, 0x4c, 0x00,
    0x47, 0x70, 0x4c, 0x00, 0x47, 0x70, 0x4c, 0x00, 0x47, 0x70, 0x4c, 0x00, 0x47, 0x70, 0x4c, 0x00,
    0x47, 0x70, 0x4c, 0x00, 0x47, 0x70, 0x4c, 0x00, 0x47, 0x70, 0x4c, 0x00, 0x47, 0x70, 0x4c, 0x00,
    0x47, 0x70, 0x4c, 0x00, 0x47, 0x70, 0x4c, 0x00, 0x47, 0x70, 0x4c, 0x00, 0x47, 0x70, 0x4c, 0x00,
    0x47, 0x70, 0x4c, 0x00, 0x47, 0x70, 0x4c, 0x00, 0x47, 0x70, 0x4c, 0x00, 0x47, 0x70, 0x4c, 0x00,
    0x47, 0x70, 0x4c, 0x00, 0x47, 0x70, 0x4c, 0x00, 0x47, 0x70, 0x4c, 0x00, 0x47, 0x70, 0x4c, 0x00,
    0x47, 0x70, 0x4c, 0x00, 0x47, 0x70, 0x4c, 0x00, 0x47, 0x70, 0x4c, 0x00, 0x47, 0x70, 0x4c, 0x00,
    0x47, 0x70, 0x4c, 0x00, 0x47, 0x70, 0x4c, 0x00, 0x47, 0x70, 0x4c, 0x00, 0x47, 0x70, 0x4c, 0x00,
    0x47, 0x70, 0x4c, 0x00, 0x47, 0x70, 0x4c, 0x00, 0x47, 0x70, 0x4c, 0x00, 0x47, 0x70, 0x4c, 0x00,
    0x47, 0x70, 0x4c, 0x00, 0x47, 0x70, 0x4c, 0x00, 0x47, 0x70, 0x4c, 0x00, 0x47, 0x70, 0x4c, 0x00,
    0x47, 0x70, 0x4c, 0x00, 0x47, 0x70, 0x4c, 0x00, 0x47, 0x70, 0x4c, 0x00, 0x47, 0x70, 0x4c, 0x00,
    0xee, 0xea, 0xef, 0x3f, 0xfc, 0xfb, 0xfc, 0xef, 0xfe, 0xfe, 0xfe, 0xff, 0xfe, 0xfe, 0xfe, 0xff,
    0xfe, 0xfe, 0xfe, 0xff, 0xfe, 0xfe, 0xfe, 0xff, 0xfc, 0xfb, 0xfc, 0xef, 0xef, 0xec, 0xf0, 0x4a,
    0x47, 0x70, 0x4c, 0x00, 0x47, 0x70, 0x4c, 0x00, 0x47, 0x70, 0x4c, 0x00, 0x47, 0x70, 0x4c, 0x00,
    0x47, 0x70, 0x4c, 0x00, 0x47, 0x70, 0x4c, 0x00, 0x47, 0x70, 0x4c, 0x00, 0x47, 0x70, 0x4c, 0x00,
    0x47, 0x70, 0x4c, 0x00, 0x47, 0x70, 0x4c, 0x00, 0x47, 0x70, 0x4c, 0x00, 0x47, 0x70, 0x4c, 0x00,
    0x47, 0x70, 0x4c, 0x00, 0x47, 0x70, 0x4c, 0x00, 0x47, 0x70, 0x4c, 0x00, 0x47, 0x70, 0x4c, 0x00,
    0x47, 0x70, 0x4c, 0x00, 0x47, 0x70, 0x4c, 0x00, 0x47, 0x70, 0x4c, 0x00, 0x47, 0x70, 0x4c, 0x00,
    0x47, 0x70, 0x4c, 0x00, 0x47, 0x70, 0x4c, 0x00, 0x47, 0x70, 0x4c, 0x00, 0x47, 0x70, 0x4c, 0x00,
    0x47, 0x70, 0x4c, 0x00, 0x47, 0x70, 0x4c, 0x00, 0x47, 0x70, 0x4c, 0x00, 0x47, 0x70, 0x4c, 0x00,
    0x47, 0x70, 0x4c, 0x00, 0x47, 0x70, 0x4c, 0x00, 0x47, 0x70, 0x4c, 0x00, 0x47, 0x70, 0x4c, 0x00,
    0x47, 0x70, 0x4c, 0x00, 0x47, 0x70, 0x4c, 0x00, 0x47, 0x70, 0x4c, 0x00, 0x47, 0x70, 0x4c, 0x00,
    0x47, 0x70, 0x4c, 0x00, 0x47, 0x70, 0x4c, 0x00, 0x47, 0x70, 0x4c, 0x00, 0x47, 0x70, 0x4c, 0x00,
    0x47, 0x70, 0x4c, 0x00, 0x47, 0x70, 0x4c, 0x00, 0x47, 0x70, 0x4c, 0x00, 0x47, 0x70, 0x4c, 0x00,
    0x47, 0x70, 0x4c, 0x00, 0x47, 0x70, 0x4c, 0x00, 0x47, 0x70, 0x4c, 0x00, 0x47, 0x70, 0x4c, 0x00,
    0x47, 0x70, 0x4c, 0x00, 0x47, 0x70, 0x4c, 0x00, 0x47, 0x70, 0x4c, 0x00, 0x47, 0x70, 0x4c, 0x00,
    0x47, 0x70, 0x4c, 0x00, 0x47, 0x70, 0x4c, 0x00, 0x47, 0x70, 0x4c, 0x00, 0x47, 0x70, 0x4c, 0x00,
    0x47, 0x70, 0x4c, 0x00, 0x47, 0x70, 0x4c, 0x00, 0x47, 0x70, 0x4c, 0x00, 0x47, 0x70, 0x4c, 0x00,
    0x47, 0x70, 0x4c, 0x00, 0x47, 0x70, 0x4c, 0x00, 0x47, 0x70, 0x4c, 0x00, 0x47, 0x70, 0x4c, 0x00,
    0x47, 0x70, 0x4c, 0x00, 0x47, 0x70, 0x4c, 0x00, 0x47, 0x70, 0x4c, 0x00, 0x47, 0x70, 0x4c, 0x00,
    0x47, 0x70, 0x4c, 0x00, 0x47, 0x70, 0x4c, 0x00, 0x47, 0x70, 0x4c, 0x00, 0x47, 0x70, 0x4c, 0x00,
    0x47, 0x70, 0x4c, 0x00, 0x47, 0x70, 0x4c, 0x00, 0x47, 0x70, 0x4c, 0x00, 0x47, 0x70, 0x4c, 0x00,
    0x47, 0x70, 0x4c, 0x00, 0x47, 0x70, 0x4c, 0x00, 0x47, 0x70, 0x4c, 0x00, 0x47, 0x70, 0x4c, 0x00,
    0x47, 0x70, 0x4c, 0x00, 0x47, 0x70, 0x4c, 0x00, 0x47, 0x70, 0x4c, 0x00, 0x47, 0x70, 0x4c, 0x00,
    0x47, 0x70, 0x4c, 0x00, 0x47, 0x70, 0x4c, 0x00, 0x47, 0x70, 0x4c, 0x00, 0x47, 0x70, 0x4c, 0x00,
    0x47, 0x70, 0x4c, 0x00, 0x47, 0x70, 0x4c, 0x00, 0x47, 0x70, 0x4c, 0x00, 0x47, 0x70, 0x4c, 0x00,
    0x47, 0x70, 0x4c, 0x00, 0x47, 0x70, 0x4c, 0x00, 0x47, 0x70, 0x4c, 0x00, 0x47, 0x70, 0x4c, 0x00,
    0x47, 0x70, 0x4c, 0x00, 0x47, 0x70, 0x4c, 0x00, 0x47, 0x70, 0x4c, 0x00, 0x47, 0x70, 0x4c, 0x00,
    0x47, 0x70, 0x4c, 0x00, 0x47, 0x70, 0x4c, 0x00, 0x47, 0x70, 0x4c, 0x00, 0x47, 0x70, 0x4c, 0x00,
    0x47, 0x70, 0x4c, 0x00, 0x47, 0x70, 0x4c, 0x00, 0x47, 0x70, 0x4c, 0x00, 0x47, 0x70, 0x4c, 0x00,
    0x47, 0x70, 0x4c, 0x00, 0x47, 0x70, 0x4c, 0x00, 0x47, 0x70, 0x4c, 0x00, 0x47, 0x70, 0x4c, 0x00,
    0x47, 0x70, 0x4c, 0x00, 0x47, 0x70, 0x4c, 0x00, 0x47, 0x70, 0x4c, 0x00, 0x47, 0x70, 0x4c, 0x00,
    0x47, 0x70, 0x4c, 0x00, 0x47, 0x70, 0x4c, 0x00, 0x47, 0x70, 0x4c, 0x00, 0x47, 0x70, 0x4c, 0x00,
    0x9c, 0x86, 0xa3, 0x02, 0xf1, 0xee, 0xf2, 0x52, 0xfa, 0xf9, 0xfb, 0xd7, 0xfe, 0xfe, 0xfe, 0xff,
    0xfe, 0xfe, 0xfe, 0xff, 0xfa, 0xf9, 0xfb, 0xd7, 0xf1, 0xee, 0xf2, 0x60, 0x9c, 0x86, 0xa3, 0x02,
    0x47, 0x70, 0x4c, 0x00, 0x47, 0x70, 0x4c, 0x00, 0x47, 0x70, 0x4c, 0x00, 0x47, 0x70, 0x4c, 0x00,
    0x47, 0x70, 0x4c, 0x00, 0x47, 0x70, 0x4c, 0x00, 0x47, 0x70, 0x4c, 0x00, 0x47, 0x70, 0x4c, 0x00,
    0x47, 0x70, 0x4c, 0x00, 0x47, 0x70, 0x4c, 0x00, 0x47, 0x70, 0x4c, 0x00, 0x47, 0x70, 0x4c, 0x00,
    0x47, 0x70, 0x4c, 0x00, 0x47, 0x70, 0x4c, 0x00, 0x47, 0x70, 0x4c, 0x00, 0x47, 0x70, 0x4c, 0x00,
    0x47, 0x70, 0x4c, 0x00, 0x47, 0x70, 0x4c, 0x00, 0x47, 0x70, 0x4c, 0x00, 0x47, 0x70, 0x4c, 0x00,
    0x47, 0x70, 0x4c, 0x00, 0x47, 0x70, 0x4c, 0x00, 0x47, 0x70, 0x4c, 0x00, 0x47, 0x70, 0x4c, 0x00,
    0x47, 0x70, 0x4c, 0x00, 0x47, 0x70, 0x4c, 0x00, 0x47, 0x70, 0x4c, 0x00, 0x47, 0x70, 0x4c, 0x00,
    0x47, 0x70, 0x4c, 0x00, 0x47, 0x70, 0x4c, 0x00, 0x47, 0x70, 0x4c, 0x00, 0x47, 0x70, 0x4c, 0x00,
    0x47, 0x70, 0x4c, 0x00, 0x47, 0x70, 0x4c, 0x00, 0x47, 0x70, 0x4c, 0x00, 0x47, 0x70, 0x4c, 0x00,
    0x47, 0x70, 0x4c, 0x00, 0x47, 0x70, 0x4c, 0x00, 0x47, 0x70, 0x4c, 0x00, 0x47, 0x70, 0x4c, 0x00,
    0x47, 0x70, 0x4c, 0x00, 0x47, 0x70, 0x4c, 0x00, 0x47, 0x70, 0x4c, 0x00, 0x47, 0x70, 0x4c, 0x00,
    0x47, 0x70, 0x4c, 0x00, 0x47, 0x70, 0x4c, 0x00, 0x47, 0x70, 0x4c, 0x00, 0x47, 0x70, 0x4c, 0x00,
    0x47, 0x70, 0x4c, 0x00, 0x47, 0x70, 0x4c, 0x00, 0x47, 0x70, 0x4c, 0x00, 0x47, 0x70, 0x4c, 0x00,
    0x47, 0x70, 0x4c, 0x00, 0x47, 0x70, 0x4c, 0x00, 0x47, 0x70, 0x4c, 0x00, 0x47, 0x70, 0x4c, 0x00,
    0x47, 0x70, 0x4c, 0x00, 0x47, 0x70, 0x4c, 0x00, 0x47, 0x70, 0x4c, 0x00, 0x47, 0x70, 0x4c, 0x00,
    0x47, 0x70, 0x4c, 0x00, 0x47, 0x70, 0x4c, 0x00, 0x47, 0x70, 0x4c, 0x00, 0x47, 0x70, 0x4c, 0x00,
    0x47, 0x70, 0x4c, 0x00, 0x47, 0x70, 0x4c, 0x00, 0x47, 0x70, 0x4c, 0x00, 0x47, 0x70, 0x4c, 0x00,
    0x47, 0x70, 0x4c, 0x00, 0x47, 0x70, 0x4c, 0x00, 0x47, 0x70, 0x4c, 0x00, 0x47, 0x70, 0x4c, 0x00,
    0x47, 0x70, 0x4c, 0x00, 0x47, 0x70, 0x4c, 0x00, 0x47, 0x70, 0x4c, 0x00, 0x47, 0x70, 0x4c, 0x00,
    0x47, 0x70, 0x4c, 0x00, 0x47, 0x70, 0x4c, 0x00, 0x47, 0x70, 0x4c, 0x00, 0x47, 0x70, 0x4c, 0x00,
    0x47, 0x70, 0x4c, 0x00, 0x47, 0x70, 0x4c, 0x00, 0x47, 0x70, 0x4c, 0x00, 0x47, 0x70, 0x4c, 0x00,
    0x47, 0x70, 0x4c, 0x00, 0x47, 0x70, 0x4c, 0x00, 0x47, 0x70, 0x4c, 0x00, 0x47, 0x70, 0x4c, 0x00,
    0x47, 0x70, 0x4c, 0x00, 0x47, 0x70, 0x4c, 0x00, 0x47, 0x70, 0x4c, 0x00, 0x47, 0x70, 0x4c, 0x00,
    0x47, 0x70, 0x4c, 0x00, 0x47, 0x70, 0x4c, 0x00, 0x47, 0x70, 0x4c, 0x00, 0x47, 0x70, 0x4c, 0x00,
    0x47, 0x70, 0x4c, 0x00, 0x47, 0x70, 0x4c, 0x00, 0x47, 0x70, 0x4c, 0x00, 0x47, 0x70, 0x4c, 0x00,
    0x47, 0x70, 0x4c, 0x00, 0x47, 0x70, 0x4c, 0x00, 0x47, 0x70, 0x4c, 0x00, 0x47, 0x70, 0x4c, 0x00,
    0x47, 0x70, 0x4c, 0x00, 0x47, 0x70, 0x4c, 0x00, 0x47, 0x70, 0x4c, 0x00, 0x47, 0x70, 0x4c, 0x00,
    0x47, 0x70, 0x4c, 0x00, 0x47, 0x70, 0x4c, 0x00, 0x47, 0x70, 0x4c, 0x00, 0x47, 0x70, 0x4c, 0x00,
    0x47, 0x70, 0x4c, 0x00, 0x47, 0x70, 0x4c, 0x00, 0x47, 0x70, 0x4c, 0x00, 0x47, 0x70, 0x4c, 0x00,
    0x47, 0x70, 0x4c, 0x00, 0x47, 0x70, 0x4c, 0x00, 0x47, 0x70, 0x4c, 0x00, 0x47, 0x70, 0x4c, 0x00,
    0x47, 0x70, 0x4c, 0x00, 0x9c, 0x86, 0xa3, 0x02, 0xf1, 0xee, 0xf2, 0x60, 0xfd, 0xfd, 0xfd, 0xfd,
    0xfd, 0xfd, 0xfd, 0xfd, 0xf1, 0xee, 0xf2, 0x60, 0x47, 0x70, 0x4c, 0x00, 0x47, 0x70, 0x4c, 0x00,
    0x47, 0x70, 0x4c, 0x00, 0x47, 0x70, 0x4c, 0x00, 0x47, 0x70, 0x4c, 0x00, 0x47, 0x70, 0x4c, 0x00,
    0x47, 0x70, 0x4c, 0x00, 0x47, 0x70, 0x4c, 0x00, 0x47, 0x70, 0x4c, 0x00, 0x47, 0x70, 0x4c, 0x00,
    0x47, 0x70, 0x4c, 0x00, 0x47, 0x70, 0x4c, 0x00, 0x47, 0x70, 0x4c, 0x00, 0x47, 0x70, 0x4c, 0x00,
    0x47, 0x70, 0x4c, 0x00, 0x47, 0x70, 0x4c, 0x00, 0x47, 0x70, 0x4c, 0x00, 0x47, 0x70, 0x4c, 0x00,
    0x47, 0x70, 0x4c, 0x00, 0x47, 0x70, 0x4c, 0x00, 0x47, 0x70, 0x4c, 0x00, 0x47, 0x70, 0x4c, 0x00,
    0x47, 0x70, 0x4c, 0x00, 0x47, 0x70, 0x4c, 0x00, 0x47, 0x70, 0x4c, 0x00, 0x47, 0x70, 0x4c, 0x00,
    0x47, 0x70, 0x4c, 0x00, 0x47, 0x70, 0x4c, 0x00, 0x47, 0x70, 0x4c, 0x00, 0x47, 0x70, 0x4c, 0x00,
    0x47, 0x70, 0x4c, 0x00, 0x47, 0x70, 0x4c, 0x00, 0x47, 0x70, 0x4c, 0x00, 0x47, 0x70, 0x4c, 0x00,
    0x47, 0x70, 0x4c, 0x00, 0x47, 0x70, 0x4c, 0x00, 0x47, 0x70, 0x4c, 0x00, 0x47, 0x70, 0x4c, 0x00,
    0x47, 0x70, 0x4c, 0x00, 0x47, 0x70, 0x4c, 0x00, 0x47, 0x70, 0x4c, 0x00, 0x47, 0x70, 0x4c, 0x00,
    0x47, 0x70, 0x4c, 0x00, 0x47, 0x70, 0x4c, 0x00, 0x47, 0x70, 0x4c, 0x00, 0x47, 0x70, 0x4c, 0x00,
    0x47, 0x70, 0x4c, 0x00, 0x47, 0x70, 0x4c, 0x00, 0x47, 0x70, 0x4c, 0x00, 0x47, 0x70, 0x4c, 0x00,
    0x47, 0x70, 0x4c, 0x00, 0x47, 0x70, 0x4c, 0x00, 0x47, 0x70, 0x4c, 0x00, 0x47, 0x70, 0x4c, 0x00,
    0x47, 0x70, 0x4c, 0x00, 0x47, 0x70, 0x4c, 0x00, 0x47, 0x70, 0x4c, 0x00, 0x47, 0x70, 0x4c, 0x00,
    0x47, 0x70, 0x4c, 0x00, 0x47, 0x70, 0x4c, 0x00, 0x47, 0x70, 0x4c, 0x00, 0x47, 0x70, 0x4c, 0x00,
    0x47, 0x70, 0x4c, 0x00, 0x47, 0x70, 0x4c, 0x00, 0x47, 0x70, 0x4c, 0x00, 0x47, 0x70, 0x4c, 0x00,
    0x47, 0x70, 0x4c, 0x00, 0x47, 0x70, 0x4c, 0x00, 0x47, 0x70, 0x4c, 0x00, 0x47, 0x70, 0x4c, 0x00,
    0x47, 0x70, 0x4c, 0x00, 0x47, 0x70, 0x4c, 0x00, 0x47, 0x70, 0x4c, 0x00, 0x47, 0x70, 0x4c, 0x00,
    0x47, 0x70, 0x4c, 0x00, 0x47, 0x70, 0x4c, 0x00, 0x47, 0x70, 0x4c, 0x00, 0x47, 0x70, 0x4c, 0x00,
    0x47, 0x70, 0x4c, 0x00, 0x47, 0x70, 0x4c, 0x00, 0x47, 0x70, 0x4c, 0x00, 0x47, 0x70, 0x4c, 0x00,
    0x47, 0x70, 0x4c, 0x00, 0x47, 0x70, 0x4c, 0x00, 0x47, 0x70, 0x4c, 0x00, 0x47, 0x70, 0x4c, 0x00,
    0x47, 0x70, 0x4c, 0x00, 0x47, 0x70, 0x4c, 0x00, 0x47, 0x70, 0x4c, 0x00, 0x47, 0x70, 0x4c, 0x00,
    0x47, 0x70, 0x4c, 0x00, 0x47, 0x70, 0x4c, 0x00, 0x47, 0x70, 0x4c, 0x00, 0x47, 0x70, 0x4c, 0x00,
    0x47, 0x70, 0x4c, 0x00, 0x47, 0x70, 0x4c, 0x00, 0x47, 0x70, 0x4c, 0x00, 0x47, 0x70, 0x4c, 0x00,
    0x47, 0x70, 0x4c, 0x00, 0x47, 0x70, 0x4c, 0x00, 0x47, 0x70, 0x4c, 0x00, 0x47, 0x70, 0x4c, 0x00,
    0x47, 0x70, 0x4c, 0x00, 0x47, 0x70, 0x4c, 0x00, 0x47, 0x70, 0x4c, 0x00, 0x47, 0x70, 0x4c, 0x00,
    0x47, 0x70, 0x4c, 0x00, 0x47, 0x70, 0x4c, 0x00, 0x47, 0x70, 0x4c, 0x00, 0x47, 0x70, 0x4c, 0x00,
    0x47, 0x70, 0x4c, 0x00, 0x47, 0x70, 0x4c, 0x00, 0x47, 0x70, 0x4c, 0x00, 0x47, 0x70, 0x4c, 0x00,
    0x47, 0x70, 0x4c, 0x00, 0x47, 0x70, 0x4c, 0x00, 0x47, 0x70, 0x4c, 0x00, 0x47, 0x70, 0x4c, 0x00,
    0x47, 0x70, 0x4c, 0x00, 0x47, 0x70, 0x4c, 0x00, 0x47, 0x70, 0x4c, 0x00, 0x47, 0x70, 0x4c, 0x00,
    0x47, 0x70, 0x4c, 0x00, 0x47, 0x70, 0x4c, 0x00, 0xef, 0xec, 0xf0, 0x4a, 0xfd, 0xfd, 0xfd, 0xfd,
    0xfd, 0xfd, 0xfd, 0xfd, 0xf1, 0xee, 0xf2, 0x52, 0x47, 0x70, 0x4c, 0x00, 0x47, 0x70, 0x4c, 0x00,
    0x47, 0x70, 0x4c, 0x00, 0x47, 0x70, 0x4c, 0x00, 0x47, 0x70, 0x4c, 0x00, 0x47, 0x70, 0x4c, 0x00,
    0x47, 0x70, 0x4c, 0x00, 0x47, 0x70, 0x4c, 0x00, 0x47, 0x70, 0x4c, 0x00, 0x47, 0x70, 0x4c, 0x00,
    0x47, 0x70, 0x4c, 0x00, 0x47, 0x70, 0x4c, 0x00, 0x47, 0x70, 0x4c, 0x00, 0x47, 0x70, 0x4c, 0x00,
    0x47, 0x70, 0x4c, 0x00, 0x47, 0x70, 0x4c, 0x00, 0x47, 0x70, 0x4c, 0x00, 0x47, 0x70, 0x4c, 0x00,
    0x47, 0x70, 0x4c, 0x00, 0x47, 0x70, 0x4c, 0x00, 0x47, 0x70, 0x4c, 0x00, 0x47, 0x70, 0x4c, 0x00,
    0x47, 0x70, 0x4c, 0x00, 0x47, 0x70, 0x4c, 0x00, 0x47, 0x70, 0x4c, 0x00, 0x47, 0x70, 0x4c, 0x00,
    0x47, 0x70, 0x4c, 0x00, 0x47, 0x70, 0x4c, 0x00, 0x47, 0x70, 0x4c, 0x00, 0x47, 0x70, 0x4c, 0x00,
    0x47, 0x70, 0x4c, 0x00, 0x47, 0x70, 0x4c, 0x00, 0x47, 0x70, 0x4c, 0x00, 0x47, 0x70, 0x4c, 0x00,
    0x47, 0x70, 0x4c, 0x00, 0x47, 0x70, 0x4c, 0x00, 0x47, 0x70, 0x4c, 0x00, 0x47, 0x70, 0x4c, 0x00,
    0x47, 0x70, 0x4c, 0x00, 0x47, 0x70, 0x4c, 0x00, 0x47, 0x70, 0x4c, 0x00, 0x47, 0x70, 0x4c, 0x00,
    0x47, 0x70, 0x4c, 0x00, 0x47, 0x70, 0x4c, 0x00, 0x47, 0x70, 0x4c, 0x00, 0x47, 0x70, 0x4c, 0x00,
    0x47, 0x70, 0x4c, 0x00, 0x47, 0x70, 0x4c, 0x00, 0x47, 0x70, 0x4c, 0x00, 0x47, 0x70, 0x4c, 0x00,
    0x47, 0x70, 0x4c, 0x00, 0x47, 0x70, 0x4c, 0x00, 0x47, 0x70, 0x4c, 0x00, 0x47, 0x70, 0x4c, 0x00,
    0x47, 0x70, 0x4c, 0x00, 0x47, 0x70, 0x4c, 0x00, 0x47, 0x70, 0x4c, 0x00, 0x47, 0x70, 0x4c, 0x00,
    0x47, 0x70, 0x4c, 0x00, 0x47, 0x70, 0x4c, 0x00, 0x47, 0x70, 0x4c, 0x00, 0x47, 0x70, 0x4c, 0x00,
    0x47, 0x70, 0x4c, 0x00, 0x47, 0x70, 0x4c, 0x00, 0x47, 0x70, 0x4c, 0x00, 0x47, 0x70, 0x4c, 0x00,
    0x47, 0x70, 0x4c, 0x00, 0x47, 0x70, 0x4c, 0x00, 0x47, 0x70, 0x4c, 0x00, 0x47, 0x70, 0x4c, 0x00,
    0x47, 0x70, 0x4c, 0x00, 0x47, 0x70, 0x4c, 0x00, 0x47, 0x70, 0x4c, 0x00, 0x47, 0x70, 0x4c, 0x00,
    0x47, 0x70, 0x4c, 0x00, 0x47, 0x70, 0x4c, 0x00, 0x47, 0x70, 0x4c, 0x00, 0x47, 0x70, 0x4c, 0x00,
    0x47, 0x70, 0x4c, 0x00, 0x47, 0x70, 0x4c, 0x00, 0x47, 0x70, 0x4c, 0x00, 0x47, 0x70, 0x4c, 0x00,
    0x47, 0x70, 0x4c, 0x00, 0x47, 0x70, 0x4c, 0x00, 0x47, 0x70, 0x4c, 0x00, 0x47, 0x70, 0x4c, 0x00,
    0x47, 0x70, 0x4c, 0x00, 0x47, 0x70, 0x4c, 0x00, 0x47, 0x70, 0x4c, 0x00, 0x47, 0x70, 0x4c, 0x00,
    0x47, 0x70, 0x4c, 0x00, 0x47, 0x70, 0x4c, 0x00, 0x47, 0x70, 0x4c, 0x00, 0x47, 0x70, 0x4c, 0x00,
    0x47, 0x70, 0x4c, 0x00, 0x47, 0x70, 0x4c, 0x00, 0x47, 0x70, 0x4c, 0x00, 0x47, 0x70, 0x4c, 0x00,
    0x47, 0x70, 0x4c, 0x00, 0x47, 0x70, 0x4c, 0x00, 0x47, 0x70, 0x4c, 0x00, 0x47, 0x70, 0x4c, 0x00,
    0x47, 0x70, 0x4c, 0x00, 0x47, 0x70, 0x4c, 0x00, 0x47, 0x70, 0x4c, 0x00, 0x47, 0x70, 0x4c, 0x00,
    0x47, 0x70, 0x4c, 0x00, 0x47, 0x70, 0x4c, 0x00, 0x47, 0x70, 0x4c, 0x00, 0x47, 0x70, 0x4c, 0x00,
    0x47, 0x70, 0x4c, 0x00, 0x47, 0x70, 0x4c, 0x00, 0x47, 0x70, 0x4c, 0x00, 0x47, 0x70, 0x4c, 0x00,
    0x47, 0x70, 0x4c, 0x00, 0x47, 0x70, 0x4c, 0x00, 0x47, 0x70, 0x4c, 0x00, 0x47, 0x70, 0x4c, 0x00,
    0x47, 0x70, 0x4c, 0x00, 0x47, 0x70, 0x4c, 0x00, 0x47, 0x70, 0x4c, 0x00, 0x47, 0x70, 0x4c, 0x00,
    0x47, 0x70, 0x4c, 0x00, 0x47, 0x70, 0x4c, 0x00, 0xf1, 0xee, 0xf2, 0x52, 0xfd, 0xfd, 0xfd, 0xfd,
    0xfd, 0xfd, 0xfd, 0xfd, 0xf1, 0xee, 0xf2, 0x52, 0x47, 0x70, 0x4c, 0x00, 0x47, 0x70, 0x4c, 0x00,
    0x47, 0x70, 0x4c, 0x00, 0x47, 0x70, 0x4c, 0x00, 0x47, 0x70, 0x4c, 0x00, 0x47, 0x70, 0x4c, 0x00,
    0x47, 0x70, 0x4c, 0x00, 0x47, 0x70, 0x4c, 0x00, 0x47, 0x70, 0x4c, 0x00, 0x47, 0x70, 0x4c, 0x00,
    0x47, 0x70, 0x4c, 0x00, 0x47, 0x70, 0x4c, 0x00, 0x47, 0x70, 0x4c, 0x00, 0x47, 0x70, 0x4c, 0x00,
    0x47, 0x70, 0x4c, 0x00, 0x47, 0x70, 0x4c, 0x00, 0x47, 0x70, 0x4c, 0x00, 0x47, 0x70, 0x4c, 0x00,
    0x47, 0x70, 0x4c, 0x00, 0x47, 0x70, 0x4c, 0x00, 0x47, 0x70, 0x4c, 0x00, 0x47, 0x70, 0x4c, 0x00,
    0x47, 0x70, 0x4c, 0x00, 0x47, 0x70, 0x4c, 0x00, 0x47, 0x70, 0x4c, 0x00, 0x47, 0x70, 0x4c, 0x00,
    0x47, 0x70, 0x4c, 0x00, 0x47, 0x70, 0x4c, 0x00, 0x47, 0x70, 0x4c, 0x00, 0x47, 0x70, 0x4c, 0x00,
    0x47, 0x70, 0x4c, 0x00, 0x47, 0x70, 0x4c, 0x00, 0x47, 0x70, 0x4c, 0x00, 0x47, 0x70, 0x4c, 0x00,
    0x47, 0x70, 0x4c, 0x00, 0x47, 0x70, 0x4c, 0x00, 0x47, 0x70, 0x4c, 0x00, 0x47, 0x70, 0x4c, 0x00,
    0x47, 0x70, 0x4c, 0x00, 0x47, 0x70, 0x4c, 0x00, 0x47, 0x70, 0x4c, 0x00, 0x47, 0x70, 0x4c, 0x00,
    0x47, 0x70, 0x4c, 0x00, 0x47, 0x70, 0x4c, 0x00, 0x47, 0x70, 0x4c, 0x00, 0x47, 0x70, 0x4c, 0x00,
    0x47, 0x70, 0x4c, 0x00, 0x47, 0x70, 0x4c, 0x00, 0x47, 0x70, 0x4c, 0x00, 0x47, 0x70, 0x4c, 0x00,
    0x47, 0x70, 0x4c, 0x00, 0x47, 0x70, 0x4c, 0x00, 0x47, 0x70, 0x4c, 0x00, 0x47, 0x70, 0x4c, 0x00,
    0x47, 0x70, 0x4c, 0x00, 0x47, 0x70, 0x4c, 0x00, 0x47, 0x70, 0x4c, 0x00, 0x47, 0x70, 0x4c, 0x00,
    0x47, 0x70, 0x4c, 0x00, 0x47, 0x70, 0x4c, 0x00, 0x47, 0x70, 0x4c, 0x00, 0x47, 0x70, 0x4c, 0x00,
    0x47, 0x70, 0x4c, 0x00, 0x47, 0x70, 0x4c, 0x00, 0x47, 0x70, 0x4c, 0x00, 0x47, 0x70, 0x4c, 0x00,
    0x47, 0x70, 0x4c, 0x00, 0x47, 0x70, 0x4c, 0x00, 0x47, 0x70, 0x4c, 0x00, 0x47, 0x70, 0x4c, 0x00,
    0x47, 0x70, 0x4c, 0x00, 0x47, 0x70, 0x4c, 0x00, 0x47, 0x70, 0x4c, 0x00, 0x47, 0x70, 0x4c, 0x00,
    0x47, 0x70, 0x4c, 0x00, 0x47, 0x70, 0x4c, 0x00, 0x47, 0x70, 0x4c, 0x00, 0x47, 0x70, 0x4c, 0x00,
    0x47, 0x70, 0x4c, 0x00, 0x47, 0x70, 0x4c, 0x00, 0x47, 0x70, 0x4c, 0x00, 0x47, 0x70, 0x4c, 0x00,
    0x47, 0x70, 0x4c, 0x00, 0x47, 0x70, 0x4c, 0x00, 0x47, 0x70, 0x4c, 0x00, 0x47, 0x70, 0x4c, 0x00,
    0x47, 0x70, 0x4c, 0x00, 0x47, 0x70, 0x4c, 0x00, 0x47, 0x70, 0x4c, 0x00, 0x47, 0x70, 0x4c, 0x00,
    0x47, 0x70, 0x4c, 0x00, 0x47, 0x70, 0x4c, 0x00, 0x47, 0x70, 0x4c, 0x00, 0x47, 0x70, 0x4c, 0x00,
    0x47, 0x70, 0x4c, 0x00, 0x47, 0x70, 0x4c, 0x00, 0x47, 0x70, 0x4c, 0x00, 0x47, 0x70, 0x4c, 0x00,
    0x47, 0x70, 0x4c, 0x00, 0x47, 0x70, 0x4c, 0x00, 0x47, 0x70, 0x4c, 0x00, 0x47, 0x70, 0x4c, 0x00,
    0x47, 0x70, 0x4c, 0x00, 0x47, 0x70, 0x4c, 0x00, 0x47, 0x70, 0x4c, 0x00, 0x47, 0x70, 0x4c, 0x00,
    0x47, 0x70, 0x4c, 0x00, 0x47, 0x70, 0x4c, 0x00, 0x47, 0x70, 0x4c, 0x00, 0x47, 0x70, 0x4c, 0x00,
    0x47, 0x70, 0x4c, 0x00, 0x47, 0x70, 0x4c, 0x00, 0x47, 0x70, 0x4c, 0x00, 0x47, 0x70, 0x4c, 0x00,
    0x47, 0x70, 0x4c, 0x00, 0x47, 0x70, 0x4c, 0x00, 0x47, 0x70, 0x4c, 0x00, 0x47, 0x70, 0x4c, 0x00,
    0x47, 0x70, 0x4c, 0x00, 0x47, 0x70, 0x4c, 0x00, 0x47, 0x70, 0x4c, 0x00, 0x47, 0x70, 0x4c, 0x00,
    0x47, 0x70, 0x4c, 0x00, 0x47, 0x70, 0x4c, 0x00, 0xf1, 0xee, 0xf2, 0x52, 0xfd, 0xfd, 0xfd, 0xfd,
    0xfd, 0xfd, 0xfd, 0xfd, 0xf1, 0xee, 0xf2, 0x52, 0x47, 0x70, 0x4c, 0x00, 0x47, 0x70, 0x4c, 0x00,
    0x47, 0x70, 0x4c, 0x00, 0x47, 0x70, 0x4c, 0x00, 0x47, 0x70, 0x4c, 0x00, 0x47, 0x70, 0x4c, 0x00,
    0x47, 0x70, 0x4c, 0x00, 0x47, 0x70, 0x4c, 0x00, 0x47, 0x70, 0x4c, 0x00, 0x47, 0x70, 0x4c, 0x00,
    0x47, 0x70, 0x4c, 0x00, 0x47, 0x70, 0x4c, 0x00, 0x47, 0x70, 0x4c, 0x00, 0x47, 0x70, 0x4c, 0x00,
    0x47, 0x70, 0x4c, 0x00, 0x47, 0x70, 0x4c, 0x00, 0x47, 0x70, 0x4c, 0x00, 0x47, 0x70, 0x4c, 0x00,
    0x47, 0x70, 0x4c, 0x00, 0x47, 0x70, 0x4c, 0x00, 0x47, 0x70, 0x4c, 0x00, 0x47, 0x70, 0x4c, 0x00,
    0x47, 0x70, 0x4c, 0x00, 0x47, 0x70, 0x4c, 0x00, 0x47, 0x70, 0x4c, 0x00, 0x47, 0x70, 0x4c, 0x00,
    0x47, 0x70, 0x4c, 0x00, 0x47, 0x70, 0x4c, 0x00, 0x47, 0x70, 0x4c, 0x00, 0x47, 0x70, 0x4c, 0x00,
    0x47, 0x70, 0x4c, 0x00, 0x47, 0x70, 0x4c, 0x00, 0x47, 0x70, 0x4c, 0x00, 0x47, 0x70, 0x4c, 0x00,
    0x47, 0x70, 0x4c, 0x00, 0x47, 0x70, 0x4c, 0x00, 0x47, 0x70, 0x4c, 0x00, 0x47, 0x70, 0x4c, 0x00,
    0x47, 0x70, 0x4c, 0x00, 0x47, 0x70, 0x4c, 0x00, 0x47, 0x70, 0x4c, 0x00, 0x47, 0x70, 0x4c, 0x00,
    0x47, 0x70, 0x4c, 0x00, 0x47, 0x70, 0x4c, 0x00, 0x47, 0x70, 0x4c, 0x00, 0x47, 0x70, 0x4c, 0x00,
    0x47, 0x70, 0x4c, 0x00, 0x47, 0x70, 0x4c, 0x00, 0x47, 0x70, 0x4c, 0x00, 0x47, 0x70, 0x4c, 0x00,
    0x47, 0x70, 0x4c, 0x00, 0x47, 0x70, 0x4c, 0x00, 0x47, 0x70, 0x4c, 0x00, 0x47, 0x70, 0x4c, 0x00,
    0x47, 0x70, 0x4c, 0x00, 0x47, 0x70, 0x4c, 0x00, 0x47, 0x70, 0x4c, 0x00, 0x47, 0x70, 0x4c, 0x00,
    0x47, 0x70, 0x4c, 0x00, 0x47, 0x70, 0x4c, 0x00, 0x47, 0x70, 0x4c, 0x00, 0x47, 0x70, 0x4c, 0x00,
    0x47, 0x70, 0x4c, 0x00, 0x47, 0x70, 0x4c, 0x00, 0x47, 0x70, 0x4c, 0x00, 0x47, 0x70, 0x4c, 0x00,
    0x47, 0x70, 0x4c, 0x00, 0x47, 0x70, 0x4c, 0x00, 0x47, 0x70, 0x4c, 0x00, 0x47, 0x70, 0x4c, 0x00,
    0x47, 0x70, 0x4c, 0x00, 0x47, 0x70, 0x4c, 0x00, 0x47, 0x70, 0x4c, 0x00, 0x47, 0x70, 0x4c, 0x00,
    0x47, 0x70, 0x4c, 0x00, 0x47, 0x70, 0x4c, 0x00, 0x47, 0x70, 0x4c, 0x00, 0x47, 0x70, 0x4c, 0x00,
    0x47, 0x70, 0x4c, 0x00, 0x47, 0x70, 0x4c, 0x00, 0x47, 0x70, 0x4c, 0x00, 0x47, 0x70, 0x4c, 0x00,
    0x47, 0x70, 0x4c, 0x00, 0x47, 0x70, 0x4c, 0x00, 0x47, 0x70, 0x4c, 0x00, 0x47, 0x70, 0x4c, 0x00,
    0x47, 0x70, 0x4c, 0x00, 0x47, 0x70, 0x4c, 0x00, 0x47, 0x70, 0x4c, 0x00, 0x47, 0x70, 0x4c, 0x00,
    0x47, 0x70, 0x4c, 0x00, 0x47, 0x70, 0x4c, 0x00, 0x47, 0x70, 0x4c, 0x00, 0x47, 0x70, 0x4c, 0x00,
    0x47, 0x70, 0x4c, 0x00, 0x47, 0x70, 0x4c, 0x00, 0x47, 0x70, 0x4c, 0x00, 0x47, 0x70, 0x4c, 0x00,
    0x47, 0x70, 0x4c, 0x00, 0x47, 0x70, 0x4c, 0x00, 0x47, 0x70, 0x4c, 0x00, 0x47, 0x70, 0x4c, 0x00,
    0x47, 0x70, 0x4c, 0x00, 0x47, 0x70, 0x4c, 0x00, 0x47, 0x70, 0x4c, 0x00, 0x47, 0x70, 0x4c, 0x00,
    0x47, 0x70, 0x4c, 0x00, 0x47, 0x70, 0x4c, 0x00, 0x47, 0x70, 0x4c, 0x00, 0x47, 0x70, 0x4c, 0x00,
    0x47, 0x70, 0x4c, 0x00, 0x47, 0x70, 0x4c, 0x00, 0x47, 0x70, 0x4c, 0x00, 0x47, 0x70, 0x4c, 0x00,
    0x47, 0x70, 0x4c, 0x00, 0x47, 0x70, 0x4c, 0x00, 0x47, 0x70, 0x4c, 0x00, 0x47, 0x70, 0x4c, 0x00,
    0x47, 0x70, 0x4c, 0x00, 0x47, 0x70, 0x4c, 0x00, 0x47, 0x70, 0x4c, 0x00, 0x47, 0x70, 0x4c, 0x00,
    0x47, 0x70, 0x4c, 0x00, 0x47, 0x70, 0x4c, 0x00, 0xf1, 0xee, 0xf2, 0x52, 0xfd, 0xfd, 0xfd, 0xfd,
    0xfd, 0xfd, 0xfd, 0xfd, 0xf1, 0xee, 0xf2, 0x52, 0x47, 0x70, 0x4c, 0x00, 0x47, 0x70, 0x4c, 0x00,
    0x47, 0x70, 0x4c, 0x00, 0x47, 0x70, 0x4c, 0x00, 0x47, 0x70, 0x4c, 0x00, 0x47, 0x70, 0x4c, 0x00,
    0x47, 0x70, 0x4c, 0x00, 0x47, 0x70, 0x4c, 0x00, 0x47, 0x70, 0x4c, 0x00, 0x47, 0x70, 0x4c, 0x00,
    0x47, 0x70, 0x4c, 0x00, 0x47, 0x70, 0x4c, 0x00, 0x47, 0x70, 0x4c, 0x00, 0x47, 0x70, 0x4c, 0x00,
    0x47, 0x70, 0x4c, 0x00, 0x47, 0x70, 0x4c, 0x00, 0x47, 0x70, 0x4c, 0x00, 0x47, 0x70, 0x4c, 0x00,
    0x47, 0x70, 0x4c, 0x00, 0x47, 0x70, 0x4c, 0x00, 0x47, 0x70, 0x4c, 0x00, 0x47, 0x70, 0x4c, 0x00,
    0x47, 0x70, 0x4c, 0x00, 0x47, 0x70, 0x4c, 0x00, 0x47, 0x70, 0x4c, 0x00, 0x47, 0x70, 0x4c, 0x00,
    0x47, 0x70, 0x4c, 0x00, 0x47, 0x70, 0x4c, 0x00, 0x47, 0x70, 0x4c, 0x00, 0x47, 0x70, 0x4c, 0x00,
    0x47, 0x70, 0x4c, 0x00, 0x47, 0x70, 0x4c, 0x00, 0x47, 0x70, 0x4c, 0x00, 0x47, 0x70, 0x4c, 0x00,
    0x47, 0x70, 0x4c, 0x00, 0x47, 0x70, 0x4c, 0x00, 0x47, 0x70, 0x4c, 0x00, 0x47, 0x70, 0x4c, 0x00,
    0x47, 0x70, 0x4c, 0x00, 0x47, 0x70, 0x4c, 0x00, 0x47, 0x70, 0x4c, 0x00, 0x47, 0x70, 0x4c, 0x00,
    0x47, 0x70, 0x4c, 0x00, 0x47, 0x70, 0x4c, 0x00, 0x47, 0x70, 0x4c, 0x00, 0x47, 0x70, 0x4c, 0x00,
    0x47, 0x70, 0x4c, 0x00, 0x47, 0x70, 0x4c, 0x00, 0x47, 0x70, 0x4c, 0x00, 0x47, 0x70, 0x4c, 0x00,
    0x47, 0x70, 0x4c, 0x00, 0x47, 0x70, 0x4c, 0x00, 0x47, 0x70, 0x4c, 0x00, 0x47, 0x70, 0x4c, 0x00,
    0x47, 0x70, 0x4c, 0x00, 0x47, 0x70, 0x4c, 0x00, 0x47, 0x70, 0x4c, 0x00, 0x47, 0x70, 0x4c, 0x00,
    0x47, 0x70, 0x4c, 0x00, 0x47, 0x70, 0x4c, 0x00, 0x47, 0x70, 0x4c, 0x00, 0x47, 0x70, 0x4c, 0x00,
    0x47, 0x70, 0x4c, 0x00, 0x47, 0x70, 0x4c, 0x00, 0x47, 0x70, 0x4c, 0x00, 0x47, 0x70, 0x4c, 0x00,
    0x47, 0x70, 0x4c, 0x00, 0x47, 0x70, 0x4c, 0x00, 0x47, 0x70, 0x4c, 0x00, 0x47, 0x70, 0x4c, 0x00,
    0x47, 0x70, 0x4c, 0x00, 0x47, 0x70, 0x4c, 0x00, 0x47, 0x70, 0x4c, 0x00, 0x47, 0x70, 0x4c, 0x00,
    0x47, 0x70, 0x4c, 0x00, 0x47, 0x70, 0x4c, 0x00, 0x47, 0x70, 0x4c, 0x00, 0x47, 0x70, 0x4c, 0x00,
    0x47, 0x70, 0x4c, 0x00, 0x47, 0x70, 0x4c, 0x00, 0x47, 0x70, 0x4c, 0x00, 0x47, 0x70, 0x4c, 0x00,
    0x47, 0x70, 0x4c, 0x00, 0x47, 0x70, 0x4c, 0x00, 0x47, 0x70, 0x4c, 0x00, 0x47, 0x70, 0x4c, 0x00,
    0x47, 0x70, 0x4c, 0x00, 0x47, 0x70, 0x4c, 0x00, 0x47, 0x70, 0x4c, 0x00, 0x47, 0x70, 0x4c, 0x00,
    0x47, 0x70, 0x4c, 0x00, 0x47, 0x70, 0x4c, 0x00, 0x47, 0x70, 0x4c, 0x00, 0x47, 0x70, 0x4c, 0x00,
    0x47, 0x70, 0x4c, 0x00, 0x47, 0x70, 0x4c, 0x00, 0x47, 0x70, 0x4c, 0x00, 0x47, 0x70, 0x4c, 0x00,
    0x47, 0x70, 0x4c, 0x00, 0x47, 0x70, 0x4c, 0x00, 0x47, 0x70, 0x4c, 0x00, 0x47, 0x70, 0x4c, 0x00,
    0x47, 0x70, 0x4c, 0x00, 0x47, 0x70, 0x4c, 0x00, 0x47, 0x70, 0x4c, 0x00, 0x47, 0x70, 0x4c, 0x00,
    0x47, 0x70, 0x4c, 0x00, 0x47, 0x70, 0x4c, 0x00, 0x47, 0x70, 0x4c, 0x00, 0x47, 0x70, 0x4c, 0x00,
    0x47, 0x70, 0x4c, 0x00, 0x47, 0x70, 0x4c, 0x00, 0x47, 0x70, 0x4c, 0x00, 0x47, 0x70, 0x4c, 0x00,
    0x47, 0x70, 0x4c, 0x00, 0x47, 0x70, 0x4c, 0x00, 0x47, 0x70, 0x4c, 0x00, 0x47, 0x70, 0x4c, 0x00,
    0x47, 0x70, 0x4c, 0x00, 0x47, 0x70, 0x4c, 0x00, 0x47, 0x70, 0x4c, 0x00, 0x47, 0x70, 0x4c, 0x00,
    0x47, 0x70, 0x4c, 0x00, 0x47, 0x70, 0x4c, 0x00, 0xf1, 0xee, 0xf2, 0x52, 0xfd, 0xfd, 0xfd, 0xfd,
    0xfd, 0xfd, 0xfd, 0xfd, 0xf1, 0xee, 0xf2, 0x52, 0x47, 0x70, 0x4c, 0x00, 0x47, 0x70, 0x4c, 0x00,
    0x47, 0x70, 0x4c, 0x00, 0x47, 0x70, 0x4c, 0x00, 0x47, 0x70, 0x4c, 0x00, 0x47, 0x70, 0x4c, 0x00,
    0x47, 0x70, 0x4c, 0x00, 0x47, 0x70, 0x4c, 0x00, 0x47, 0x70, 0x4c, 0x00, 0x47, 0x70, 0x4c, 0x00,
    0x47, 0x70, 0x4c, 0x00, 0x47, 0x70, 0x4c, 0x00, 0x47, 0x70, 0x4c, 0x00, 0x47, 0x70, 0x4c, 0x00,
    0x47, 0x70, 0x4c, 0x00, 0x47, 0x70, 0x4c, 0x00, 0x47, 0x70, 0x4c, 0x00, 0x47, 0x70, 0x4c, 0x00,
    0x47, 0x70, 0x4c, 0x00, 0x47, 0x70, 0x4c, 0x00, 0x47, 0x70, 0x4c, 0x00, 0x47, 0x70, 0x4c, 0x00,
    0x47, 0x70, 0x4c, 0x00, 0x47, 0x70, 0x4c, 0x00, 0x47, 0x70, 0x4c, 0x00, 0x47, 0x70, 0x4c, 0x00,
    0x47, 0x70, 0x4c, 0x00, 0x47, 0x70, 0x4c, 0x00, 0x47, 0x70, 0x4c, 0x00, 0x47, 0x70, 0x4c, 0x00,
    0x47, 0x70, 0x4c, 0x00, 0x47, 0x70, 0x4c, 0x00, 0x47, 0x70, 0x4c, 0x00, 0x47, 0x70, 0x4c, 0x00,
    0x47, 0x70, 0x4c, 0x00, 0x47, 0x70, 0x4c, 0x00, 0x47, 0x70, 0x4c, 0x00, 0x47, 0x70, 0x4c, 0x00,
    0x47, 0x70, 0x4c, 0x00, 0x47, 0x70, 0x4c, 0x00, 0x47, 0x70, 0x4c, 0x00, 0x47, 0x70, 0x4c, 0x00,
    0x47, 0x70, 0x4c, 0x00, 0x47, 0x70, 0x4c, 0x00, 0x47, 0x70, 0x4c, 0x00, 0x47, 0x70, 0x4c, 0x00,
    0x47, 0x70, 0x4c, 0x00, 0x47, 0x70, 0x4c, 0x00, 0x47, 0x70, 0x4c, 0x00, 0x47, 0x70, 0x4c, 0x00,
    0x47, 0x70, 0x4c, 0x00, 0x47, 0x70, 0x4c, 0x00, 0x47, 0x70, 0x4c, 0x00, 0x47, 0x70, 0x4c, 0x00,
    0x47, 0x70, 0x4c, 0x00, 0x47, 0x70, 0x4c, 0x00, 0x47, 0x70, 0x4c, 0x00, 0x47, 0x70, 0x4c, 0x00,
    0x47, 0x70, 0x4c, 0x00, 0x47, 0x70, 0x4c, 0x00, 0x47, 0x70, 0x4c, 0x00, 0x47, 0x70, 0x4c, 0x00,
    0x47, 0x70, 0x4c, 0x00, 0x47, 0x70, 0x4c, 0x00, 0x47, 0x70, 0x4c, 0x00, 0x47, 0x70, 0x4c, 0x00,
    0x47, 0x70, 0x4c, 0x00, 0x47, 0x70, 0x4c, 0x00, 0x47, 0x70, 0x4c, 0x00, 0x47, 0x70, 0x4c, 0x00,
    0x47, 0x70, 0x4c, 0x00, 0x47, 0x70, 0x4c, 0x00, 0x47, 0x70, 0x4c, 0x00, 0x47, 0x70, 0x4c, 0x00,
    0x47, 0x70, 0x4c, 0x00, 0x47, 0x70, 0x4c, 0x00, 0x47, 0x70, 0x4c, 0x00, 0x47, 0x70, 0x4c, 0x00,
    0x47, 0x70, 0x4c, 0x00, 0x47, 0x70, 0x4c, 0x00, 0x47, 0x70, 0x4c, 0x00, 0x47, 0x70, 0x4c, 0x00,
    0x47, 0x70, 0x4c, 0x00, 0x47, 0x70, 0x4c, 0x00, 0x47, 0x70, 0x4c, 0x00, 0x47, 0x70, 0x4c, 0x00,
    0x47, 0x70, 0x4c, 0x00, 0x47, 0x70, 0x4c, 0x00, 0x47, 0x70, 0x4c, 0x00, 0x47, 0x70, 0x4c, 0x00,
    0x47, 0x70, 0x4c, 0x00, 0x47, 0x70, 0x4c, 0x00, 0x47, 0x70, 0x4c, 0x00, 0x47, 0x70, 0x4c, 0x00,
    0x47, 0x70, 0x4c, 0x00, 0x47, 0x70, 0x4c, 0x00, 0x47, 0x70, 0x4c, 0x00, 0x47, 0x70, 0x4c, 0x00,
    0x47, 0x70, 0x4c, 0x00, 0x47, 0x70, 0x4c, 0x00, 0x47, 0x70, 0x4c, 0x00, 0x47, 0x70, 0x4c, 0x00,
    0x47, 0x70, 0x4c, 0x00, 0x47, 0x70, 0x4c, 0x00, 0x47, 0x70, 0x4c, 0x00, 0x47, 0x70, 0x4c, 0x00,
    0x47, 0x70, 0x4c, 0x00, 0x47, 0x70, 0x4c, 0x00, 0x47, 0x70, 0x4c, 0x00, 0x47, 0x70, 0x4c, 0x00,
    0x47, 0x70, 0x4c, 0x00, 0x47, 0x70, 0x4c, 0x00, 0x47, 0x70, 0x4c, 0x00, 0x47, 0x70, 0x4c, 0x00,
    0x47, 0x70, 0x4c, 0x00, 0x47, 0x70, 0x4c, 0x00, 0x47, 0x70, 0x4c, 0x00, 0x47, 0x70, 0x4c, 0x00,
    0x47, 0x70, 0x4c, 0x00, 0x47, 0x70, 0x4c, 0x00, 0x53, 0x3a, 0x5c, 0x01, 0xd8, 0xce, 0xdb, 0x0a,
    0xe4, 0xde, 0xe6, 0x18, 0xe8, 0xe3, 0xea, 0x22, 0xf3, 0xf0, 0xf4, 0x6d, 0xfd, 0xfd, 0xfd, 0xfd,
    0xfd, 0xfd, 0xfd, 0xfd, 0xf3, 0xf0, 0xf4, 0x6d, 0xe8, 0xe3, 0xea, 0x22, 0xe4, 0xde, 0xe6, 0x18,
    0xd8, 0xce, 0xdb, 0x0a, 0x9c, 0x86, 0xa3, 0x02, 0x47, 0x70, 0x4c, 0x00, 0x47, 0x70, 0x4c, 0x00,
    0x47, 0x70, 0x4c, 0x00, 0x47, 0x70, 0x4c, 0x00, 0x47, 0x70, 0x4c, 0x00, 0x47, 0x70, 0x4c, 0x00,
    0x47, 0x70, 0x4c, 0x00, 0x47, 0x70, 0x4c, 0x00, 0x47, 0x70, 0x4c, 0x00, 0x47, 0x70, 0x4c, 0x00,
    0x47, 0x70, 0x4c, 0x00, 0x47, 0x70, 0x4c, 0x00, 0x47, 0x70, 0x4c, 0x00, 0x47, 0x70, 0x4c, 0x00,
    0x47, 0x70, 0x4c, 0x00, 0x47, 0x70, 0x4c, 0x00, 0x47, 0x70, 0x4c, 0x00, 0x47, 0x70, 0x4c, 0x00,
    0x47, 0x70, 0x4c, 0x00, 0x47, 0x70, 0x4c, 0x00, 0x47, 0x70, 0x4c, 0x00, 0x47, 0x70, 0x4c, 0x00,
    0x47, 0x70, 0x4c, 0x00, 0x53, 0x3a, 0x5c, 0x01, 0xe8, 0xe3, 0xea, 0x22, 0xed, 0xe9, 0xef, 0x35,
    0xeb, 0xe6, 0xed, 0x2c, 0xc8, 0xbb, 0xcc, 0x05, 0x47, 0x70, 0x4c, 0x00, 0x47, 0x70, 0x4c, 0x00,
    0x47, 0x70, 0x4c, 0x00, 0x47, 0x70, 0x4c, 0x00, 0x47, 0x70, 0x4c, 0x00, 0x47, 0x70, 0x4c, 0x00,
    0x47, 0x70, 0x4c, 0x00, 0x47, 0x70, 0x4c, 0x00, 0x47, 0x70, 0x4c, 0x00, 0x47, 0x70, 0x4c, 0x00,
    0x47, 0x70, 0x4c, 0x00, 0x47, 0x70, 0x4c, 0x00, 0x47, 0x70, 0x4c, 0x00, 0x47, 0x70, 0x4c, 0x00,
    0x47, 0x70, 0x4c, 0x00, 0x47, 0x70, 0x4c, 0x00, 0x47, 0x70, 0x4c, 0x00, 0x47, 0x70, 0x4c, 0x00,
    0x47, 0x70, 0x4c, 0x00, 0x47, 0x70, 0x4c, 0x00, 0x47, 0x70, 0x4c, 0x00, 0x47, 0x70, 0x4c, 0x00,
    0x47, 0x70, 0x4c, 0x00, 0x47, 0x70, 0x4c, 0x00, 0x47, 0x70, 0x4c, 0x00, 0x47, 0x70, 0x4c, 0x00,
    0x47, 0x70, 0x4c, 0x00, 0x47, 0x70, 0x4c, 0x00, 0x47, 0x70, 0x4c, 0x00, 0x47, 0x70, 0x4c, 0x00,
    0x47, 0x70, 0x4c, 0x00, 0x47, 0x70, 0x4c, 0x00, 0x47, 0x70, 0x4c, 0x00, 0x47, 0x70, 0x4c, 0x00,
    0x47, 0x70, 0x4c, 0x00, 0x47, 0x70, 0x4c, 0x00, 0x47, 0x70, 0x4c, 0x00, 0x47, 0x70, 0x4c, 0x00,
    0x47, 0x70, 0x4c, 0x00, 0x47, 0x70, 0x4c, 0x00, 0x47, 0x70, 0x4c, 0x00, 0x47, 0x70, 0x4c, 0x00,
    0x47, 0x70, 0x4c, 0x00, 0x47, 0x70, 0x4c, 0x00, 0x47, 0x70, 0x4c, 0x00, 0x47, 0x70, 0x4c, 0x00,
    0x47, 0x70, 0x4c, 0x00, 0x47, 0x70, 0x4c, 0x00, 0x47, 0x70, 0x4c, 0x00, 0x47, 0x70, 0x4c, 0x00,
    0x47, 0x70, 0x4c, 0x00, 0x47, 0x70, 0x4c, 0x00, 0x47, 0x70, 0x4c, 0x00, 0x47, 0x70, 0x4c, 0x00,
    0x47, 0x70, 0x4c, 0x00, 0x47, 0x70, 0x4c, 0x00, 0x47, 0x70, 0x4c, 0x00, 0x47, 0x70, 0x4c, 0x00,
    0x47, 0x70, 0x4c, 0x00, 0x47, 0x70, 0x4c, 0x00, 0x47, 0x70, 0x4c, 0x00, 0x47, 0x70, 0x4c, 0x00,
    0x47, 0x70, 0x4c, 0x00, 0x47, 0x70, 0x4c, 0x00, 0x47, 0x70, 0x4c, 0x00, 0x47, 0x70, 0x4c, 0x00,
    0x47, 0x70, 0x4c, 0x00, 0x47, 0x70, 0x4c, 0x00, 0x47, 0x70, 0x4c, 0x00, 0x47, 0x70, 0x4c, 0x00,
    0x47, 0x70, 0x4c, 0x00, 0x47, 0x70, 0x4c, 0x00, 0x47, 0x70, 0x4c, 0x00, 0x47, 0x70, 0x4c, 0x00,
    0x47, 0x70, 0x4c, 0x00, 0x47, 0x70, 0x4c, 0x00, 0x47, 0x70, 0x4c, 0x00, 0x47, 0x70, 0x4c, 0x00,
    0x47, 0x70, 0x4c, 0x00, 0x47, 0x70, 0x4c, 0x00, 0x47, 0x70, 0x4c, 0x00, 0x47, 0x70, 0x4c, 0x00,
    0x47, 0x70, 0x4c, 0x00, 0x47, 0x70, 0x4c, 0x00, 0xd8, 0xce, 0xdb, 0x0a, 0xe8, 0xe3, 0xea, 0x22,
    0xef, 0xec, 0xf0, 0x4a, 0xf4, 0xf1, 0xf5, 0x78, 0xf7, 0xf5, 0xf7, 0xa2, 0xf9, 0xf7, 0xf9, 0xc1,
    0xfa, 0xf9, 0xfb, 0xd7, 0xfb, 0xfa, 0xfb, 0xe3, 0xfc, 0xfb, 0xfc, 0xef, 0xfe, 0xfe, 0xfe, 0xff,
    0xfe, 0xfe, 0xfe, 0xff, 0xfc, 0xfb, 0xfc, 0xef, 0xfb, 0xfa, 0xfb, 0xe3, 0xfa, 0xf9, 0xfb, 0xd7,
    0xf9, 0xf7, 0xf9, 0xc1, 0xf7, 0xf5, 0xf8, 0xab, 0xf4, 0xf2, 0xf5, 0x82, 0xf1, 0xee, 0xf2, 0x52,
    0xeb, 0xe6, 0xed, 0x2c, 0xd8, 0xce, 0xdb, 0x0a, 0x47, 0x70, 0x4c, 0x00, 0x47, 0x70, 0x4c, 0x00,
    0x47, 0x70, 0x4c, 0x00, 0x47, 0x70, 0x4c, 0x00, 0x47, 0x70, 0x4c, 0x00, 0x47, 0x70, 0x4c, 0x00,
    0x47, 0x70, 0x4c, 0x00, 0x47, 0x70, 0x4c, 0x00, 0x47, 0x70, 0x4c, 0x00, 0x47, 0x70, 0x4c, 0x00,
    0x47, 0x70, 0x4c, 0x00, 0x47, 0x70, 0x4c, 0x00, 0x47, 0x70, 0x4c, 0x00, 0x47, 0x70, 0x4c, 0x00,
    0x47, 0x70, 0x4c, 0x00, 0x47, 0x70, 0x4c, 0x00, 0x47, 0x70, 0x4c, 0x00, 0x47, 0x70, 0x4c, 0x00,
    0xe0, 0xd8, 0xe2, 0x10, 0xf4, 0xf2, 0xf5, 0x82, 0xfb, 0xfa, 0xfb, 0xe3, 0xfc, 0xfb, 0xfc, 0xef,
    0xfb, 0xfa, 0xfb, 0xe3, 0xf7, 0xf5, 0xf7, 0xa2, 0xe8, 0xe3, 0xea, 0x22, 0x47, 0x70, 0x4c, 0x00,
    0x47, 0x70, 0x4c, 0x00, 0x47, 0x70, 0x4c, 0x00, 0x47, 0x70, 0x4c, 0x00, 0x47, 0x70, 0x4c, 0x00,
    0x47, 0x70, 0x4c, 0x00, 0x47, 0x70, 0x4c, 0x00, 0x47, 0x70, 0x4c, 0x00, 0x47, 0x70, 0x4c, 0x00,
    0x47, 0x70, 0x4c, 0x00, 0x47, 0x70, 0x4c, 0x00, 0x47, 0x70, 0x4c, 0x00, 0x47, 0x70, 0x4c, 0x00,
    0x47, 0x70, 0x4c, 0x00, 0x47, 0x70, 0x4c, 0x00, 0x47, 0x70, 0x4c, 0x00, 0x47, 0x70, 0x4c, 0x00,
    0x47, 0x70, 0x4c, 0x00, 0x47, 0x70, 0x4c, 0x00, 0x47, 0x70, 0x4c, 0x00, 0x47, 0x70, 0x4c, 0x00,
    0x47, 0x70, 0x4c, 0x00, 0x47, 0x70, 0x4c, 0x00, 0x47, 0x70, 0x4c, 0x00, 0x47, 0x70, 0x4c, 0x00,
    0x47, 0x70, 0x4c, 0x00, 0x47, 0x70, 0x4c, 0x00, 0x47, 0x70, 0x4c, 0x00, 0x47, 0x70, 0x4c, 0x00,
    0x47, 0x70, 0x4c, 0x00, 0x47, 0x70, 0x4c, 0x00, 0x47, 0x70, 0x4c, 0x00, 0x47, 0x70, 0x4c, 0x00,
    0x47, 0x70, 0x4c, 0x00, 0x47, 0x70, 0x4c, 0x00, 0x47, 0x70, 0x4c, 0x00, 0x47, 0x70, 0x4c, 0x00,
    0x47, 0x70, 0x4c, 0x00, 0x47, 0x70, 0x4c, 0x00, 0x47, 0x70, 0x4c, 0x00, 0x47, 0x70, 0x4c, 0x00,
    0x47, 0x70, 0x4c, 0x00, 0x47, 0x70, 0x4c, 0x00, 0x47, 0x70, 0x4c, 0x00, 0x47, 0x70, 0x4c, 0x00,
    0x47, 0x70, 0x4c, 0x00, 0x47, 0x70, 0x4c, 0x00, 0x47, 0x70, 0x4c, 0x00, 0x47, 0x70, 0x4c, 0x00,
    0x47, 0x70, 0x4c, 0x00, 0x47, 0x70, 0x4c, 0x00, 0x47, 0x70, 0x4c, 0x00, 0x47, 0x70, 0x4c, 0x00,
    0x47, 0x70, 0x4c, 0x00, 0x47, 0x70, 0x4c, 0x00, 0x47, 0x70, 0x4c, 0x00, 0x47, 0x70, 0x4c, 0x00,
    0x47, 0x70, 0x4c, 0x00, 0x47, 0x70, 0x4c, 0x00, 0x47, 0x70, 0x4c, 0x00, 0x47, 0x70, 0x4c, 0x00,
    0x47, 0x70, 0x4c, 0x00, 0x47, 0x70, 0x4c, 0x00, 0x47, 0x70, 0x4c, 0x00, 0x47, 0x70, 0x4c, 0x00,
    0x47, 0x70, 0x4c, 0x00, 0x47, 0x70, 0x4c, 0x00, 0x47, 0x70, 0x4c, 0x00, 0x47, 0x70, 0x4c, 0x00,
    0x47, 0x70, 0x4c, 0x00, 0x47, 0x70, 0x4c, 0x00, 0x47, 0x70, 0x4c, 0x00, 0x47, 0x70, 0x4c, 0x00,
    0x47, 0x70, 0x4c, 0x00, 0x47, 0x70, 0x4c, 0x00, 0x47, 0x70, 0x4c, 0x00, 0x47, 0x70, 0x4c, 0x00,
    0x47, 0x70, 0x4c, 0x00, 0x47, 0x70, 0x4c, 0x00, 0x47, 0x70, 0x4c, 0x00, 0xd8, 0xce, 0xdb, 0x0a,
    0xed, 0xe9, 0xef, 0x35, 0xf4, 0xf1, 0xf5, 0x78, 0xf8, 0xf6, 0xf9, 0xb6, 0xfb, 0xfa, 0xfb, 0xe3,
    0xfd, 0xfc, 0xfd, 0xf7, 0xfe, 0xfe, 0xfe, 0xff, 0xfe, 0xfe, 0xfe, 0xff, 0xfe, 0xfe, 0xfe, 0xff,
    0xfe, 0xfe, 0xfe, 0xff, 0xfe, 0xfe, 0xfe, 0xff, 0xfe, 0xfe, 0xfe, 0xff, 0xfe, 0xfe, 0xfe, 0xff,
    0xfe, 0xfe, 0xfe, 0xff, 0xfe, 0xfe, 0xfe, 0xff, 0xfe, 0xfe, 0xfe, 0xff, 0xff, 0xff, 0xff, 0xff,
    0xfe, 0xfe, 0xfe, 0xff, 0xfe, 0xfe, 0xfe, 0xff, 0xfe, 0xfe, 0xfe, 0xff, 0xfd, 0xfc, 0xfd, 0xf7,
    0xfb, 0xfa, 0xfb, 0xe3, 0xf9, 0xf7, 0xf9, 0xc1, 0xf4, 0xf2, 0xf5, 0x82, 0xee, 0xea, 0xef, 0x3f,
    0xd8, 0xce, 0xdb, 0x0a, 0x47, 0x70, 0x4c, 0x00, 0x47, 0x70, 0x4c, 0x00, 0x47, 0x70, 0x4c, 0x00,
    0x47, 0x70, 0x4c, 0x00, 0x47, 0x70, 0x4c, 0x00, 0x47, 0x70, 0x4c, 0x00, 0x47, 0x70, 0x4c, 0x00,
    0x47, 0x70, 0x4c, 0x00, 0x47, 0x70, 0x4c, 0x00, 0x47, 0x70, 0x4c, 0x00, 0x47, 0x70, 0x4c, 0x00,
    0x47, 0x70, 0x4c, 0x00, 0x47, 0x70, 0x4c, 0x00, 0x47, 0x70, 0x4c, 0x00, 0x9c, 0x86, 0xa3, 0x02,
    0xf6, 0xf3, 0xf6, 0x8d, 0xfd, 0xfd, 0xfd, 0xfd, 0xfe, 0xfe, 0xfe, 0xff, 0xfe, 0xfe, 0xfe, 0xff,
    0xfe, 0xfe, 0xfe, 0xff, 0xfe, 0xfe, 0xfe, 0xff, 0xf7, 0xf5, 0xf8, 0xab, 0xe0, 0xd8, 0xe2, 0x10,
    0x47, 0x70, 0x4c, 0x00, 0x47, 0x70, 0x4c, 0x00, 0x47, 0x70, 0x4c, 0x00, 0x47, 0x70, 0x4c, 0x00,
    0x47, 0x70, 0x4c, 0x00, 0x47, 0x70, 0x4c, 0x00, 0x47, 0x70, 0x4c, 0x00, 0x47, 0x70, 0x4c, 0x00,
    0x47, 0x70, 0x4c, 0x00, 0x47, 0x70, 0x4c, 0x00, 0x47, 0x70, 0x4c, 0x00, 0x47, 0x70, 0x4c, 0x00,
    0x47, 0x70, 0x4c, 0x00, 0x47, 0x70, 0x4c, 0x00, 0x47, 0x70, 0x4c, 0x00, 0x47, 0x70, 0x4c, 0x00,
    0x47, 0x70, 0x4c, 0x00, 0x47, 0x70, 0x4c, 0x00, 0x47, 0x70, 0x4c, 0x00, 0x47, 0x70, 0x4c, 0x00,
    0x47, 0x70, 0x4c, 0x00, 0x47, 0x70, 0x4c, 0x00, 0x47, 0x70, 0x4c, 0x00, 0x47, 0x70, 0x4c, 0x00,
    0x47, 0x70, 0x4c, 0x00, 0x47, 0x70, 0x4c, 0x00, 0x47, 0x70, 0x4c, 0x00, 0x47, 0x70, 0x4c, 0x00,
    0x47, 0x70, 0x4c, 0x00, 0x47, 0x70, 0x4c, 0x00, 0x47, 0x70, 0x4c, 0x00, 0x47, 0x70, 0x4c, 0x00,
    0x47, 0x70, 0x4c, 0x00, 0x47, 0x70, 0x4c, 0x00, 0x47, 0x70, 0x4c, 0x00, 0x47, 0x70, 0x4c, 0x00,
    0x47, 0x70, 0x4c, 0x00, 0x47, 0x70, 0x4c, 0x00, 0x47, 0x70, 0x4c, 0x00, 0x47, 0x70, 0x4c, 0x00,
    0x47, 0x70, 0x4c, 0x00, 0x47, 0x70, 0x4c, 0x00, 0x47, 0x70, 0x4c, 0x00, 0x47, 0x70, 0x4c, 0x00,
    0x47, 0x70, 0x4c, 0x00, 0x47, 0x70, 0x4c, 0x00, 0x47, 0x70, 0x4c, 0x00, 0x47, 0x70, 0x4c, 0x00,
    0x47, 0x70, 0x4c, 0x00, 0x47, 0x70, 0x4c, 0x00, 0x47, 0x70, 0x4c, 0x00, 0x47, 0x70, 0x4c, 0x00,
    0x47, 0x70, 0x4c, 0x00, 0x47, 0x70, 0x4c, 0x00, 0x47, 0x70, 0x4c, 0x00, 0x47, 0x70, 0x4c, 0x00,
    0x47, 0x70, 0x4c, 0x00, 0x47, 0x70, 0x4c, 0x00, 0x47, 0x70, 0x4c, 0x00, 0x47, 0x70, 0x4c, 0x00,
    0x47, 0x70, 0x4c, 0x00, 0x47, 0x70, 0x4c, 0x00, 0x47, 0x70, 0x4c, 0x00, 0x47, 0x70, 0x4c, 0x00,
    0x47, 0x70, 0x4c, 0x00, 0x47, 0x70, 0x4c, 0x00, 0x47, 0x70, 0x4c, 0x00, 0x47, 0x70, 0x4c, 0x00,
    0x47, 0x70, 0x4c, 0x00, 0x47, 0x70, 0x4c, 0x00, 0x47, 0x70, 0x4c, 0x00, 0x47, 0x70, 0x4c, 0x00,
    0x47, 0x70, 0x4c, 0x00, 0x47, 0x70, 0x4c, 0x00, 0x47, 0x70, 0x4c, 0x00, 0x47, 0x70, 0x4c, 0x00,
    0x47, 0x70, 0x4c, 0x00, 0xe4, 0xde, 0xe6, 0x18, 0xf1, 0xee, 0xf2, 0x60, 0xf8, 0xf6, 0xf9, 0xb6,
    0xfc, 0xfb, 0xfc, 0xef, 0xfe, 0xfe, 0xfe, 0xff, 0xfe, 0xfe, 0xfe, 0xff, 0xfe, 0xfe, 0xfe, 0xff,
    0xfe, 0xfe, 0xfe, 0xff, 0xfe, 0xfe, 0xfe, 0xff, 0xfe, 0xfe, 0xfe, 0xff, 0xfe, 0xfe, 0xfe, 0xff,
    0xfe, 0xfe, 0xfe, 0xff, 0xfe, 0xfe, 0xfe, 0xff, 0xfe, 0xfe, 0xfe, 0xff, 0xfe, 0xfe, 0xfe, 0xff,
    0xfe, 0xfe, 0xfe, 0xff, 0xfe, 0xfe, 0xfe, 0xff, 0xfe, 0xfe, 0xfe, 0xff, 0xff, 0xff, 0xff, 0xff,
    0xfe, 0xfe, 0xfe, 0xff, 0xfe, 0xfe, 0xfe, 0xff, 0xfe, 0xfe, 0xfe, 0xff, 0xfe, 0xfe, 0xfe, 0xff,
    0xfe, 0xfe, 0xfe, 0xff, 0xfe, 0xfe, 0xfe, 0xff, 0xfe, 0xfe, 0xfe, 0xff, 0xfc, 0xfb, 0xfc, 0xef,
    0xf8, 0xf6, 0xf9, 0xb6, 0xf1, 0xee, 0xf2, 0x60, 0xe4, 0xde, 0xe6, 0x18, 0x47, 0x70, 0x4c, 0x00,
    0x47, 0x70, 0x4c, 0x00, 0x47, 0x70, 0x4c, 0x00, 0x47, 0x70, 0x4c, 0x00, 0x47, 0x70, 0x4c, 0x00,
    0x47, 0x70, 0x4c, 0x00, 0x47, 0x70, 0x4c, 0x00, 0x47, 0x70, 0x4c, 0x00, 0x47, 0x70, 0x4c, 0x00,
    0x47, 0x70, 0x4c, 0x00, 0x47, 0x70, 0x4c, 0x00, 0x47, 0x70, 0x4c, 0x00, 0xeb, 0xe6, 0xed, 0x2c,
    0xfb, 0xfa, 0xfb, 0xe3, 0xfe, 0xfe, 0xfe, 0xff, 0xfe, 0xfe, 0xfe, 0xff, 0xfe, 0xfe, 0xfe, 0xff,
    0xfe, 0xfe, 0xfe, 0xff, 0xfe, 0xfe, 0xfe, 0xff, 0xfd, 0xfc, 0xfd, 0xf7, 0xef, 0xec, 0xf0, 0x4a,
    0x47, 0x70, 0x4c, 0x00, 0x47, 0x70, 0x4c, 0x00, 0x47, 0x70, 0x4c, 0x00, 0x47, 0x70, 0x4c, 0x00,
    0x47, 0x70, 0x4c, 0x00, 0x47, 0x70, 0x4c, 0x00, 0x47, 0x70, 0x4c, 0x00, 0x47, 0x70, 0x4c, 0x00,
    0x47, 0x70, 0x4c, 0x00, 0x47, 0x70, 0x4c, 0x00, 0x47, 0x70, 0x4c, 0x00, 0x47, 0x70, 0x4c, 0x00,
    0x47, 0x70, 0x4c, 0x00, 0x47, 0x70, 0x4c, 0x00, 0x47, 0x70, 0x4c, 0x00, 0x47, 0x70, 0x4c, 0x00,
    0x47, 0x70, 0x4c, 0x00, 0x47, 0x70, 0x4c, 0x00, 0x47, 0x70, 0x4c, 0x00, 0x47, 0x70, 0x4c, 0x00,
    0x47, 0x70, 0x4c, 0x00, 0x47, 0x70, 0x4c, 0x00, 0x47, 0x70, 0x4c, 0x00, 0x47, 0x70, 0x4c, 0x00,
    0x47, 0x70, 0x4c, 0x00, 0x47, 0x70, 0x4c, 0x00, 0x47, 0x70, 0x4c, 0x00, 0x47, 0x70, 0x4c, 0x00,
    0x47, 0x70, 0x4c, 0x00, 0x47, 0x70, 0x4c, 0x00, 0x47, 0x70, 0x4c, 0x00, 0x47, 0x70, 0x4c, 0x00,
    0x47, 0x70, 0x4c, 0x00, 0x47, 0x70, 0x4c, 0x00, 0x47, 0x70, 0x4c, 0x00, 0x47, 0x70, 0x4c, 0x00,
    0x47, 0x70, 0x4c, 0x00, 0x47, 0x70, 0x4c, 0x00, 0x47, 0x70, 0x4c, 0x00, 0x47, 0x70, 0x4c, 0x00,
    0x47, 0x70, 0x4c, 0x00, 0x47, 0x70, 0x4c, 0x00, 0x47, 0x70, 0x4c, 0x00, 0x47, 0x70, 0x4c, 0x00,
    0x47, 0x70, 0x4c, 0x00, 0x47, 0x70, 0x4c, 0x00, 0x47, 0x70, 0x4c, 0x00, 0x47, 0x70, 0x4c, 0x00,
    0x47, 0x70, 0x4c, 0x00, 0x47, 0x70, 0x4c, 0x00, 0x47, 0x70, 0x4c, 0x00, 0x47, 0x70, 0x4c, 0x00,
    0x47, 0x70, 0x4c, 0x00, 0x47, 0x70, 0x4c, 0x00, 0x47, 0x70, 0x4c, 0x00, 0x47, 0x70, 0x4c, 0x00,
    0x47, 0x70, 0x4c, 0x00, 0x47, 0x70, 0x4c, 0x00, 0x47, 0x70, 0x4c, 0x00, 0x47, 0x70, 0x4c, 0x00,
    0x47, 0x70, 0x4c, 0x00, 0x47, 0x70, 0x4c, 0x00, 0x47, 0x70, 0x4c, 0x00, 0x47, 0x70, 0x4c, 0x00,
    0x47, 0x70, 0x4c, 0x00, 0x47, 0x70, 0x4c, 0x00, 0x47, 0x70, 0x4c, 0x00, 0x47, 0x70, 0x4c, 0x00,
    0x47, 0x70, 0x4c, 0x00, 0x47, 0x70, 0x4c, 0x00, 0x47, 0x70, 0x4c, 0x00, 0x47, 0x70, 0x4c, 0x00,
    0x47, 0x70, 0x4c, 0x00, 0x47, 0x70, 0x4c, 0x00, 0x47, 0x70, 0x4c, 0x00, 0xe4, 0xde, 0xe6, 0x18,
    0xf3, 0xf0, 0xf4, 0x6d, 0xfa, 0xf8, 0xfa, 0xcc, 0xfd, 0xfd, 0xfd, 0xfd, 0xfe, 0xfe, 0xfe, 0xff,
    0xfe, 0xfe, 0xfe, 0xff, 0xfe, 0xfe, 0xfe, 0xff, 0xfe, 0xfe, 0xfe, 0xff, 0xfe, 0xfe, 0xfe, 0xff,
    0xfe, 0xfe, 0xfe, 0xff, 0xfd, 0xfd, 0xfd, 0xfd, 0xfc, 0xfb, 0xfc, 0xef, 0xfa, 0xf9, 0xfb, 0xd7,
    0xf9, 0xf7, 0xf9, 0xc1, 0xf7, 0xf5, 0xf8, 0xab, 0xf7, 0xf5, 0xf7, 0xa2, 0xf6, 0xf4, 0xf7, 0x99,
    0xf6, 0xf4, 0xf7, 0x99, 0xf7, 0xf5, 0xf7, 0xa2, 0xf8, 0xf6, 0xf9, 0xb6, 0xf9, 0xf7, 0xf9, 0xc1,
    0xfa, 0xf9, 0xfb, 0xd7, 0xfc, 0xfb, 0xfc, 0xef, 0xfd, 0xfd, 0xfd, 0xfd, 0xfe, 0xfe, 0xfe, 0xff,
    0xfe, 0xfe, 0xfe, 0xff, 0xfe, 0xfe, 0xfe, 0xff, 0xfe, 0xfe, 0xfe, 0xff, 0xfe, 0xfe, 0xfe, 0xff,
    0xfe, 0xfe, 0xfe, 0xff, 0xfd, 0xfd, 0xfd, 0xfd, 0xfa, 0xf9, 0xfb, 0xd7, 0xf4, 0xf1, 0xf5, 0x78,
    0xe4, 0xde, 0xe6, 0x18, 0x47, 0x70, 0x4c, 0x00, 0x47, 0x70, 0x4c, 0x00, 0x47, 0x70, 0x4c, 0x00,
    0x47, 0x70, 0x4c, 0x00, 0x47, 0x70, 0x4c, 0x00, 0x47, 0x70, 0x4c, 0x00, 0x47, 0x70, 0x4c, 0x00,
    0x47, 0x70, 0x4c, 0x00, 0x47, 0x70, 0x4c, 0x00, 0x47, 0x70, 0x4c, 0x00, 0xf1, 0xee, 0xf2, 0x52,
    0xfd, 0xfd, 0xfd, 0xfd, 0xfe, 0xfe, 0xfe, 0xff, 0xfe, 0xfe, 0xfe, 0xff, 0xfe, 0xfe, 0xfe, 0xff,
    0xfe, 0xfe, 0xfe, 0xff, 0xfe, 0xfe, 0xfe, 0xff, 0xfe, 0xfe, 0xfe, 0xff, 0xf4, 0xf1, 0xf5, 0x78,
    0x47, 0x70, 0x4c, 0x00, 0x47, 0x70, 0x4c, 0x00, 0x47, 0x70, 0x4c, 0x00, 0x47, 0x70, 0x4c, 0x00,
    0x47, 0x70, 0x4c, 0x00, 0x47, 0x70, 0x4c, 0x00, 0x47, 0x70, 0x4c, 0x00, 0x47, 0x70, 0x4c, 0x00,
    0x47, 0x70, 0x4c, 0x00, 0x47, 0x70, 0x4c, 0x00, 0x47, 0x70, 0x4c, 0x00, 0x47, 0x70, 0x4c, 0x00,
    0x47, 0x70, 0x4c, 0x00, 0x47, 0x70, 0x4c, 0x00, 0x47, 0x70, 0x4c, 0x00, 0x47, 0x70, 0x4c, 0x00,
    0x47, 0x70, 0x4c, 0x00, 0x47, 0x70, 0x4c, 0x00, 0x47, 0x70, 0x4c, 0x00, 0x47, 0x70, 0x4c, 0x00,
    0x47, 0x70, 0x4c, 0x00, 0x47, 0x70, 0x4c, 0x00, 0x47, 0x70, 0x4c, 0x00, 0x47, 0x70, 0x4c, 0x00,
    0x47, 0x70, 0x4c, 0x00, 0x47, 0x70, 0x4c, 0x00, 0x47, 0x70, 0x4c, 0x00, 0x47, 0x70, 0x4c, 0x00,
    0x47, 0x70, 0x4c, 0x00, 0x47, 0x70, 0x4c, 0x00, 0x47, 0x70, 0x4c, 0x00, 0x47, 0x70, 0x4c, 0x00,
    0x47, 0x70, 0x4c, 0x00, 0x47, 0x70, 0x4c, 0x00, 0x47, 0x70, 0x4c, 0x00, 0x47, 0x70, 0x4c, 0x00,
    0x47, 0x70, 0x4c, 0x00, 0x47, 0x70, 0x4c, 0x00, 0x47, 0x70, 0x4c, 0x00, 0x47, 0x70, 0x4c, 0x00,
    0x47, 0x70, 0x4c, 0x00, 0x47, 0x70, 0x4c, 0x00, 0x47, 0x70, 0x4c, 0x00, 0x47, 0x70, 0x4c, 0x00,
    0x47, 0x70, 0x4c, 0x00, 0x47, 0x70, 0x4c, 0x00, 0x47, 0x70, 0x4c, 0x00, 0x47, 0x70, 0x4c, 0x00,
    0x47, 0x70, 0x4c, 0x00, 0x47, 0x70, 0x4c, 0x00, 0x47, 0x70, 0x4c, 0x00, 0x47, 0x70, 0x4c, 0x00,
    0x47, 0x70, 0x4c, 0x00, 0x47, 0x70, 0x4c, 0x00, 0x47, 0x70, 0x4c, 0x00, 0x47, 0x70, 0x4c, 0x00,
    0x47, 0x70, 0x4c, 0x00, 0x47, 0x70, 0x4c, 0x00, 0x47, 0x70, 0x4c, 0x00, 0x47, 0x70, 0x4c, 0x00,
    0x47, 0x70, 0x4c, 0x00, 0x47, 0x70, 0x4c, 0x00, 0x47, 0x70, 0x4c, 0x00, 0x47, 0x70, 0x4c, 0x00,
    0x47, 0x70, 0x4c, 0x00, 0x47, 0x70, 0x4c, 0x00, 0x47, 0x70, 0x4c, 0x00, 0x47, 0x70, 0x4c, 0x00,
    0x47, 0x70, 0x4c, 0x00, 0x47, 0x70, 0x4c, 0x00, 0x47, 0x70, 0x4c, 0x00, 0x47, 0x70, 0x4c, 0x00,
    0x47, 0x70, 0x4c, 0x00, 0xd8, 0xce, 0xdb, 0x0a, 0xf1, 0xee, 0xf2, 0x60, 0xfa, 0xf8, 0xfa, 0xcc,
    0xfd, 0xfd, 0xfd, 0xfd, 0xfe, 0xfe, 0xfe, 0xff, 0xfe, 0xfe, 0xfe, 0xff, 0xfe, 0xfe, 0xfe, 0xff,
    0xfe, 0xfe, 0xfe, 0xff, 0xfe, 0xfe, 0xfe, 0xff, 0xfc, 0xfb, 0xfc, 0xef, 0xf9, 0xf7, 0xf9, 0xc1,
    0xf6, 0xf3, 0xf6, 0x8d, 0xf1, 0xee, 0xf2, 0x60, 0xed, 0xe9, 0xef, 0x35, 0xe4, 0xde, 0xe6, 0x18,
    0xd8, 0xce, 0xdb, 0x0a, 0xc8, 0xbb, 0xcc, 0x05, 0x53, 0x3a, 0x5c, 0x01, 0x47, 0x70, 0x4c, 0x00,
    0x47, 0x70, 0x4c, 0x00, 0x53, 0x3a, 0x5c, 0x01, 0xc8, 0xbb, 0xcc, 0x05, 0xe0, 0xd8, 0xe2, 0x10,
    0xe4, 0xde, 0xe6, 0x18, 0xed, 0xe9, 0xef, 0x35, 0xf1, 0xee, 0xf2, 0x52, 0xf6, 0xf3, 0xf6, 0x8d,
    0xf9, 0xf7, 0xf9, 0xc1, 0xfc, 0xfb, 0xfc, 0xef, 0xfd, 0xfd, 0xfd, 0xfd, 0xfe, 0xfe, 0xfe, 0xff,
    0xfe, 0xfe, 0xfe, 0xff, 0xfe, 0xfe, 0xfe, 0xff, 0xfe, 0xfe, 0xfe, 0xff, 0xfd, 0xfd, 0xfd, 0xfd,
    0xfa, 0xf8, 0xfa, 0xcc, 0xf1, 0xee, 0xf2, 0x60, 0xd8, 0xce, 0xdb, 0x0a, 0x47, 0x70, 0x4c, 0x00,
    0x47, 0x70, 0x4c, 0x00, 0x47, 0x70, 0x4c, 0x00, 0x47, 0x70, 0x4c, 0x00, 0x47, 0x70, 0x4c, 0x00,
    0x47, 0x70, 0x4c, 0x00, 0x47, 0x70, 0x4c, 0x00, 0x47, 0x70, 0x4c, 0x00, 0xee, 0xea, 0xef, 0x3f,
    0xfd, 0xfc, 0xfd, 0xf7, 0xfe, 0xfe, 0xfe, 0xff, 0xfe, 0xfe, 0xfe, 0xff, 0xfe, 0xfe, 0xfe, 0xff,
    0xfe, 0xfe, 0xfe, 0xff, 0xfe, 0xfe, 0xfe, 0xff, 0xfd, 0xfd, 0xfd, 0xfd, 0xf3, 0xf0, 0xf4, 0x6d,
    0x47, 0x70, 0x4c, 0x00, 0x47, 0x70, 0x4c, 0x00, 0x47, 0x70, 0x4c, 0x00, 0x47, 0x70, 0x4c, 0x00,
    0x47, 0x70, 0x4c, 0x00, 0x47, 0x70, 0x4c, 0x00, 0x47, 0x70, 0x4c, 0x00, 0x47, 0x70, 0x4c, 0x00,
    0x47, 0x70, 0x4c, 0x00, 0x47, 0x70, 0x4c, 0x00, 0x47, 0x70, 0x4c, 0x00, 0x47, 0x70, 0x4c, 0x00,
    0x47, 0x70, 0x4c, 0x00, 0x47, 0x70, 0x4c, 0x00, 0x47, 0x70, 0x4c, 0x00, 0x47, 0x70, 0x4c, 0x00,
    0x47, 0x70, 0x4c, 0x00, 0x47, 0x70, 0x4c, 0x00, 0x47, 0x70, 0x4c, 0x00, 0x47, 0x70, 0x4c, 0x00,
    0x47, 0x70, 0x4c, 0x00, 0x47, 0x70, 0x4c, 0x00, 0x47, 0x70, 0x4c, 0x00, 0x47, 0x70, 0x4c, 0x00,
    0x47, 0x70, 0x4c, 0x00, 0x47, 0x70, 0x4c, 0x00, 0x47, 0x70, 0x4c, 0x00, 0x47, 0x70, 0x4c, 0x00,
    0x47, 0x70, 0x4c, 0x00, 0x47, 0x70, 0x4c, 0x00, 0x47, 0x70, 0x4c, 0x00, 0x47, 0x70, 0x4c, 0x00,
    0x47, 0x70, 0x4c, 0x00, 0x47, 0x70, 0x4c, 0x00, 0x47, 0x70, 0x4c, 0x00, 0x47, 0x70, 0x4c, 0x00,
    0x47, 0x70, 0x4c, 0x00, 0x47, 0x70, 0x4c, 0x00, 0x47, 0x70, 0x4c, 0x00, 0x47, 0x70, 0x4c, 0x00,
    0x47, 0x70, 0x4c, 0x00, 0x47, 0x70, 0x4c, 0x00, 0x47, 0x70, 0x4c, 0x00, 0x47, 0x70, 0x4c, 0x00,
    0x47, 0x70, 0x4c, 0x00, 0x47, 0x70, 0x4c, 0x00, 0x47, 0x70, 0x4c, 0x00, 0x47, 0x70, 0x4c, 0x00,
    0x47, 0x70, 0x4c, 0x00, 0x47, 0x70, 0x4c, 0x00, 0x47, 0x70, 0x4c, 0x00, 0x47, 0x70, 0x4c, 0x00,
    0x47, 0x70, 0x4c, 0x00, 0x47, 0x70, 0x4c, 0x00, 0x47, 0x70, 0x4c, 0x00, 0x47, 0x70, 0x4c, 0x00,
    0x47, 0x70, 0x4c, 0x00, 0x47, 0x70, 0x4c, 0x00, 0x47, 0x70, 0x4c, 0x00, 0x47, 0x70, 0x4c, 0x00,
    0x47, 0x70, 0x4c, 0x00, 0x47, 0x70, 0x4c, 0x00, 0x47, 0x70, 0x4c, 0x00, 0x47, 0x70, 0x4c, 0x00,
    0x47, 0x70, 0x4c, 0x00, 0x47, 0x70, 0x4c, 0x00, 0x47, 0x70, 0x4c, 0x00, 0x47, 0x70, 0x4c, 0x00,
    0x47, 0x70, 0x4c, 0x00, 0x47, 0x70, 0x4c, 0x00, 0x47, 0x70, 0x4c, 0x00, 0x47, 0x70, 0x4c, 0x00,
    0xeb, 0xe6, 0xed, 0x2c, 0xf7, 0xf5, 0xf8, 0xab, 0xfd, 0xfc, 0xfd, 0xf7, 0xfe, 0xfe, 0xfe, 0xff,
    0xfe, 0xfe, 0xfe, 0xff, 0xfe, 0xfe, 0xfe, 0xff, 0xfe, 0xfe, 0xfe, 0xff, 0xfd, 0xfc, 0xfd, 0xf7,
    0xfa, 0xf8, 0xfa, 0xcc, 0xf4, 0xf2, 0xf5, 0x82, 0xed, 0xe9, 0xef, 0x35, 0xd8, 0xce, 0xdb, 0x0a,
    0x47, 0x70, 0x4c, 0x00, 0x47, 0x70, 0x4c, 0x00, 0x47, 0x70, 0x4c, 0x00, 0x47, 0x70, 0x4c, 0x00,
    0x47, 0x70, 0x4c, 0x00, 0x47, 0x70, 0x4c, 0x00, 0x47, 0x70, 0x4c, 0x00, 0x47, 0x70, 0x4c, 0x00,
    0x47, 0x70, 0x4c, 0x00, 0x47, 0x70, 0x4c, 0x00, 0x47, 0x70, 0x4c, 0x00, 0x47, 0x70, 0x4c, 0x00,
    0x47, 0x70, 0x4c, 0x00, 0x47, 0x70, 0x4c, 0x00, 0x47, 0x70, 0x4c, 0x00, 0x47, 0x70, 0x4c, 0x00,
    0xd8, 0xce, 0xdb, 0x0a, 0xed, 0xe9, 0xef, 0x35, 0xf4, 0xf1, 0xf5, 0x78, 0xf9, 0xf7, 0xf9, 0xc1,
    0xfd, 0xfc, 0xfd, 0xf7, 0xfe, 0xfe, 0xfe, 0xff, 0xfe, 0xfe, 0xfe, 0xff, 0xfe, 0xfe, 0xfe, 0xff,
    0xfe, 0xfe, 0xfe, 0xff, 0xfd, 0xfc, 0xfd, 0xf7, 0xf7, 0xf5, 0xf8, 0xab, 0xed, 0xe9, 0xef, 0x35,
    0x47, 0x70, 0x4c, 0x00, 0x47, 0x70, 0x4c, 0x00, 0x47, 0x70, 0x4c, 0x00, 0x47, 0x70, 0x4c, 0x00,
    0x47, 0x70, 0x4c, 0x00, 0x47, 0x70, 0x4c, 0x00, 0x47, 0x70, 0x4c, 0x00, 0xee, 0xea, 0xef, 0x3f,
    0xfc, 0xfb, 0xfc, 0xef, 0xfe, 0xfe, 0xfe, 0xff, 0xfe, 0xfe, 0xfe, 0xff, 0xfe, 0xfe, 0xfe, 0xff,
    0xfe, 0xfe, 0xfe, 0xff, 0xfe, 0xfe, 0xfe, 0xff, 0xfb, 0xfa, 0xfb, 0xe3, 0xeb, 0xe6, 0xed, 0x2c,
    0x47, 0x70, 0x4c, 0x00, 0x47, 0x70, 0x4c, 0x00, 0x47, 0x70, 0x4c, 0x00, 0x47, 0x70, 0x4c, 0x00,
    0x47, 0x70, 0x4c, 0x00, 0x47, 0x70, 0x4c, 0x00, 0x47, 0x70, 0x4c, 0x00, 0x47, 0x70, 0x4c, 0x00,
    0x47, 0x70, 0x4c, 0x00, 0x47, 0x70, 0x4c, 0x00, 0x47, 0x70, 0x4c, 0x00, 0x47, 0x70, 0x4c, 0x00,
    0x47, 0x70, 0x4c, 0x00, 0x47, 0x70, 0x4c, 0x00, 0x47, 0x70, 0x4c, 0x00, 0x47, 0x70, 0x4c, 0x00,
    0x47, 0x70, 0x4c, 0x00, 0x47, 0x70, 0x4c, 0x00, 0x47, 0x70, 0x4c, 0x00, 0x47, 0x70, 0x4c, 0x00,
    0x47, 0x70, 0x4c, 0x00, 0x47, 0x70, 0x4c, 0x00, 0x47, 0x70, 0x4c, 0x00, 0x47, 0x70, 0x4c, 0x00,
    0x47, 0x70, 0x4c, 0x00, 0x47, 0x70, 0x4c, 0x00, 0x47, 0x70, 0x4c, 0x00, 0x47, 0x70, 0x4c, 0x00,
    0x47, 0x70, 0x4c, 0x00, 0x47, 0x70, 0x4c, 0x00, 0x47, 0x70, 0x4c, 0x00, 0x47, 0x70, 0x4c, 0x00,
    0x47, 0x70, 0x4c, 0x00, 0x47, 0x70, 0x4c, 0x00, 0x47, 0x70, 0x4c, 0x00, 0x47, 0x70, 0x4c, 0x00,
    0x47, 0x70, 0x4c, 0x00, 0x47, 0x70, 0x4c, 0x00, 0x47, 0x70, 0x4c, 0x00, 0x47, 0x70, 0x4c, 0x00,
    0x47, 0x70, 0x4c, 0x00, 0x47, 0x70, 0x4c, 0x00, 0x47, 0x70, 0x4c, 0x00, 0x47, 0x70, 0x4c, 0x00,
    0x47, 0x70, 0x4c, 0x00, 0x47, 0x70, 0x4c, 0x00, 0x47, 0x70, 0x4c, 0x00, 0x47, 0x70, 0x4c, 0x00,
    0x47, 0x70, 0x4c, 0x00, 0x47, 0x70, 0x4c, 0x00, 0x47, 0x70, 0x4c, 0x00, 0x47, 0x70, 0x4c, 0x00,
    0x47, 0x70, 0x4c, 0x00, 0x47, 0x70, 0x4c, 0x00, 0x47, 0x70, 0x4c, 0x00, 0x47, 0x70, 0x4c, 0x00,
    0x47, 0x70, 0x4c, 0x00, 0x47, 0x70, 0x4c, 0x00, 0x47, 0x70, 0x4c, 0x00, 0x47, 0x70, 0x4c, 0x00,
    0x47, 0x70, 0x4c, 0x00, 0x47, 0x70, 0x4c, 0x00, 0x47, 0x70, 0x4c, 0x00, 0x47, 0x70, 0x4c, 0x00,
    0x47, 0x70, 0x4c, 0x00, 0x47, 0x70, 0x4c, 0x00, 0x47, 0x70, 0x4c, 0x00, 0x47, 0x70, 0x4c, 0x00,
    0x47, 0x70, 0x4c, 0x00, 0x47, 0x70, 0x4c, 0x00, 0xc8, 0xbb, 0xcc, 0x05, 0xf1, 0xee, 0xf2, 0x60,
    0xfa, 0xf9, 0xfb, 0xd7, 0xfe, 0xfe, 0xfe, 0xff, 0xfe, 0xfe, 0xfe, 0xff, 0xfe, 0xfe, 0xfe, 0xff,
    0xfe, 0xfe, 0xfe, 0xff, 0xfd, 0xfc, 0xfd, 0xf7, 0xf8, 0xf6, 0xf9, 0xb6, 0xf1, 0xee, 0xf2, 0x52,
    0xe0, 0xd8, 0xe2, 0x10, 0x47, 0x70, 0x4c, 0x00, 0x47, 0x70, 0x4c, 0x00, 0x47, 0x70, 0x4c, 0x00,
    0x47, 0x70, 0x4c, 0x00, 0x47, 0x70, 0x4c, 0x00, 0x47, 0x70, 0x4c, 0x00, 0x47, 0x70, 0x4c, 0x00,
    0x47, 0x70, 0x4c, 0x00, 0x47, 0x70, 0x4c, 0x00, 0x47, 0x70, 0x4c, 0x00, 0x47, 0x70, 0x4c, 0x00,
    0x47, 0x70, 0x4c, 0x00, 0x47, 0x70, 0x4c, 0x00, 0x47, 0x70, 0x4c, 0x00, 0x47, 0x70, 0x4c, 0x00,
    0x47, 0x70, 0x4c, 0x00, 0x47, 0x70, 0x4c, 0x00, 0x47, 0x70, 0x4c, 0x00, 0x47, 0x70, 0x4c, 0x00,
    0x47, 0x70, 0x4c, 0x00, 0x47, 0x70, 0x4c, 0x00, 0x47, 0x70, 0x4c, 0x00, 0xe0, 0xd8, 0xe2, 0x10,
    0xef, 0xec, 0xf0, 0x4a, 0xf7, 0xf5, 0xf8, 0xab, 0xfc, 0xfb, 0xfc, 0xef, 0xfe, 0xfe, 0xfe, 0xff,
    0xfe, 0xfe, 0xfe, 0xff, 0xfe, 0xfe, 0xfe, 0xff, 0xfe, 0xfe, 0xfe, 0xff, 0xfb, 0xfa, 0xfb, 0xe3,
    0xf1, 0xee, 0xf2, 0x60, 0xc8, 0xbb, 0xcc, 0x05, 0x47, 0x70, 0x4c, 0x00, 0x47, 0x70, 0x4c, 0x00,
    0x47, 0x70, 0x4c, 0x00, 0x47, 0x70, 0x4c, 0x00, 0xeb, 0xe6, 0xed, 0x2c, 0xfa, 0xf8, 0xfa, 0xcc,
    0xfe, 0xfe, 0xfe, 0xff, 0xfd, 0xfd, 0xfd, 0xfd, 0xfd, 0xfd, 0xfd, 0xfd, 0xfe, 0xfe, 0xfe, 0xff,
    0xfe, 0xfe, 0xfe, 0xff, 0xfb, 0xfa, 0xfb, 0xe3, 0xf1, 0xee, 0xf2, 0x60, 0x47, 0x70, 0x4c, 0x00,
    0x47, 0x70, 0x4c, 0x00, 0x47, 0x70, 0x4c, 0x00, 0x47, 0x70, 0x4c, 0x00, 0x47, 0x70, 0x4c, 0x00,
    0x47, 0x70, 0x4c, 0x00, 0x47, 0x70, 0x4c, 0x00, 0x47, 0x70, 0x4c, 0x00, 0x47, 0x70, 0x4c, 0x00,
    0x47, 0x70, 0x4c, 0x00, 0x47, 0x70, 0x4c, 0x00, 0x47, 0x70, 0x4c, 0x00, 0x47, 0x70, 0x4c, 0x00,
    0x47, 0x70, 0x4c, 0x00, 0x47, 0x70, 0x4c, 0x00, 0x47, 0x70, 0x4c, 0x00, 0x47, 0x70, 0x4c, 0x00,
    0x47, 0x70, 0x4c, 0x00, 0x47, 0x70, 0x4c, 0x00, 0x47, 0x70, 0x4c, 0x00, 0x47, 0x70, 0x4c, 0x00,
    0x47, 0x70, 0x4c, 0x00, 0x47, 0x70, 0x4c, 0x00, 0x47, 0x70, 0x4c, 0x00, 0x47, 0x70, 0x4c, 0x00,
    0x47, 0x70, 0x4c, 0x00, 0x47, 0x70, 0x4c, 0x00, 0x47, 0x70, 0x4c, 0x00, 0x47, 0x70, 0x4c, 0x00,
    0x47, 0x70, 0x4c, 0x00, 0x47, 0x70, 0x4c, 0x00, 0x47, 0x70, 0x4c, 0x00, 0x47, 0x70, 0x4c, 0x00,
    0x47, 0x70, 0x4c, 0x00, 0x47, 0x70, 0x4c, 0x00, 0x47, 0x70, 0x4c, 0x00, 0x47, 0x70, 0x4c, 0x00,
    0x47, 0x70, 0x4c, 0x00, 0x47, 0x70, 0x4c, 0x00, 0x47, 0x70, 0x4c, 0x00, 0x47, 0x70, 0x4c, 0x00,
    0x47, 0x70, 0x4c, 0x00, 0x47, 0x70, 0x4c, 0x00, 0x47, 0x70, 0x4c, 0x00, 0x47, 0x70, 0x4c, 0x00,
    0x47, 0x70, 0x4c, 0x00, 0x47, 0x70, 0x4c, 0x00, 0x47, 0x70, 0x4c, 0x00, 0x47, 0x70, 0x4c, 0x00,
    0x47, 0x70, 0x4c, 0x00, 0x47, 0x70, 0x4c, 0x00, 0x47, 0x70, 0x4c, 0x00, 0x47, 0x70, 0x4c, 0x00,
    0x47, 0x70, 0x4c, 0x00, 0x47, 0x70, 0x4c, 0x00, 0x47, 0x70, 0x4c, 0x00, 0x47, 0x70, 0x4c, 0x00,
    0x47, 0x70, 0x4c, 0x00, 0x47, 0x70, 0x4c, 0x00, 0x47, 0x70, 0x4c, 0x00, 0x47, 0x70, 0x4c, 0x00,
    0x47, 0x70, 0x4c, 0x00, 0x47, 0x70, 0x4c, 0x00, 0x47, 0x70, 0x4c, 0x00, 0x47, 0x70, 0x4c, 0x00,
    0x47, 0x70, 0x4c, 0x00, 0x47, 0x70, 0x4c, 0x00, 0x47, 0x70, 0x4c, 0x00, 0x47, 0x70, 0x4c, 0x00,
    0x47, 0x70, 0x4c, 0x00, 0xe0, 0xd8, 0xe2, 0x10, 0xf6, 0xf3, 0xf6, 0x8d, 0xfd, 0xfc, 0xfd, 0xf7,
    0xff, 0xff, 0xff, 0xff, 0xfe, 0xfe, 0xfe, 0xff, 0xff, 0xff, 0xff, 0xff, 0xfd, 0xfd, 0xfd, 0xfd,
    0xf9, 0xf7, 0xf9, 0xc1, 0xf1, 0xee, 0xf2, 0x52, 0xd8, 0xce, 0xdb, 0x0a, 0x47, 0x70, 0x4c, 0x00,
    0x47, 0x70, 0x4c, 0x00, 0x47, 0x70, 0x4c, 0x00, 0x47, 0x70, 0x4c, 0x00, 0x47, 0x70, 0x4c, 0x00,
    0x47, 0x70, 0x4c, 0x00, 0x47, 0x70, 0x4c, 0x00, 0x47, 0x70, 0x4c, 0x00, 0x47, 0x70, 0x4c, 0x00,
    0x47, 0x70, 0x4c, 0x00, 0x47, 0x70, 0x4c, 0x00, 0x53, 0x3a, 0x5c, 0x01, 0x9c, 0x86, 0xa3, 0x02,
    0x9c, 0x86, 0xa3, 0x02, 0x53, 0x3a, 0x5c, 0x01, 0x47, 0x70, 0x4c, 0x00, 0x47, 0x70, 0x4c, 0x00,
    0x47, 0x70, 0x4c, 0x00, 0x47, 0x70, 0x4c, 0x00, 0x47, 0x70, 0x4c, 0x00, 0x47, 0x70, 0x4c, 0x00,
    0x47, 0x70, 0x4c, 0x00, 0x47, 0x70, 0x4c, 0x00, 0x47, 0x70, 0x4c, 0x00, 0x47, 0x70, 0x4c, 0x00,
    0x47, 0x70, 0x4c, 0x00, 0xc8, 0xbb, 0xcc, 0x05, 0xef, 0xec, 0xf0, 0x4a, 0xf8, 0xf6, 0xf9, 0xb6,
    0xfd, 0xfd, 0xfd, 0xfd, 0xff, 0xff, 0xff, 0xff, 0xfe, 0xfe, 0xfe, 0xff, 0xff, 0xff, 0xff, 0xff,
    0xfd, 0xfc, 0xfd, 0xf7, 0xf6, 0xf3, 0xf6, 0x8d, 0xe0, 0xd8, 0xe2, 0x10, 0x47, 0x70, 0x4c, 0x00,
    0x47, 0x70, 0x4c, 0x00, 0xeb, 0xe6, 0xed, 0x2c, 0xfa, 0xf8, 0xfa, 0xcc, 0xfe, 0xfe, 0xfe, 0xff,
    0xfc, 0xfb, 0xfc, 0xef, 0xf3, 0xf0, 0xf4, 0x6d, 0xf3, 0xf0, 0xf4, 0x6d, 0xf6, 0xf3, 0xf6, 0x8d,
    0xf4, 0xf2, 0xf5, 0x82, 0xed, 0xe9, 0xef, 0x35, 0x47, 0x70, 0x4c, 0x00, 0x47, 0x70, 0x4c, 0x00,
    0x47, 0x70, 0x4c, 0x00, 0x47, 0x70, 0x4c, 0x00, 0x47, 0x70, 0x4c, 0x00, 0x47, 0x70, 0x4c, 0x00,
    0x47, 0x70, 0x4c, 0x00, 0x47, 0x70, 0x4c, 0x00, 0x47, 0x70, 0x4c, 0x00, 0x47, 0x70, 0x4c, 0x00,
    0x47, 0x70, 0x4c, 0x00, 0x47, 0x70, 0x4c, 0x00, 0x47, 0x70, 0x4c, 0x00, 0x47, 0x70, 0x4c, 0x00,
    0x47, 0x70, 0x4c, 0x00, 0x47, 0x70, 0x4c, 0x00, 0x47, 0x70, 0x4c, 0x00, 0x47, 0x70, 0x4c, 0x00,
    0x47, 0x70, 0x4c, 0x00, 0x47, 0x70, 0x4c, 0x00, 0x47, 0x70, 0x4c, 0x00, 0x47, 0x70, 0x4c, 0x00,
    0x47, 0x70, 0x4c, 0x00, 0x47, 0x70, 0x4c, 0x00, 0x47, 0x70, 0x4c, 0x00, 0x47, 0x70, 0x4c, 0x00,
    0x47, 0x70, 0x4c, 0x00, 0x47, 0x70, 0x4c, 0x00, 0x47, 0x70, 0x4c, 0x00, 0x47, 0x70, 0x4c, 0x00,
    0x47, 0x70, 0x4c, 0x00, 0x47, 0x70, 0x4c, 0x00, 0x47, 0x70, 0x4c, 0x00, 0x47, 0x70, 0x4c, 0x00,
    0x47, 0x70, 0x4c, 0x00, 0x47, 0x70, 0x4c, 0x00, 0x47, 0x70, 0x4c, 0x00, 0x47, 0x70, 0x4c, 0x00,
    0x47, 0x70, 0x4c, 0x00, 0x47, 0x70, 0x4c, 0x00, 0x47, 0x70, 0x4c, 0x00, 0x47, 0x70, 0x4c, 0x00,
    0x47, 0x70, 0x4c, 0x00, 0x47, 0x70, 0x4c, 0x00, 0x47, 0x70, 0x4c, 0x00, 0x47, 0x70, 0x4c, 0x00,
    0x47, 0x70, 0x4c, 0x00, 0x47, 0x70, 0x4c, 0x00, 0x47, 0x70, 0x4c, 0x00, 0x47, 0x70, 0x4c, 0x00,
    0x47, 0x70, 0x4c, 0x00, 0x47, 0x70, 0x4c, 0x00, 0x47, 0x70, 0x4c, 0x00, 0x47, 0x70, 0x4c, 0x00,
    0x47, 0x70, 0x4c, 0x00, 0x47, 0x70, 0x4c, 0x00, 0x47, 0x70, 0x4c, 0x00, 0x47, 0x70, 0x4c, 0x00,
    0x47, 0x70, 0x4c, 0x00, 0x47, 0x70, 0x4c, 0x00, 0x47, 0x70, 0x4c, 0x00, 0x47, 0x70, 0x4c, 0x00,
    0x47, 0x70, 0x4c, 0x00, 0x47, 0x70, 0x4c, 0x00, 0x47, 0x70, 0x4c, 0x00, 0x47, 0x70, 0x4c, 0x00,
    0x47, 0x70, 0x4c, 0x00, 0x47, 0x70, 0x4c, 0x00, 0x47, 0x70, 0x4c, 0x00, 0x9c, 0x86, 0xa3, 0x02,
    0xe4, 0xde, 0xe6, 0x18, 0xf7, 0xf5, 0xf8, 0xab, 0xfe, 0xfe, 0xfe, 0xff, 0xfe, 0xfe, 0xfe, 0xff,
    0xfe, 0xfe, 0xfe, 0xff, 0xfe, 0xfe, 0xfe, 0xff, 0xfb, 0xfa, 0xfb, 0xe3, 0xf4, 0xf1, 0xf5, 0x78,
    0xe0, 0xd8, 0xe2, 0x10, 0x47, 0x70, 0x4c, 0x00, 0x47, 0x70, 0x4c, 0x00, 0x47, 0x70, 0x4c, 0x00,
    0x47, 0x70, 0x4c, 0x00, 0x47, 0x70, 0x4c, 0x00, 0x47, 0x70, 0x4c, 0x00, 0x47, 0x70, 0x4c, 0x00,
    0x47, 0x70, 0x4c, 0x00, 0xe0, 0xd8, 0xe2, 0x10, 0xeb, 0xe6, 0xed, 0x2c, 0xf1, 0xee, 0xf2, 0x52,
    0xf4, 0xf1, 0xf5, 0x78, 0xf6, 0xf3, 0xf6, 0x8d, 0xf7, 0xf5, 0xf7, 0xa2, 0xf7, 0xf5, 0xf8, 0xab,
    0xf7, 0xf5, 0xf8, 0xab, 0xf7, 0xf5, 0xf7, 0xa2, 0xf6, 0xf3, 0xf6, 0x8d, 0xf4, 0xf1, 0xf5, 0x78,
    0xf1, 0xee, 0xf2, 0x52, 0xed, 0xe9, 0xef, 0x35, 0xe0, 0xd8, 0xe2, 0x10, 0x47, 0x70, 0x4c, 0x00,
    0x47, 0x70, 0x4c, 0x00, 0x47, 0x70, 0x4c, 0x00, 0x47, 0x70, 0x4c, 0x00, 0x47, 0x70, 0x4c, 0x00,
    0x47, 0x70, 0x4c, 0x00, 0x47, 0x70, 0x4c, 0x00, 0x47, 0x70, 0x4c, 0x00, 0xd8, 0xce, 0xdb, 0x0a,
    0xf3, 0xf0, 0xf4, 0x6d, 0xfb, 0xfa, 0xfb, 0xe3, 0xfe, 0xfe, 0xfe, 0xff, 0xff, 0xff, 0xff, 0xff,
    0xfe, 0xfe, 0xfe, 0xff, 0xfe, 0xfe, 0xfe, 0xff, 0xf7, 0xf5, 0xf8, 0xab, 0xe8, 0xe3, 0xea, 0x22,
    0xeb, 0xe6, 0xed, 0x2c, 0xfa, 0xf8, 0xfa, 0xcc, 0xfe, 0xfe, 0xfe, 0xff, 0xfc, 0xfb, 0xfc, 0xef,
    0xf1, 0xee, 0xf2, 0x60, 0x47, 0x70, 0x4c, 0x00, 0x47, 0x70, 0x4c, 0x00, 0x47, 0x70, 0x4c, 0x00,
    0x47, 0x70, 0x4c, 0x00, 0x47, 0x70, 0x4c, 0x00, 0x47, 0x70, 0x4c, 0x00, 0x47, 0x70, 0x4c, 0x00,
    0x47, 0x70, 0x4c, 0x00, 0x47, 0x70, 0x4c, 0x00, 0x47, 0x70, 0x4c, 0x00, 0x47, 0x70, 0x4c, 0x00,
    0x47, 0x70, 0x4c, 0x00, 0x47, 0x70, 0x4c, 0x00, 0x47, 0x70, 0x4c, 0x00, 0x47, 0x70, 0x4c, 0x00,
    0x47, 0x70, 0x4c, 0x00, 0x47, 0x70, 0x4c, 0x00, 0x47, 0x70, 0x4c, 0x00, 0x47, 0x70, 0x4c, 0x00,
    0x47, 0x70, 0x4c, 0x00, 0x47, 0x70, 0x4c, 0x00, 0x47, 0x70, 0x4c, 0x00, 0x47, 0x70, 0x4c, 0x00,
    0x47, 0x70, 0x4c, 0x00, 0x47, 0x70, 0x4c, 0x00, 0x47, 0x70, 0x4c, 0x00, 0x47, 0x70, 0x4c, 0x00,
    0x47, 0x70, 0x4c, 0x00, 0x47, 0x70, 0x4c, 0x00, 0x47, 0x70, 0x4c, 0x00, 0x47, 0x70, 0x4c, 0x00,
    0x47, 0x70, 0x4c, 0x00, 0x47, 0x70, 0x4c, 0x00, 0x47, 0x70, 0x4c, 0x00, 0x47, 0x70, 0x4c, 0x00,
    0x47, 0x70, 0x4c, 0x00, 0x47, 0x70, 0x4c, 0x00, 0x47, 0x70, 0x4c, 0x00, 0x47, 0x70, 0x4c, 0x00,
    0x47, 0x70, 0x4c, 0x00, 0x47, 0x70, 0x4c, 0x00, 0x47, 0x70, 0x4c, 0x00, 0x47, 0x70, 0x4c, 0x00,
    0x47, 0x70, 0x4c, 0x00, 0x47, 0x70, 0x4c, 0x00, 0x47, 0x70, 0x4c, 0x00, 0x47, 0x70, 0x4c, 0x00,
    0x47, 0x70, 0x4c, 0x00, 0x47, 0x70, 0x4c, 0x00, 0x47, 0x70, 0x4c, 0x00, 0x47, 0x70, 0x4c, 0x00,
    0x47, 0x70, 0x4c, 0x00, 0x47, 0x70, 0x4c, 0x00, 0x47, 0x70, 0x4c, 0x00, 0x47, 0x70, 0x4c, 0x00,
    0x47, 0x70, 0x4c, 0x00, 0x47, 0x70, 0x4c, 0x00, 0x47, 0x70, 0x4c, 0x00, 0x47, 0x70, 0x4c, 0x00,
    0x47, 0x70, 0x4c, 0x00, 0x47, 0x70, 0x4c, 0x00, 0x47, 0x70, 0x4c, 0x00, 0x47, 0x70, 0x4c, 0x00,
    0x47, 0x70, 0x4c, 0x00, 0x47, 0x70, 0x4c, 0x00, 0x47, 0x70, 0x4c, 0x00, 0x47, 0x70, 0x4c, 0x00,
    0x47, 0x70, 0x4c, 0x00, 0x47, 0x70, 0x4c, 0x00, 0x47, 0x70, 0x4c, 0x00, 0x47, 0x70, 0x4c, 0x00,
    0x47, 0x70, 0x4c, 0x00, 0x47, 0x70, 0x4c, 0x00, 0x47, 0x70, 0x4c, 0x00, 0xe8, 0xe3, 0xea, 0x22,
    0xf8, 0xf6, 0xf9, 0xb6, 0xfe, 0xfe, 0xfe, 0xff, 0xfe, 0xfe, 0xfe, 0xff, 0xfe, 0xfe, 0xfe, 0xff,
    0xfe, 0xfe, 0xfe, 0xff, 0xf8, 0xf6, 0xf9, 0xb6, 0xed, 0xe9, 0xef, 0x35, 0x47, 0x70, 0x4c, 0x00,
    0x47, 0x70, 0x4c, 0x00, 0x47, 0x70, 0x4c, 0x00, 0x47, 0x70, 0x4c, 0x00, 0x47, 0x70, 0x4c, 0x00,
    0x47, 0x70, 0x4c, 0x00, 0x47, 0x70, 0x4c, 0x00, 0xe4, 0xde, 0xe6, 0x18, 0xf1, 0xee, 0xf2, 0x52,
    0xf6, 0xf3, 0xf6, 0x8d, 0xfa, 0xf8, 0xfa, 0xcc, 0xfc, 0xfb, 0xfc, 0xef, 0xfd, 0xfd, 0xfd, 0xfd,
    0xfe, 0xfe, 0xfe, 0xff, 0xfe, 0xfe, 0xfe, 0xff, 0xfe, 0xfe, 0xfe, 0xff, 0xfe, 0xfe, 0xfe, 0xff,
    0xfe, 0xfe, 0xfe, 0xff, 0xfe, 0xfe, 0xfe, 0xff, 0xfe, 0xfe, 0xfe, 0xff, 0xfe, 0xfe, 0xfe, 0xff,
    0xfd, 0xfd, 0xfd, 0xfd, 0xfc, 0xfb, 0xfc, 0xef, 0xfa, 0xf8, 0xfa, 0xcc, 0xf6, 0xf4, 0xf7, 0x99,
    0xf1, 0xee, 0xf2, 0x52, 0xe4, 0xde, 0xe6, 0x18, 0x47, 0x70, 0x4c, 0x00, 0x47, 0x70, 0x4c, 0x00,
    0x47, 0x70, 0x4c, 0x00, 0x47, 0x70, 0x4c, 0x00, 0x47, 0x70, 0x4c, 0x00, 0x47, 0x70, 0x4c, 0x00,
    0x47, 0x70, 0x4c, 0x00, 0xeb, 0xe6, 0xed, 0x2c, 0xf8, 0xf6, 0xf9, 0xb6, 0xfe, 0xfe, 0xfe, 0xff,
    0xff, 0xff, 0xff, 0xff, 0xff, 0xff, 0xff, 0xff, 0xfe, 0xfe, 0xfe, 0xff, 0xf9, 0xf7, 0xf9, 0xc1,
    0xfa, 0xf8, 0xfa, 0xcc, 0xfe, 0xfe, 0xfe, 0xff, 0xfc, 0xfb, 0xfc, 0xef, 0xf3, 0xf0, 0xf4, 0x6d,
    0x9c, 0x86, 0xa3, 0x02, 0x47, 0x70, 0x4c, 0x00, 0x47, 0x70, 0x4c, 0x00, 0x47, 0x70, 0x4c, 0x00,
    0x47, 0x70, 0x4c, 0x00, 0x47, 0x70, 0x4c, 0x00, 0x47, 0x70, 0x4c, 0x00, 0x47, 0x70, 0x4c, 0x00,
    0x47, 0x70, 0x4c, 0x00, 0x47, 0x70, 0x4c, 0x00, 0x47, 0x70, 0x4c, 0x00, 0x47, 0x70, 0x4c, 0x00,
    0x47, 0x70, 0x4c, 0x00, 0x47, 0x70, 0x4c, 0x00, 0x47, 0x70, 0x4c, 0x00, 0x47, 0x70, 0x4c, 0x00,
    0x47, 0x70, 0x4c, 0x00, 0x47, 0x70, 0x4c, 0x00, 0x47, 0x70, 0x4c, 0x00, 0x47, 0x70, 0x4c, 0x00,
    0x47, 0x70, 0x4c, 0x00, 0x47, 0x70, 0x4c, 0x00, 0x47, 0x70, 0x4c, 0x00, 0x47, 0x70, 0x4c, 0x00,
    0x47, 0x70, 0x4c, 0x00, 0x47, 0x70, 0x4c, 0x00, 0x47, 0x70, 0x4c, 0x00, 0x47, 0x70, 0x4c, 0x00,
    0x47, 0x70, 0x4c, 0x00, 0x47, 0x70, 0x4c, 0x00, 0x47, 0x70, 0x4c, 0x00, 0x47, 0x70, 0x4c, 0x00,
    0x47, 0x70, 0x4c, 0x00, 0x47, 0x70, 0x4c, 0x00, 0x47, 0x70, 0x4c, 0x00, 0x47, 0x70, 0x4c, 0x00,
    0x47, 0x70, 0x4c, 0x00, 0x47, 0x70, 0x4c, 0x00, 0x47, 0x70, 0x4c, 0x00, 0x47, 0x70, 0x4c, 0x00,
    0x47, 0x70, 0x4c, 0x00, 0x47, 0x70, 0x4c, 0x00, 0x47, 0x70, 0x4c, 0x00, 0x47, 0x70, 0x4c, 0x00,
    0x47, 0x70, 0x4c, 0x00, 0x47, 0x70, 0x4c, 0x00, 0x47, 0x70, 0x4c, 0x00, 0x47, 0x70, 0x4c, 0x00,
    0x47, 0x70, 0x4c, 0x00, 0x47, 0x70, 0x4c, 0x00, 0x47, 0x70, 0x4c, 0x00, 0x47, 0x70, 0x4c, 0x00,
    0x47, 0x70, 0x4c, 0x00, 0x47, 0x70, 0x4c, 0x00, 0x47, 0x70, 0x4c, 0x00, 0x47, 0x70, 0x4c, 0x00,
    0x47, 0x70, 0x4c, 0x00, 0x47, 0x70, 0x4c, 0x00, 0x47, 0x70, 0x4c, 0x00, 0x47, 0x70, 0x4c, 0x00,
    0x47, 0x70, 0x4c, 0x00, 0x47, 0x70, 0x4c, 0x00, 0x47, 0x70, 0x4c, 0x00, 0x47, 0x70, 0x4c, 0x00,
    0x47, 0x70, 0x4c, 0x00, 0x47, 0x70, 0x4c, 0x00, 0x47, 0x70, 0x4c, 0x00, 0x47, 0x70, 0x4c, 0x00,
    0x47, 0x70, 0x4c, 0x00, 0x47, 0x70, 0x4c, 0x00, 0x47, 0x70, 0x4c, 0x00, 0x47, 0x70, 0x4c, 0x00,
    0x47, 0x70, 0x4c, 0x00, 0x47, 0x70, 0x4c, 0x00, 0xe8, 0xe3, 0xea, 0x22, 0xf9, 0xf7, 0xf9, 0xc1,
    0xfe, 0xfe, 0xfe, 0xff, 0xfe, 0xfe, 0xfe, 0xff, 0xfe, 0xfe, 0xfe, 0xff, 0xfd, 0xfc, 0xfd, 0xf7,
    0xf6, 0xf4, 0xf7, 0x99, 0xe4, 0xde, 0xe6, 0x18, 0x47, 0x70, 0x4c, 0x00, 0x47, 0x70, 0x4c, 0x00,
    0x47, 0x70, 0x4c, 0x00, 0x47, 0x70, 0x4c, 0x00, 0x47, 0x70, 0x4c, 0x00, 0x47, 0x70, 0x4c, 0x00,
    0xe8, 0xe3, 0xea, 0x22, 0xf4, 0xf1, 0xf5, 0x78, 0xfa, 0xf8, 0xfa, 0xcc, 0xfd, 0xfc, 0xfd, 0xf7,
    0xfe, 0xfe, 0xfe, 0xff, 0xff, 0xff, 0xff, 0xff, 0xff, 0xff, 0xff, 0xff, 0xff, 0xff, 0xff, 0xff,
    0xff, 0xff, 0xff, 0xff, 0xfe, 0xfe, 0xfe, 0xff, 0xfe, 0xfe, 0xfe, 0xff, 0xfe, 0xfe, 0xfe, 0xff,
    0xfe, 0xfe, 0xfe, 0xff, 0xfe, 0xfe, 0xfe, 0xff, 0xfe, 0xfe, 0xfe, 0xff, 0xff, 0xff, 0xff, 0xff,
    0xff, 0xff, 0xff, 0xff, 0xff, 0xff, 0xff, 0xff, 0xff, 0xff, 0xff, 0xff, 0xfe, 0xfe, 0xfe, 0xff,
    0xfd, 0xfd, 0xfd, 0xfd, 0xfa, 0xf9, 0xfb, 0xd7, 0xf6, 0xf3, 0xf6, 0x8d, 0xeb, 0xe6, 0xed, 0x2c,
    0x9c, 0x86, 0xa3, 0x02, 0x47, 0x70, 0x4c, 0x00, 0x47, 0x70, 0x4c, 0x00, 0x47, 0x70, 0x4c, 0x00,
    0x47, 0x70, 0x4c, 0x00, 0x47, 0x70, 0x4c, 0x00, 0xe0, 0xd8, 0xe2, 0x10, 0xf6, 0xf3, 0xf6, 0x8d,
    0xfd, 0xfc, 0xfd, 0xf7, 0xff, 0xff, 0xff, 0xff, 0xff, 0xff, 0xff, 0xff, 0xfe, 0xfe, 0xfe, 0xff,
    0xfe, 0xfe, 0xfe, 0xff, 0xfc, 0xfb, 0xfc, 0xef, 0xf3, 0xf0, 0xf4, 0x6d, 0x53, 0x3a, 0x5c, 0x01,
    0x47, 0x70, 0x4c, 0x00, 0x47, 0x70, 0x4c, 0x00, 0x47, 0x70, 0x4c, 0x00, 0x47, 0x70, 0x4c, 0x00,
    0x47, 0x70, 0x4c, 0x00, 0x47, 0x70, 0x4c, 0x00, 0x47, 0x70, 0x4c, 0x00, 0x47, 0x70, 0x4c, 0x00,
    0x47, 0x70, 0x4c, 0x00, 0x47, 0x70, 0x4c, 0x00, 0x47, 0x70, 0x4c, 0x00, 0x47, 0x70, 0x4c, 0x00,
    0x47, 0x70, 0x4c, 0x00, 0x47, 0x70, 0x4c, 0x00, 0x47, 0x70, 0x4c, 0x00, 0x47, 0x70, 0x4c, 0x00,
    0x47, 0x70, 0x4c, 0x00, 0x47, 0x70, 0x4c, 0x00, 0x47, 0x70, 0x4c, 0x00, 0x47, 0x70, 0x4c, 0x00,
    0x47, 0x70, 0x4c, 0x00, 0x47, 0x70, 0x4c, 0x00, 0x47, 0x70, 0x4c, 0x00, 0x47, 0x70, 0x4c, 0x00,
    0x47, 0x70, 0x4c, 0x00, 0x47, 0x70, 0x4c, 0x00, 0x47, 0x70, 0x4c, 0x00, 0x47, 0x70, 0x4c, 0x00,
    0x47, 0x70, 0x4c, 0x00, 0x47, 0x70, 0x4c, 0x00, 0x47, 0x70, 0x4c, 0x00, 0x47, 0x70, 0x4c, 0x00,
    0x47, 0x70, 0x4c, 0x00, 0x47, 0x70, 0x4c, 0x00, 0x47, 0x70, 0x4c, 0x00, 0x47, 0x70, 0x4c, 0x00,
    0x47, 0x70, 0x4c, 0x00, 0x47, 0x70, 0x4c, 0x00, 0x47, 0x70, 0x4c, 0x00, 0x47, 0x70, 0x4c, 0x00,
    0x47, 0x70, 0x4c, 0x00, 0x47, 0x70, 0x4c, 0x00, 0x47, 0x70, 0x4c, 0x00, 0x47, 0x70, 0x4c, 0x00,
    0x47, 0x70, 0x4c, 0x00, 0x47, 0x70, 0x4c, 0x00, 0x47, 0x70, 0x4c, 0x00, 0x47, 0x70, 0x4c, 0x00,
    0x47, 0x70, 0x4c, 0x00, 0x47, 0x70, 0x4c, 0x00, 0x47, 0x70, 0x4c, 0x00, 0x47, 0x70, 0x4c, 0x00,
    0x47, 0x70, 0x4c, 0x00, 0x47, 0x70, 0x4c, 0x00, 0x47, 0x70, 0x4c, 0x00, 0x47, 0x70, 0x4c, 0x00,
    0x47, 0x70, 0x4c, 0x00, 0x47, 0x70, 0x4c, 0x00, 0x47, 0x70, 0x4c, 0x00, 0x47, 0x70, 0x4c, 0x00,
    0x47, 0x70, 0x4c, 0x00, 0x47, 0x70, 0x4c, 0x00, 0x47, 0x70, 0x4c, 0x00, 0x47, 0x70, 0x4c, 0x00,
    0x47, 0x70, 0x4c, 0x00, 0x47, 0x70, 0x4c, 0x00, 0x47, 0x70, 0x4c, 0x00, 0x47, 0x70, 0x4c, 0x00,
    0x47, 0x70, 0x4c, 0x00, 0x47, 0x70, 0x4c, 0x00, 0x47, 0x70, 0x4c, 0x00, 0x47, 0x70, 0x4c, 0x00,
    0x47, 0x70, 0x4c, 0x00, 0xe4, 0xde, 0xe6, 0x18, 0xf8, 0xf6, 0xf9, 0xb6, 0xfe, 0xfe, 0xfe, 0xff,
    0xfe, 0xfe, 0xfe, 0xff, 0xfe, 0xfe, 0xfe, 0xff, 0xfd, 0xfc, 0xfd, 0xf7, 0xf4, 0xf1, 0xf5, 0x78,
    0xc8, 0xbb, 0xcc, 0x05, 0x47, 0x70, 0x4c, 0x00, 0x47, 0x70, 0x4c, 0x00, 0x47, 0x70, 0x4c, 0x00,
    0x47, 0x70, 0x4c, 0x00, 0x47, 0x70, 0x4c, 0x00, 0xe8, 0xe3, 0xea, 0x22, 0xf4, 0xf2, 0xf5, 0x82,
    0xfb, 0xfa, 0xfb, 0xe3, 0xfe, 0xfe, 0xfe, 0xff, 0xfe, 0xfe, 0xfe, 0xff, 0xfe, 0xfe, 0xfe, 0xff,
    0xfe, 0xfe, 0xfe, 0xff, 0xfe, 0xfe, 0xfe, 0xff, 0xfc, 0xfb, 0xfc, 0xef, 0xfa, 0xf9, 0xfb, 0xd7,
    0xf8, 0xf6, 0xf9, 0xb6, 0xf6, 0xf4, 0xf7, 0x99, 0xf4, 0xf2, 0xf5, 0x82, 0xf4, 0xf1, 0xf5, 0x78,
    0xf4, 0xf2, 0xf5, 0x82, 0xf6, 0xf3, 0xf6, 0x8d, 0xf7, 0xf5, 0xf7, 0xa2, 0xf8, 0xf6, 0xf9, 0xb6,
    0xfa, 0xf9, 0xfb, 0xd7, 0xfc, 0xfb, 0xfc, 0xef, 0xfe, 0xfe, 0xfe, 0xff, 0xff, 0xff, 0xff, 0xff,
    0xff, 0xff, 0xff, 0xff, 0xff, 0xff, 0xff, 0xff, 0xfe, 0xfe, 0xfe, 0xff, 0xfb, 0xfa, 0xfb, 0xe3,
    0xf6, 0xf3, 0xf6, 0x8d, 0xeb, 0xe6, 0xed, 0x2c, 0x47, 0x70, 0x4c, 0x00, 0x47, 0x70, 0x4c, 0x00,
    0x47, 0x70, 0x4c, 0x00, 0x47, 0x70, 0x4c, 0x00, 0x47, 0x70, 0x4c, 0x00, 0xc8, 0xbb, 0xcc, 0x05,
    0xf3, 0xf0, 0xf4, 0x6d, 0xfc, 0xfb, 0xfc, 0xef, 0xff, 0xff, 0xff, 0xff, 0xfe, 0xfe, 0xfe, 0xff,
    0xfe, 0xfe, 0xfe, 0xff, 0xfa, 0xf9, 0xfb, 0xd7, 0xe8, 0xe3, 0xea, 0x22, 0x47, 0x70, 0x4c, 0x00,
    0x47, 0x70, 0x4c, 0x00, 0x47, 0x70, 0x4c, 0x00, 0x47, 0x70, 0x4c, 0x00, 0x47, 0x70, 0x4c, 0x00,
    0x47, 0x70, 0x4c, 0x00, 0x47, 0x70, 0x4c, 0x00, 0x47, 0x70, 0x4c, 0x00, 0x47, 0x70, 0x4c, 0x00,
    0x47, 0x70, 0x4c, 0x00, 0x47, 0x70, 0x4c, 0x00, 0x47, 0x70, 0x4c, 0x00, 0x47, 0x70, 0x4c, 0x00,
    0x47, 0x70, 0x4c, 0x00, 0x47, 0x70, 0x4c, 0x00, 0x47, 0x70, 0x4c, 0x00, 0x47, 0x70, 0x4c, 0x00,
    0x47, 0x70, 0x4c, 0x00, 0x47, 0x70, 0x4c, 0x00, 0x47, 0x70, 0x4c, 0x00, 0x47, 0x70, 0x4c, 0x00,
    0x47, 0x70, 0x4c, 0x00, 0x47, 0x70, 0x4c, 0x00, 0x47, 0x70, 0x4c, 0x00, 0x47, 0x70, 0x4c, 0x00,
    0x47, 0x70, 0x4c, 0x00, 0x47, 0x70, 0x4c, 0x00, 0x47, 0x70, 0x4c, 0x00, 0x47, 0x70, 0x4c, 0x00,
    0x47, 0x70, 0x4c, 0x00, 0x47, 0x70, 0x4c, 0x00, 0x47, 0x70, 0x4c, 0x00, 0x47, 0x70, 0x4c, 0x00,
    0x47, 0x70, 0x4c, 0x00, 0x47, 0x70, 0x4c, 0x00, 0x47, 0x70, 0x4c, 0x00, 0x47, 0x70, 0x4c, 0x00,
    0x47, 0x70, 0x4c, 0x00, 0x47, 0x70, 0x4c, 0x00, 0x47, 0x70, 0x4c, 0x00, 0x47, 0x70, 0x4c, 0x00,
    0x47, 0x70, 0x4c, 0x00, 0x47, 0x70, 0x4c, 0x00, 0x47, 0x70, 0x4c, 0x00, 0x47, 0x70, 0x4c, 0x00,
    0x47, 0x70, 0x4c, 0x00, 0x47, 0x70, 0x4c, 0x00, 0x47, 0x70, 0x4c, 0x00, 0x47, 0x70, 0x4c, 0x00,
    0x47, 0x70, 0x4c, 0x00, 0x47, 0x70, 0x4c, 0x00, 0x47, 0x70, 0x4c, 0x00, 0x47, 0x70, 0x4c, 0x00,
    0x47, 0x70, 0x4c, 0x00, 0x47, 0x70, 0x4c, 0x00, 0x47, 0x70, 0x4c, 0x00, 0x47, 0x70, 0x4c, 0x00,
    0x47, 0x70, 0x4c, 0x00, 0x47, 0x70, 0x4c, 0x00, 0x47, 0x70, 0x4c, 0x00, 0x47, 0x70, 0x4c, 0x00,
    0x47, 0x70, 0x4c, 0x00, 0x47, 0x70, 0x4c, 0x00, 0x47, 0x70, 0x4c, 0x00, 0x47, 0x70, 0x4c, 0x00,
    0x47, 0x70, 0x4c, 0x00, 0x47, 0x70, 0x4c, 0x00, 0x47, 0x70, 0x4c, 0x00, 0x47, 0x70, 0x4c, 0x00,
    0x47, 0x70, 0x4c, 0x00, 0x47, 0x70, 0x4c, 0x00, 0x47, 0x70, 0x4c, 0x00, 0x47, 0x70, 0x4c, 0x00,
    0xd8, 0xce, 0xdb, 0x0a, 0xf7, 0xf5, 0xf7, 0xa2, 0xfe, 0xfe, 0xfe, 0xff, 0xfe, 0xfe, 0xfe, 0xff,
    0xfe, 0xfe, 0xfe, 0xff, 0xfc, 0xfb, 0xfc, 0xef, 0xf3, 0xf0, 0xf4, 0x6d, 0x53, 0x3a, 0x5c, 0x01,
    0x47, 0x70, 0x4c, 0x00, 0x47, 0x70, 0x4c, 0x00, 0x47, 0x70, 0x4c, 0x00, 0x47, 0x70, 0x4c, 0x00,
    0xd8, 0xce, 0xdb, 0x0a, 0xf1, 0xee, 0xf2, 0x60, 0xfa, 0xf9, 0xfb, 0xd7, 0xfd, 0xfc, 0xfd, 0xf7,
    0xfc, 0xfb, 0xfc, 0xef, 0xfa, 0xf9, 0xfb, 0xd7, 0xfa, 0xf8, 0xfa, 0xcc, 0xfa, 0xf8, 0xfa, 0xcc,
    0xf8, 0xf6, 0xf9, 0xb6, 0xf3, 0xf0, 0xf4, 0x6d, 0xee, 0xea, 0xef, 0x3f, 0xe4, 0xde, 0xe6, 0x18,
    0xc8, 0xbb, 0xcc, 0x05, 0x47, 0x70, 0x4c, 0x00, 0x47, 0x70, 0x4c, 0x00, 0x47, 0x70, 0x4c, 0x00,
    0x47, 0x70, 0x4c, 0x00, 0x47, 0x70, 0x4c, 0x00, 0x47, 0x70, 0x4c, 0x00, 0xc8, 0xbb, 0xcc, 0x05,
    0xe4, 0xde, 0xe6, 0x18, 0xed, 0xe9, 0xef, 0x35, 0xf3, 0xf0, 0xf4, 0x6d, 0xf7, 0xf5, 0xf8, 0xab,
    0xfb, 0xfa, 0xfb, 0xe3, 0xfe, 0xfe, 0xfe, 0xff, 0xff, 0xff, 0xff, 0xff, 0xff, 0xff, 0xff, 0xff,
    0xfe, 0xfe, 0xfe, 0xff, 0xfa, 0xf9, 0xfb, 0xd7, 0xf3, 0xf0, 0xf4, 0x6d, 0xd8, 0xce, 0xdb, 0x0a,
    0x47, 0x70, 0x4c, 0x00, 0x47, 0x70, 0x4c, 0x00, 0x47, 0x70, 0x4c, 0x00, 0x47, 0x70, 0x4c, 0x00,
    0x53, 0x3a, 0x5c, 0x01, 0xf3, 0xf0, 0xf4, 0x6d, 0xfc, 0xfb, 0xfc, 0xef, 0xff, 0xff, 0xff, 0xff,
    0xfe, 0xfe, 0xfe, 0xff, 0xfe, 0xfe, 0xfe, 0xff, 0xf7, 0xf5, 0xf7, 0xa2, 0xd8, 0xce, 0xdb, 0x0a,
    0x47, 0x70, 0x4c, 0x00, 0x47, 0x70, 0x4c, 0x00, 0x47, 0x70, 0x4c, 0x00, 0x47, 0x70, 0x4c, 0x00,
    0x47, 0x70, 0x4c, 0x00, 0x47, 0x70, 0x4c, 0x00, 0x47, 0x70, 0x4c, 0x00, 0x47, 0x70, 0x4c, 0x00,
    0x47, 0x70, 0x4c, 0x00, 0x47, 0x70, 0x4c, 0x00, 0x47, 0x70, 0x4c, 0x00, 0x47, 0x70, 0x4c, 0x00,
    0x47, 0x70, 0x4c, 0x00, 0x47, 0x70, 0x4c, 0x00, 0x47, 0x70, 0x4c, 0x00, 0x47, 0x70, 0x4c, 0x00,
    0x47, 0x70, 0x4c, 0x00, 0x47, 0x70, 0x4c, 0x00, 0x47, 0x70, 0x4c, 0x00, 0x47, 0x70, 0x4c, 0x00,
    0x47, 0x70, 0x4c, 0x00, 0x47, 0x70, 0x4c, 0x00, 0x47, 0x70, 0x4c, 0x00, 0x47, 0x70, 0x4c, 0x00,
    0x47, 0x70, 0x4c, 0x00, 0x47, 0x70, 0x4c, 0x00, 0x47, 0x70, 0x4c, 0x00, 0x47, 0x70, 0x4c, 0x00,
    0x47, 0x70, 0x4c, 0x00, 0x47, 0x70, 0x4c, 0x00, 0x47, 0x70, 0x4c, 0x00, 0x47, 0x70, 0x4c, 0x00,
    0x47, 0x70, 0x4c, 0x00, 0x47, 0x70, 0x4c, 0x00, 0x47, 0x70, 0x4c, 0x00, 0x47, 0x70, 0x4c, 0x00,
    0x47, 0x70, 0x4c, 0x00, 0x47, 0x70, 0x4c, 0x00, 0x47, 0x70, 0x4c, 0x00, 0x47, 0x70, 0x4c, 0x00,
    0x47, 0x70, 0x4c, 0x00, 0x47, 0x70, 0x4c, 0x00, 0x47, 0x70, 0x4c, 0x00, 0x47, 0x70, 0x4c, 0x00,
    0x47, 0x70, 0x4c, 0x00, 0x47, 0x70, 0x4c, 0x00, 0x47, 0x70, 0x4c, 0x00, 0x47, 0x70, 0x4c, 0x00,
    0x47, 0x70, 0x4c, 0x00, 0x47, 0x70, 0x4c, 0x00, 0x47, 0x70, 0x4c, 0x00, 0x47, 0x70, 0x4c, 0x00,
    0x47, 0x70, 0x4c, 0x00, 0x47, 0x70, 0x4c, 0x00, 0x47, 0x70, 0x4c, 0x00, 0x47, 0x70, 0x4c, 0x00,
    0x47, 0x70, 0x4c, 0x00, 0x47, 0x70, 0x4c, 0x00, 0x47, 0x70, 0x4c, 0x00, 0x47, 0x70, 0x4c, 0x00,
    0x47, 0x70, 0x4c, 0x00, 0x47, 0x70, 0x4c, 0x00, 0x47, 0x70, 0x4c, 0x00, 0x47, 0x70, 0x4c, 0x00,
    0x47, 0x70, 0x4c, 0x00, 0x47, 0x70, 0x4c, 0x00, 0x47, 0x70, 0x4c, 0x00, 0x47, 0x70, 0x4c, 0x00,
    0x47, 0x70, 0x4c, 0x00, 0x47, 0x70, 0x4c, 0x00, 0x47, 0x70, 0x4c, 0x00, 0x9c, 0x86, 0xa3, 0x02,
    0xf4, 0xf2, 0xf5, 0x82, 0xfd, 0xfd, 0xfd, 0xfd, 0xfe, 0xfe, 0xfe, 0xff, 0xfe, 0xfe, 0xfe, 0xff,
    0xfd, 0xfc, 0xfd, 0xf7, 0xf3, 0xf0, 0xf4, 0x6d, 0x53, 0x3a, 0x5c, 0x01, 0x47, 0x70, 0x4c, 0x00,
    0x47, 0x70, 0x4c, 0x00, 0x47, 0x70, 0x4c, 0x00, 0x47, 0x70, 0x4c, 0x00, 0xe4, 0xde, 0xe6, 0x18,
    0xf4, 0xf2, 0xf5, 0x82, 0xf8, 0xf6, 0xf9, 0xb6, 0xf4, 0xf2, 0xf5, 0x82, 0xef, 0xec, 0xf0, 0x4a,
    0xe8, 0xe3, 0xea, 0x22, 0xe4, 0xde, 0xe6, 0x18, 0xe0, 0xd8, 0xe2, 0x10, 0xe0, 0xd8, 0xe2, 0x10,
    0xc8, 0xbb, 0xcc, 0x05, 0x47, 0x70, 0x4c, 0x00, 0x47, 0x70, 0x4c, 0x00, 0x47, 0x70, 0x4c, 0x00,
    0x47, 0x70, 0x4c, 0x00, 0x47, 0x70, 0x4c, 0x00, 0x47, 0x70, 0x4c, 0x00, 0x47, 0x70, 0x4c, 0x00,
    0x47, 0x70, 0x4c, 0x00, 0x47, 0x70, 0x4c, 0x00, 0x47, 0x70, 0x4c, 0x00, 0x47, 0x70, 0x4c, 0x00,
    0x47, 0x70, 0x4c, 0x00, 0x47, 0x70, 0x4c, 0x00, 0x47, 0x70, 0x4c, 0x00, 0xc8, 0xbb, 0xcc, 0x05,
    0xeb, 0xe6, 0xed, 0x2c, 0xf4, 0xf1, 0xf5, 0x78, 0xfa, 0xf9, 0xfb, 0xd7, 0xfe, 0xfe, 0xfe, 0xff,
    0xfe, 0xfe, 0xfe, 0xff, 0xfe, 0xfe, 0xfe, 0xff, 0xfd, 0xfd, 0xfd, 0xfd, 0xf7, 0xf5, 0xf7, 0xa2,
    0xe8, 0xe3, 0xea, 0x22, 0x47, 0x70, 0x4c, 0x00, 0x47, 0x70, 0x4c, 0x00, 0x47, 0x70, 0x4c, 0x00,
    0x47, 0x70, 0x4c, 0x00, 0x53, 0x3a, 0x5c, 0x01, 0xf3, 0xf0, 0xf4, 0x6d, 0xfd, 0xfc, 0xfd, 0xf7,
    0xff, 0xff, 0xff, 0xff, 0xfe, 0xfe, 0xfe, 0xff, 0xfd, 0xfd, 0xfd, 0xfd, 0xf4, 0xf2, 0xf5, 0x82,
    0x9c, 0x86, 0xa3, 0x02, 0x47, 0x70, 0x4c, 0x00, 0x47, 0x70, 0x4c, 0x00, 0x47, 0x70, 0x4c, 0x00,
    0x47, 0x70, 0x4c, 0x00, 0x47, 0x70, 0x4c, 0x00, 0x47, 0x70, 0x4c, 0x00, 0x47, 0x70, 0x4c, 0x00,
    0x47, 0x70, 0x4c, 0x00, 0x47, 0x70, 0x4c, 0x00, 0x47, 0x70, 0x4c, 0x00, 0x47, 0x70, 0x4c, 0x00,
    0x47, 0x70, 0x4c, 0x00, 0x47, 0x70, 0x4c, 0x00, 0x47, 0x70, 0x4c, 0x00, 0x47, 0x70, 0x4c, 0x00,
    0x47, 0x70, 0x4c, 0x00, 0x47, 0x70, 0x4c, 0x00, 0x47, 0x70, 0x4c, 0x00, 0x47, 0x70, 0x4c, 0x00,
    0x47, 0x70, 0x4c, 0x00, 0x47, 0x70, 0x4c, 0x00, 0x47, 0x70, 0x4c, 0x00, 0x47, 0x70, 0x4c, 0x00,
    0x47, 0x70, 0x4c, 0x00, 0x47, 0x70, 0x4c, 0x00, 0x47, 0x70, 0x4c, 0x00, 0x47, 0x70, 0x4c, 0x00,
    0x47, 0x70, 0x4c, 0x00, 0x47, 0x70, 0x4c, 0x00, 0x47, 0x70, 0x4c, 0x00, 0x47, 0x70, 0x4c, 0x00,
    0x47, 0x70, 0x4c, 0x00, 0x47, 0x70, 0x4c, 0x00, 0x47, 0x70, 0x4c, 0x00, 0x47, 0x70, 0x4c, 0x00,
    0x47, 0x70, 0x4c, 0x00, 0x47, 0x70, 0x4c, 0x00, 0x47, 0x70, 0x4c, 0x00, 0x47, 0x70, 0x4c, 0x00,
    0x47, 0x70, 0x4c, 0x00, 0x47, 0x70, 0x4c, 0x00, 0x47, 0x70, 0x4c, 0x00, 0x47, 0x70, 0x4c, 0x00,
    0x47, 0x70, 0x4c, 0x00, 0x47, 0x70, 0x4c, 0x00, 0x47, 0x70, 0x4c, 0x00, 0x47, 0x70, 0x4c, 0x00,
    0x47, 0x70, 0x4c, 0x00, 0x47, 0x70, 0x4c, 0x00, 0x47, 0x70, 0x4c, 0x00, 0x47, 0x70, 0x4c, 0x00,
    0x47, 0x70, 0x4c, 0x00, 0x47, 0x70, 0x4c, 0x00, 0x47, 0x70, 0x4c, 0x00, 0x47, 0x70, 0x4c, 0x00,
    0x47, 0x70, 0x4c, 0x00, 0x47, 0x70, 0x4c, 0x00, 0x47, 0x70, 0x4c, 0x00, 0x47, 0x70, 0x4c, 0x00,
    0x47, 0x70, 0x4c, 0x00, 0x47, 0x70, 0x4c, 0x00, 0x47, 0x70, 0x4c, 0x00, 0x47, 0x70, 0x4c, 0x00,
    0x47, 0x70, 0x4c, 0x00, 0x47, 0x70, 0x4c, 0x00, 0x47, 0x70, 0x4c, 0x00, 0x47, 0x70, 0x4c, 0x00,
    0x47, 0x70, 0x4c, 0x00, 0x47, 0x70, 0x4c, 0x00, 0x47, 0x70, 0x4c, 0x00, 0xf1, 0xee, 0xf2, 0x52,
    0xfc, 0xfb, 0xfc, 0xef, 0xfe, 0xfe, 0xfe, 0xff, 0xfe, 0xfe, 0xfe, 0xff, 0xfd, 0xfd, 0xfd, 0xfd,
    0xf4, 0xf2, 0xf5, 0x82, 0xc8, 0xbb, 0xcc, 0x05, 0x47, 0x70, 0x4c, 0x00, 0x47, 0x70, 0x4c, 0x00,
    0x47, 0x70, 0x4c, 0x00, 0x9c, 0x86, 0xa3, 0x02, 0xd8, 0xce, 0xdb, 0x0a, 0xee, 0xea, 0xef, 0x3f,
    0xed, 0xe9, 0xef, 0x35, 0xd8, 0xce, 0xdb, 0x0a, 0xd8, 0xce, 0xdb, 0x0a, 0xeb, 0xe6, 0xed, 0x2c,
    0xef, 0xec, 0xf0, 0x4a, 0xf3, 0xf0, 0xf4, 0x6d, 0xf4, 0xf1, 0xf5, 0x78, 0xf4, 0xf2, 0xf5, 0x82,
    0xf4, 0xf1, 0xf5, 0x78, 0xf1, 0xee, 0xf2, 0x52, 0xeb, 0xe6, 0xed, 0x2c, 0xd8, 0xce, 0xdb, 0x0a,
    0x47, 0x70, 0x4c, 0x00, 0x47, 0x70, 0x4c, 0x00, 0xe4, 0xde, 0xe6, 0x18, 0xf1, 0xee, 0xf2, 0x52,
    0xf1, 0xee, 0xf2, 0x52, 0xef, 0xec, 0xf0, 0x4a, 0xed, 0xe9, 0xef, 0x35, 0xe8, 0xe3, 0xea, 0x22,
    0xd8, 0xce, 0xdb, 0x0a, 0x47, 0x70, 0x4c, 0x00, 0x47, 0x70, 0x4c, 0x00, 0x47, 0x70, 0x4c, 0x00,
    0x47, 0x70, 0x4c, 0x00, 0x47, 0x70, 0x4c, 0x00, 0xe8, 0xe3, 0xea, 0x22, 0xf4, 0xf2, 0xf5, 0x82,
    0xfc, 0xfb, 0xfc, 0xef, 0xfe, 0xfe, 0xfe, 0xff, 0xff, 0xff, 0xff, 0xff, 0xfe, 0xfe, 0xfe, 0xff,
    0xfa, 0xf8, 0xfa, 0xcc, 0xed, 0xe9, 0xef, 0x35, 0x47, 0x70, 0x4c, 0x00, 0x47, 0x70, 0x4c, 0x00,
    0x47, 0x70, 0x4c, 0x00, 0x47, 0x70, 0x4c, 0x00, 0x9c, 0x86, 0xa3, 0x02, 0xf4, 0xf1, 0xf5, 0x78,
    0xfd, 0xfd, 0xfd, 0xfd, 0xfe, 0xfe, 0xfe, 0xff, 0xff, 0xff, 0xff, 0xff, 0xfc, 0xfb, 0xfc, 0xef,
    0xf1, 0xee, 0xf2, 0x52, 0x47, 0x70, 0x4c, 0x00, 0x47, 0x70, 0x4c, 0x00, 0x47, 0x70, 0x4c, 0x00,
    0x47, 0x70, 0x4c, 0x00, 0x47, 0x70, 0x4c, 0x00, 0x47, 0x70, 0x4c, 0x00, 0x47, 0x70, 0x4c, 0x00,
    0x47, 0x70, 0x4c, 0x00, 0x47, 0x70, 0x4c, 0x00, 0x47, 0x70, 0x4c, 0x00, 0x47, 0x70, 0x4c, 0x00,
    0x47, 0x70, 0x4c, 0x00, 0x47, 0x70, 0x4c, 0x00, 0x47, 0x70, 0x4c, 0x00, 0x47, 0x70, 0x4c, 0x00,
    0x47, 0x70, 0x4c, 0x00, 0x47, 0x70, 0x4c, 0x00, 0x47, 0x70, 0x4c, 0x00, 0x47, 0x70, 0x4c, 0x00,
    0x47, 0x70, 0x4c, 0x00, 0x47, 0x70, 0x4c, 0x00, 0x47, 0x70, 0x4c, 0x00, 0x47, 0x70, 0x4c, 0x00,
    0x47, 0x70, 0x4c, 0x00, 0x47, 0x70, 0x4c, 0x00, 0x47, 0x70, 0x4c, 0x00, 0x47, 0x70, 0x4c, 0x00,
    0x47, 0x70, 0x4c, 0x00, 0x47, 0x70, 0x4c, 0x00, 0x47, 0x70, 0x4c, 0x00, 0x47, 0x70, 0x4c, 0x00,
    0x47, 0x70, 0x4c, 0x00, 0x47, 0x70, 0x4c, 0x00, 0x47, 0x70, 0x4c, 0x00, 0x47, 0x70, 0x4c, 0x00,
    0x47, 0x70, 0x4c, 0x00, 0x47, 0x70, 0x4c, 0x00, 0x47, 0x70, 0x4c, 0x00, 0x47, 0x70, 0x4c, 0x00,
    0x47, 0x70, 0x4c, 0x00, 0x47, 0x70, 0x4c, 0x00, 0x47, 0x70, 0x4c, 0x00, 0x47, 0x70, 0x4c, 0x00,
    0x47, 0x70, 0x4c, 0x00, 0x47, 0x70, 0x4c, 0x00, 0x47, 0x70, 0x4c, 0x00, 0x47, 0x70, 0x4c, 0x00,
    0x47, 0x70, 0x4c, 0x00, 0x47, 0x70, 0x4c, 0x00, 0x47, 0x70, 0x4c, 0x00, 0x47, 0x70, 0x4c, 0x00,
    0x47, 0x70, 0x4c, 0x00, 0x47, 0x70, 0x4c, 0x00, 0x47, 0x70, 0x4c, 0x00, 0x47, 0x70, 0x4c, 0x00,
    0x47, 0x70, 0x4c, 0x00, 0x47, 0x70, 0x4c, 0x00, 0x47, 0x70, 0x4c, 0x00, 0x47, 0x70, 0x4c, 0x00,
    0x47, 0x70, 0x4c, 0x00, 0x47, 0x70, 0x4c, 0x00, 0x47, 0x70, 0x4c, 0x00, 0x47, 0x70, 0x4c, 0x00,
    0x47, 0x70, 0x4c, 0x00, 0x47, 0x70, 0x4c, 0x00, 0x47, 0x70, 0x4c, 0x00, 0x47, 0x70, 0x4c, 0x00,
    0x47, 0x70, 0x4c, 0x00, 0x47, 0x70, 0x4c, 0x00, 0xe8, 0xe3, 0xea, 0x22, 0xfa, 0xf8, 0xfa, 0xcc,
    0xff, 0xff, 0xff, 0xff, 0xfe, 0xfe, 0xfe, 0xff, 0xfe, 0xfe, 0xfe, 0xff, 0xf7, 0xf5, 0xf7, 0xa2,
    0xd8, 0xce, 0xdb, 0x0a, 0x47, 0x70, 0x4c, 0x00, 0x47, 0x70, 0x4c, 0x00, 0x47, 0x70, 0x4c, 0x00,
    0x47, 0x70, 0x4c, 0x00, 0x47, 0x70, 0x4c, 0x00, 0x9c, 0x86, 0xa3, 0x02, 0xc8, 0xbb, 0xcc, 0x05,
    0xeb, 0xe6, 0xed, 0x2c, 0xf4, 0xf2, 0xf5, 0x82, 0xf9, 0xf7, 0xf9, 0xc1, 0xfc, 0xfb, 0xfc, 0xef,
    0xfd, 0xfd, 0xfd, 0xfd, 0xfe, 0xfe, 0xfe, 0xff, 0xfe, 0xfe, 0xfe, 0xff, 0xfe, 0xfe, 0xfe, 0xff,
    0xfe, 0xfe, 0xfe, 0xff, 0xfd, 0xfd, 0xfd, 0xfd, 0xfc, 0xfb, 0xfc, 0xef, 0xf8, 0xf6, 0xf9, 0xb6,
    0xf3, 0xf0, 0xf4, 0x6d, 0xe8, 0xe3, 0xea, 0x22, 0xd8, 0xce, 0xdb, 0x0a, 0xf3, 0xf0, 0xf4, 0x6d,
    0xfb, 0xfa, 0xfb, 0xe3, 0xfd, 0xfd, 0xfd, 0xfd, 0xfc, 0xfb, 0xfc, 0xef, 0xfb, 0xfa, 0xfb, 0xe3,
    0xf9, 0xf7, 0xf9, 0xc1, 0xf6, 0xf3, 0xf6, 0x8d, 0xef, 0xec, 0xf0, 0x4a, 0xe0, 0xd8, 0xe2, 0x10,
    0x47, 0x70, 0x4c, 0x00, 0x47, 0x70, 0x4c, 0x00, 0x47, 0x70, 0x4c, 0x00, 0x47, 0x70, 0x4c, 0x00,
    0xee, 0xea, 0xef, 0x3f, 0xf9, 0xf7, 0xf9, 0xc1, 0xfe, 0xfe, 0xfe, 0xff, 0xff, 0xff, 0xff, 0xff,
    0xfe, 0xfe, 0xfe, 0xff, 0xfa, 0xf9, 0xfb, 0xd7, 0xee, 0xea, 0xef, 0x3f, 0x47, 0x70, 0x4c, 0x00,
    0x47, 0x70, 0x4c, 0x00, 0x47, 0x70, 0x4c, 0x00, 0x47, 0x70, 0x4c, 0x00, 0xd8, 0xce, 0xdb, 0x0a,
    0xf6, 0xf4, 0xf7, 0x99, 0xfe, 0xfe, 0xfe, 0xff, 0xfe, 0xfe, 0xfe, 0xff, 0xfe, 0xfe, 0xfe, 0xff,
    0xfa, 0xf8, 0xfa, 0xcc, 0xe8, 0xe3, 0xea, 0x22, 0x47, 0x70, 0x4c, 0x00, 0x47, 0x70, 0x4c, 0x00,
    0x47, 0x70, 0x4c, 0x00, 0x47, 0x70, 0x4c, 0x00, 0x47, 0x70, 0x4c, 0x00, 0x47, 0x70, 0x4c, 0x00,
    0x47, 0x70, 0x4c, 0x00, 0x47, 0x70, 0x4c, 0x00, 0x47, 0x70, 0x4c, 0x00, 0x47, 0x70, 0x4c, 0x00,
    0x47, 0x70, 0x4c, 0x00, 0x47, 0x70, 0x4c, 0x00, 0x47, 0x70, 0x4c, 0x00, 0x47, 0x70, 0x4c, 0x00,
    0x47, 0x70, 0x4c, 0x00, 0x47, 0x70, 0x4c, 0x00, 0x47, 0x70, 0x4c, 0x00, 0x47, 0x70, 0x4c, 0x00,
    0x47, 0x70, 0x4c, 0x00, 0x47, 0x70, 0x4c, 0x00, 0x47, 0x70, 0x4c, 0x00, 0x47, 0x70, 0x4c, 0x00,
    0x47, 0x70, 0x4c, 0x00, 0x47, 0x70, 0x4c, 0x00, 0x47, 0x70, 0x4c, 0x00, 0x47, 0x70, 0x4c, 0x00,
    0x47, 0x70, 0x4c, 0x00, 0x47, 0x70, 0x4c, 0x00, 0x47, 0x70, 0x4c, 0x00, 0x47, 0x70, 0x4c, 0x00,
    0x47, 0x70, 0x4c, 0x00, 0x47, 0x70, 0x4c, 0x00, 0x47, 0x70, 0x4c, 0x00, 0x47, 0x70, 0x4c, 0x00,
    0x47, 0x70, 0x4c, 0x00, 0x47, 0x70, 0x4c, 0x00, 0x47, 0x70, 0x4c, 0x00, 0x47, 0x70, 0x4c, 0x00,
    0x47, 0x70, 0x4c, 0x00, 0x47, 0x70, 0x4c, 0x00, 0x47, 0x70, 0x4c, 0x00, 0x47, 0x70, 0x4c, 0x00,
    0x47, 0x70, 0x4c, 0x00, 0x47, 0x70, 0x4c, 0x00, 0x47, 0x70, 0x4c, 0x00, 0x47, 0x70, 0x4c, 0x00,
    0x47, 0x70, 0x4c, 0x00, 0x47, 0x70, 0x4c, 0x00, 0x47, 0x70, 0x4c, 0x00, 0x47, 0x70, 0x4c, 0x00,
    0x47, 0x70, 0x4c, 0x00, 0x47, 0x70, 0x4c, 0x00, 0x47, 0x70, 0x4c, 0x00, 0x47, 0x70, 0x4c, 0x00,
    0x47, 0x70, 0x4c, 0x00, 0x47, 0x70, 0x4c, 0x00, 0x47, 0x70, 0x4c, 0x00, 0x47, 0x70, 0x4c, 0x00,
    0x47, 0x70, 0x4c, 0x00, 0x47, 0x70, 0x4c, 0x00, 0x47, 0x70, 0x4c, 0x00, 0x47, 0x70, 0x4c, 0x00,
    0x47, 0x70, 0x4c, 0x00, 0x47, 0x70, 0x4c, 0x00, 0x47, 0x70, 0x4c, 0x00, 0x47, 0x70, 0x4c, 0x00,
    0x47, 0x70, 0x4c, 0x00, 0x53, 0x3a, 0x5c, 0x01, 0xf6, 0xf3, 0xf6, 0x8d, 0xfe, 0xfe, 0xfe, 0xff,
    0xfe, 0xfe, 0xfe, 0xff, 0xfe, 0xfe, 0xfe, 0xff, 0xfa, 0xf8, 0xfa, 0xcc, 0xe8, 0xe3, 0xea, 0x22,
    0x47, 0x70, 0x4c, 0x00, 0x47, 0x70, 0x4c, 0x00, 0x47, 0x70, 0x4c, 0x00, 0x47, 0x70, 0x4c, 0x00,
    0x47, 0x70, 0x4c, 0x00, 0x47, 0x70, 0x4c, 0x00, 0xeb, 0xe6, 0xed, 0x2c, 0xf6, 0xf4, 0xf7, 0x99,
    0xfc, 0xfb, 0xfc, 0xef, 0xfe, 0xfe, 0xfe, 0xff, 0xfe, 0xfe, 0xfe, 0xff, 0xff, 0xff, 0xff, 0xff,
    0xff, 0xff, 0xff, 0xff, 0xfe, 0xfe, 0xfe, 0xff, 0xfe, 0xfe, 0xfe, 0xff, 0xfe, 0xfe, 0xfe, 0xff,
    0xff, 0xff, 0xff, 0xff, 0xff, 0xff, 0xff, 0xff, 0xff, 0xff, 0xff, 0xff, 0xfe, 0xfe, 0xfe, 0xff,
    0xfe, 0xfe, 0xfe, 0xff, 0xfa, 0xf9, 0xfb, 0xd7, 0xf1, 0xee, 0xf2, 0x60, 0xd8, 0xce, 0xdb, 0x0a,
    0xee, 0xea, 0xef, 0x3f, 0xfa, 0xf9, 0xfb, 0xd7, 0xfe, 0xfe, 0xfe, 0xff, 0xff, 0xff, 0xff, 0xff,
    0xff, 0xff, 0xff, 0xff, 0xfe, 0xfe, 0xfe, 0xff, 0xfd, 0xfc, 0xfd, 0xf7, 0xfa, 0xf8, 0xfa, 0xcc,
    0xf3, 0xf0, 0xf4, 0x6d, 0xe4, 0xde, 0xe6, 0x18, 0x47, 0x70, 0x4c, 0x00, 0x47, 0x70, 0x4c, 0x00,
    0x47, 0x70, 0x4c, 0x00, 0xe4, 0xde, 0xe6, 0x18, 0xf6, 0xf3, 0xf6, 0x8d, 0xfd, 0xfc, 0xfd, 0xf7,
    0xff, 0xff, 0xff, 0xff, 0xfe, 0xfe, 0xfe, 0xff, 0xfb, 0xfa, 0xfb, 0xe3, 0xee, 0xea, 0xef, 0x3f,
    0x47, 0x70, 0x4c, 0x00, 0x47, 0x70, 0x4c, 0x00, 0x47, 0x70, 0x4c, 0x00, 0x47, 0x70, 0x4c, 0x00,
    0xe4, 0xde, 0xe6, 0x18, 0xf9, 0xf7, 0xf9, 0xc1, 0xfe, 0xfe, 0xfe, 0xff, 0xfe, 0xfe, 0xfe, 0xff,
    0xfe, 0xfe, 0xfe, 0xff, 0xf6, 0xf3, 0xf6, 0x8d, 0x53, 0x3a, 0x5c, 0x01, 0x47, 0x70, 0x4c, 0x00,
    0x47, 0x70, 0x4c, 0x00, 0x47, 0x70, 0x4c, 0x00, 0x47, 0x70, 0x4c, 0x00, 0x47, 0x70, 0x4c, 0x00,
    0x47, 0x70, 0x4c, 0x00, 0x47, 0x70, 0x4c, 0x00, 0x47, 0x70, 0x4c, 0x00, 0x47, 0x70, 0x4c, 0x00,
    0x47, 0x70, 0x4c, 0x00, 0x47, 0x70, 0x4c, 0x00, 0x47, 0x70, 0x4c, 0x00, 0x47, 0x70, 0x4c, 0x00,
    0x47, 0x70, 0x4c, 0x00, 0x47, 0x70, 0x4c, 0x00, 0x47, 0x70, 0x4c, 0x00, 0x47, 0x70, 0x4c, 0x00,
    0x47, 0x70, 0x4c, 0x00, 0x47, 0x70, 0x4c, 0x00, 0x47, 0x70, 0x4c, 0x00, 0x47, 0x70, 0x4c, 0x00,
    0x47, 0x70, 0x4c, 0x00, 0x47, 0x70, 0x4c, 0x00, 0x47, 0x70, 0x4c, 0x00, 0x47, 0x70, 0x4c, 0x00,
    0x47, 0x70, 0x4c, 0x00, 0x47, 0x70, 0x4c, 0x00, 0x47, 0x70, 0x4c, 0x00, 0x47, 0x70, 0x4c, 0x00,
    0x47, 0x70, 0x4c, 0x00, 0x47, 0x70, 0x4c, 0x00, 0x47, 0x70, 0x4c, 0x00, 0x47, 0x70, 0x4c, 0x00,
    0x47, 0x70, 0x4c, 0x00, 0x47, 0x70, 0x4c, 0x00, 0x47, 0x70, 0x4c, 0x00, 0x47, 0x70, 0x4c, 0x00,
    0x47, 0x70, 0x4c, 0x00, 0x47, 0x70, 0x4c, 0x00, 0x47, 0x70, 0x4c, 0x00, 0x47, 0x70, 0x4c, 0x00,
    0x47, 0x70, 0x4c, 0x00, 0x47, 0x70, 0x4c, 0x00, 0x47, 0x70, 0x4c, 0x00, 0x47, 0x70, 0x4c, 0x00,
    0x47, 0x70, 0x4c, 0x00, 0x47, 0x70, 0x4c, 0x00, 0x47, 0x70, 0x4c, 0x00, 0x47, 0x70, 0x4c, 0x00,
    0x47, 0x70, 0x4c, 0x00, 0x47, 0x70, 0x4c, 0x00, 0x47, 0x70, 0x4c, 0x00, 0x47, 0x70, 0x4c, 0x00,
    0x47, 0x70, 0x4c, 0x00, 0x47, 0x70, 0x4c, 0x00, 0x47, 0x70, 0x4c, 0x00, 0x47, 0x70, 0x4c, 0x00,
    0x47, 0x70, 0x4c, 0x00, 0x47, 0x70, 0x4c, 0x00, 0x47, 0x70, 0x4c, 0x00, 0x47, 0x70, 0x4c, 0x00,
    0x47, 0x70, 0x4c, 0x00, 0x47, 0x70, 0x4c, 0x00, 0x47, 0x70, 0x4c, 0x00, 0x47, 0x70, 0x4c, 0x00,
    0x47, 0x70, 0x4c, 0x00, 0xee, 0xea, 0xef, 0x3f, 0xfc, 0xfb, 0xfc, 0xef, 0xfe, 0xfe, 0xfe, 0xff,
    0xfe, 0xfe, 0xfe, 0xff, 0xfc, 0xfb, 0xfc, 0xef, 0xef, 0xec, 0xf0, 0x4a, 0x47, 0x70, 0x4c, 0x00,
    0x47, 0x70, 0x4c, 0x00, 0x47, 0x70, 0x4c, 0x00, 0x47, 0x70, 0x4c, 0x00, 0x47, 0x70, 0x4c, 0x00,
    0x9c, 0x86, 0xa3, 0x02, 0xf1, 0xee, 0xf2, 0x60, 0xfa, 0xf9, 0xfb, 0xd7, 0xfe, 0xfe, 0xfe, 0xff,
    0xff, 0xff, 0xff, 0xff, 0xfe, 0xfe, 0xfe, 0xff, 0xfe, 0xfe, 0xfe, 0xff, 0xfd, 0xfc, 0xfd, 0xf7,
    0xfa, 0xf9, 0xfb, 0xd7, 0xf8, 0xf6, 0xf9, 0xb6, 0xf7, 0xf5, 0xf7, 0xa2, 0xf7, 0xf5, 0xf7, 0xa2,
    0xf8, 0xf6, 0xf9, 0xb6, 0xfa, 0xf9, 0xfb, 0xd7, 0xfd, 0xfc, 0xfd, 0xf7, 0xfe, 0xfe, 0xfe, 0xff,
    0xfe, 0xfe, 0xfe, 0xff, 0xfe, 0xfe, 0xfe, 0xff, 0xfd, 0xfd, 0xfd, 0xfd, 0xf7, 0xf5, 0xf7, 0xa2,
    0xe4, 0xde, 0xe6, 0x18, 0xeb, 0xe6, 0xed, 0x2c, 0xf9, 0xf7, 0xf9, 0xc1, 0xfd, 0xfc, 0xfd, 0xf7,
    0xfe, 0xfe, 0xfe, 0xff, 0xfe, 0xfe, 0xfe, 0xff, 0xff, 0xff, 0xff, 0xff, 0xff, 0xff, 0xff, 0xff,
    0xfd, 0xfd, 0xfd, 0xfd, 0xfa, 0xf8, 0xfa, 0xcc, 0xf1, 0xee, 0xf2, 0x52, 0xc8, 0xbb, 0xcc, 0x05,
    0x47, 0x70, 0x4c, 0x00, 0x47, 0x70, 0x4c, 0x00, 0xc8, 0xbb, 0xcc, 0x05, 0xf4, 0xf1, 0xf5, 0x78,
    0xfd, 0xfc, 0xfd, 0xf7, 0xff, 0xff, 0xff, 0xff, 0xfe, 0xfe, 0xfe, 0xff, 0xfa, 0xf9, 0xfb, 0xd7,
    0xeb, 0xe6, 0xed, 0x2c, 0x47, 0x70, 0x4c, 0x00, 0x47, 0x70, 0x4c, 0x00, 0x47, 0x70, 0x4c, 0x00,
    0x47, 0x70, 0x4c, 0x00, 0xee, 0xea, 0xef, 0x3f, 0xfb, 0xfa, 0xfb, 0xe3, 0xfe, 0xfe, 0xfe, 0xff,
    0xff, 0xff, 0xff, 0xff, 0xfc, 0xfb, 0xfc, 0xef, 0xed, 0xe9, 0xef, 0x35, 0x47, 0x70, 0x4c, 0x00,
    0x47, 0x70, 0x4c, 0x00, 0x47, 0x70, 0x4c, 0x00, 0x47, 0x70, 0x4c, 0x00, 0x47, 0x70, 0x4c, 0x00,
    0x47, 0x70, 0x4c, 0x00, 0x47, 0x70, 0x4c, 0x00, 0x47, 0x70, 0x4c, 0x00, 0x47, 0x70, 0x4c, 0x00,
    0x47, 0x70, 0x4c, 0x00, 0x47, 0x70, 0x4c, 0x00, 0x47, 0x70, 0x4c, 0x00, 0x47, 0x70, 0x4c, 0x00,
    0x47, 0x70, 0x4c, 0x00, 0x47, 0x70, 0x4c, 0x00, 0x47, 0x70, 0x4c, 0x00, 0x47, 0x70, 0x4c, 0x00,
    0x47, 0x70, 0x4c, 0x00, 0x47, 0x70, 0x4c, 0x00, 0x47, 0x70, 0x4c, 0x00, 0x47, 0x70, 0x4c, 0x00,
    0x47, 0x70, 0x4c, 0x00, 0x47, 0x70, 0x4c, 0x00, 0x47, 0x70, 0x4c, 0x00, 0x47, 0x70, 0x4c, 0x00,
    0x47, 0x70, 0x4c, 0x00, 0x47, 0x70, 0x4c, 0x00, 0x47, 0x70, 0x4c, 0x00, 0x47, 0x70, 0x4c, 0x00,
    0x47, 0x70, 0x4c, 0x00, 0x47, 0x70, 0x4c, 0x00, 0x47, 0x70, 0x4c, 0x00, 0x47, 0x70, 0x4c, 0x00,
    0x47, 0x70, 0x4c, 0x00, 0x47, 0x70, 0x4c, 0x00, 0x47, 0x70, 0x4c, 0x00, 0x47, 0x70, 0x4c, 0x00,
    0x47, 0x70, 0x4c, 0x00, 0x47, 0x70, 0x4c, 0x00, 0x47, 0x70, 0x4c, 0x00, 0x47, 0x70, 0x4c, 0x00,
    0x47, 0x70, 0x4c, 0x00, 0x47, 0x70, 0x4c, 0x00, 0x47, 0x70, 0x4c, 0x00, 0x47, 0x70, 0x4c, 0x00,
    0x47, 0x70, 0x4c, 0x00, 0x47, 0x70, 0x4c, 0x00, 0x47, 0x70, 0x4c, 0x00, 0x47, 0x70, 0x4c, 0x00,
    0x47, 0x70, 0x4c, 0x00, 0x47, 0x70, 0x4c, 0x00, 0x47, 0x70, 0x4c, 0x00, 0x47, 0x70, 0x4c, 0x00,
    0x47, 0x70, 0x4c, 0x00, 0x47, 0x70, 0x4c, 0x00, 0x47, 0x70, 0x4c, 0x00, 0x47, 0x70, 0x4c, 0x00,
    0x47, 0x70, 0x4c, 0x00, 0x47, 0x70, 0x4c, 0x00, 0x47, 0x70, 0x4c, 0x00, 0x47, 0x70, 0x4c, 0x00,
    0x47, 0x70, 0x4c, 0x00, 0x47, 0x70, 0x4c, 0x00, 0x47, 0x70, 0x4c, 0x00, 0x47, 0x70, 0x4c, 0x00,
    0xc8, 0xbb, 0xcc, 0x05, 0xf7, 0xf5, 0xf8, 0xab, 0xfe, 0xfe, 0xfe, 0xff, 0xfe, 0xfe, 0xfe, 0xff,
    0xfe, 0xfe, 0xfe, 0xff, 0xf6, 0xf3, 0xf6, 0x8d, 0x9c, 0x86, 0xa3, 0x02, 0x47, 0x70, 0x4c, 0x00,
    0x47, 0x70, 0x4c, 0x00, 0x47, 0x70, 0x4c, 0x00, 0x47, 0x70, 0x4c, 0x00, 0xc8, 0xbb, 0xcc, 0x05,
    0xf4, 0xf1, 0xf5, 0x78, 0xfc, 0xfb, 0xfc, 0xef, 0xfe, 0xfe, 0xfe, 0xff, 0xfe, 0xfe, 0xfe, 0xff,
    0xfe, 0xfe, 0xfe, 0xff, 0xfa, 0xf9, 0xfb, 0xd7, 0xf6, 0xf3, 0xf6, 0x8d, 0xee, 0xea, 0xef, 0x3f,
    0xe4, 0xde, 0xe6, 0x18, 0xd8, 0xce, 0xdb, 0x0a, 0x9c, 0x86, 0xa3, 0x02, 0x53, 0x3a, 0x5c, 0x01,
    0xc8, 0xbb, 0xcc, 0x05, 0xe4, 0xde, 0xe6, 0x18, 0xee, 0xea, 0xef, 0x3f, 0xf6, 0xf4, 0xf7, 0x99,
    0xfc, 0xfb, 0xfc, 0xef, 0xfe, 0xfe, 0xfe, 0xff, 0xfe, 0xfe, 0xfe, 0xff, 0xfe, 0xfe, 0xfe, 0xff,
    0xf9, 0xf7, 0xf9, 0xc1, 0xe8, 0xe3, 0xea, 0x22, 0xe4, 0xde, 0xe6, 0x18, 0xee, 0xea, 0xef, 0x3f,
    0xf4, 0xf1, 0xf5, 0x78, 0xf8, 0xf6, 0xf9, 0xb6, 0xfc, 0xfb, 0xfc, 0xef, 0xfe, 0xfe, 0xfe, 0xff,
    0xff, 0xff, 0xff, 0xff, 0xfe, 0xfe, 0xfe, 0xff, 0xfd, 0xfc, 0xfd, 0xf7, 0xf6, 0xf4, 0xf7, 0x99,
    0xe4, 0xde, 0xe6, 0x18, 0x47, 0x70, 0x4c, 0x00, 0x47, 0x70, 0x4c, 0x00, 0xc8, 0xbb, 0xcc, 0x05,
    0xf4, 0xf1, 0xf5, 0x78, 0xfd, 0xfc, 0xfd, 0xf7, 0xff, 0xff, 0xff, 0xff, 0xfd, 0xfc, 0xfd, 0xf7,
    0xf1, 0xee, 0xf2, 0x60, 0x47, 0x70, 0x4c, 0x00, 0x9c, 0x86, 0xa3, 0x02, 0xe4, 0xde, 0xe6, 0x18,
    0xed, 0xe9, 0xef, 0x35, 0xee, 0xea, 0xef, 0x3f, 0xf7, 0xf5, 0xf8, 0xab, 0xfe, 0xfe, 0xfe, 0xff,
    0xfe, 0xfe, 0xfe, 0xff, 0xfe, 0xfe, 0xfe, 0xff, 0xf7, 0xf5, 0xf7, 0xa2, 0xc8, 0xbb, 0xcc, 0x05,
    0x47, 0x70, 0x4c, 0x00, 0x47, 0x70, 0x4c, 0x00, 0x47, 0x70, 0x4c, 0x00, 0x47, 0x70, 0x4c, 0x00,
    0x47, 0x70, 0x4c, 0x00, 0x47, 0x70, 0x4c, 0x00, 0x47, 0x70, 0x4c, 0x00, 0x47, 0x70, 0x4c, 0x00,
    0x47, 0x70, 0x4c, 0x00, 0x47, 0x70, 0x4c, 0x00, 0x47, 0x70, 0x4c, 0x00, 0x47, 0x70, 0x4c, 0x00,
    0x47, 0x70, 0x4c, 0x00, 0x47, 0x70, 0x4c, 0x00, 0x47, 0x70, 0x4c, 0x00, 0x47, 0x70, 0x4c, 0x00,
    0x47, 0x70, 0x4c, 0x00, 0x47, 0x70, 0x4c, 0x00, 0x47, 0x70, 0x4c, 0x00, 0x47, 0x70, 0x4c, 0x00,
    0x47, 0x70, 0x4c, 0x00, 0x47, 0x70, 0x4c, 0x00, 0x47, 0x70, 0x4c, 0x00, 0x47, 0x70, 0x4c, 0x00,
    0x47, 0x70, 0x4c, 0x00, 0x47, 0x70, 0x4c, 0x00, 0x47, 0x70, 0x4c, 0x00, 0x47, 0x70, 0x4c, 0x00,
    0x47, 0x70, 0x4c, 0x00, 0x47, 0x70, 0x4c, 0x00, 0x47, 0x70, 0x4c, 0x00, 0x47, 0x70, 0x4c, 0x00,
    0x47, 0x70, 0x4c, 0x00, 0x47, 0x70, 0x4c, 0x00, 0x47, 0x70, 0x4c, 0x00, 0x47, 0x70, 0x4c, 0x00,
    0x47, 0x70, 0x4c, 0x00, 0x47, 0x70, 0x4c, 0x00, 0x47, 0x70, 0x4c, 0x00, 0x47, 0x70, 0x4c, 0x00,
    0x47, 0x70, 0x4c, 0x00, 0x47, 0x70, 0x4c, 0x00, 0x47, 0x70, 0x4c, 0x00, 0x47, 0x70, 0x4c, 0x00,
    0x47, 0x70, 0x4c, 0x00, 0x47, 0x70, 0x4c, 0x00, 0x47, 0x70, 0x4c, 0x00, 0x47, 0x70, 0x4c, 0x00,
    0x47, 0x70, 0x4c, 0x00, 0x47, 0x70, 0x4c, 0x00, 0x47, 0x70, 0x4c, 0x00, 0x47, 0x70, 0x4c, 0x00,
    0x47, 0x70, 0x4c, 0x00, 0x47, 0x70, 0x4c, 0x00, 0x47, 0x70, 0x4c, 0x00, 0x47, 0x70, 0x4c, 0x00,
    0x47, 0x70, 0x4c, 0x00, 0x47, 0x70, 0x4c, 0x00, 0x47, 0x70, 0x4c, 0x00, 0x47, 0x70, 0x4c, 0x00,
    0x47, 0x70, 0x4c, 0x00, 0x47, 0x70, 0x4c, 0x00, 0x47, 0x70, 0x4c, 0x00, 0x47, 0x70, 0x4c, 0x00,
    0xee, 0xea, 0xef, 0x3f, 0xfc, 0xfb, 0xfc, 0xef, 0xfe, 0xfe, 0xfe, 0xff, 0xfe, 0xfe, 0xfe, 0xff,
    0xfa, 0xf9, 0xfb, 0xd7, 0xe8, 0xe3, 0xea, 0x22, 0x47, 0x70, 0x4c, 0x00, 0x47, 0x70, 0x4c, 0x00,
    0x47, 0x70, 0x4c, 0x00, 0x47, 0x70, 0x4c, 0x00, 0xc8, 0xbb, 0xcc, 0x05, 0xf4, 0xf2, 0xf5, 0x82,
    0xfd, 0xfc, 0xfd, 0xf7, 0xfe, 0xfe, 0xfe, 0xff, 0xfe, 0xfe, 0xfe, 0xff, 0xfc, 0xfb, 0xfc, 0xef,
    0xf6, 0xf3, 0xf6, 0x8d, 0xe8, 0xe3, 0xea, 0x22, 0x47, 0x70, 0x4c, 0x00, 0x47, 0x70, 0x4c, 0x00,
    0x47, 0x70, 0x4c, 0x00, 0x47, 0x70, 0x4c, 0x00, 0x47, 0x70, 0x4c, 0x00, 0x47, 0x70, 0x4c, 0x00,
    0x47, 0x70, 0x4c, 0x00, 0x47, 0x70, 0x4c, 0x00, 0x47, 0x70, 0x4c, 0x00, 0x9c, 0x86, 0xa3, 0x02,
    0xee, 0xea, 0xef, 0x3f, 0xf9, 0xf7, 0xf9, 0xc1, 0xfe, 0xfe, 0xfe, 0xff, 0xff, 0xff, 0xff, 0xff,
    0xfe, 0xfe, 0xfe, 0xff, 0xf8, 0xf6, 0xf9, 0xb6, 0xe0, 0xd8, 0xe2, 0x10, 0x47, 0x70, 0x4c, 0x00,
    0x47, 0x70, 0x4c, 0x00, 0xd8, 0xce, 0xdb, 0x0a, 0xed, 0xe9, 0xef, 0x35, 0xf6, 0xf4, 0xf7, 0x99,
    0xfc, 0xfb, 0xfc, 0xef, 0xfe, 0xfe, 0xfe, 0xff, 0xfe, 0xfe, 0xfe, 0xff, 0xfe, 0xfe, 0xfe, 0xff,
    0xf9, 0xf7, 0xf9, 0xc1, 0xeb, 0xe6, 0xed, 0x2c, 0x47, 0x70, 0x4c, 0x00, 0x47, 0x70, 0x4c, 0x00,
    0xc8, 0xbb, 0xcc, 0x05, 0xf4, 0xf2, 0xf5, 0x82, 0xfa, 0xf8, 0xfa, 0xcc, 0xf1, 0xee, 0xf2, 0x52,
    0xc8, 0xbb, 0xcc, 0x05, 0xee, 0xea, 0xef, 0x3f, 0xf6, 0xf4, 0xf7, 0x99, 0xfa, 0xf9, 0xfb, 0xd7,
    0xfc, 0xfb, 0xfc, 0xef, 0xfd, 0xfc, 0xfd, 0xf7, 0xfd, 0xfc, 0xfd, 0xf7, 0xfe, 0xfe, 0xfe, 0xff,
    0xfe, 0xfe, 0xfe, 0xff, 0xff, 0xff, 0xff, 0xff, 0xfc, 0xfb, 0xfc, 0xef, 0xee, 0xea, 0xef, 0x3f,
    0x47, 0x70, 0x4c, 0x00, 0x47, 0x70, 0x4c, 0x00, 0x47, 0x70, 0x4c, 0x00, 0x47, 0x70, 0x4c, 0x00,
    0x47, 0x70, 0x4c, 0x00, 0x47, 0x70, 0x4c, 0x00, 0x47, 0x70, 0x4c, 0x00, 0x47, 0x70, 0x4c, 0x00,
    0x47, 0x70, 0x4c, 0x00, 0x47, 0x70, 0x4c, 0x00, 0x47, 0x70, 0x4c, 0x00, 0x47, 0x70, 0x4c, 0x00,
    0x47, 0x70, 0x4c, 0x00, 0x47, 0x70, 0x4c, 0x00, 0x47, 0x70, 0x4c, 0x00, 0x47, 0x70, 0x4c, 0x00,
    0x47, 0x70, 0x4c, 0x00, 0x47, 0x70, 0x4c, 0x00, 0x47, 0x70, 0x4c, 0x00, 0x47, 0x70, 0x4c, 0x00,
    0x47, 0x70, 0x4c, 0x00, 0x47, 0x70, 0x4c, 0x00, 0x47, 0x70, 0x4c, 0x00, 0x47, 0x70, 0x4c, 0x00,
    0x47, 0x70, 0x4c, 0x00, 0x47, 0x70, 0x4c, 0x00, 0x47, 0x70, 0x4c, 0x00, 0x47, 0x70, 0x4c, 0x00,
    0x47, 0x70, 0x4c, 0x00, 0x47, 0x70, 0x4c, 0x00, 0x47, 0x70, 0x4c, 0x00, 0x47, 0x70, 0x4c, 0x00,
    0x47, 0x70, 0x4c, 0x00, 0x47, 0x70, 0x4c, 0x00, 0x47, 0x70, 0x4c, 0x00, 0x47, 0x70, 0x4c, 0x00,
    0x47, 0x70, 0x4c, 0x00, 0x47, 0x70, 0x4c, 0x00, 0x47, 0x70, 0x4c, 0x00, 0x47, 0x70, 0x4c, 0x00,
    0x47, 0x70, 0x4c, 0x00, 0x47, 0x70, 0x4c, 0x00, 0x47, 0x70, 0x4c, 0x00, 0x47, 0x70, 0x4c, 0x00,
    0x47, 0x70, 0x4c, 0x00, 0x47, 0x70, 0x4c, 0x00, 0x47, 0x70, 0x4c, 0x00, 0x47, 0x70, 0x4c, 0x00,
    0x47, 0x70, 0x4c, 0x00, 0x47, 0x70, 0x4c, 0x00, 0x47, 0x70, 0x4c, 0x00, 0x47, 0x70, 0x4c, 0x00,
    0x47, 0x70, 0x4c, 0x00, 0x47, 0x70, 0x4c, 0x00, 0x47, 0x70, 0x4c, 0x00, 0x47, 0x70, 0x4c, 0x00,
    0x47, 0x70, 0x4c, 0x00, 0x47, 0x70, 0x4c, 0x00, 0x47, 0x70, 0x4c, 0x00, 0x47, 0x70, 0x4c, 0x00,
    0x47, 0x70, 0x4c, 0x00, 0x47, 0x70, 0x4c, 0x00, 0x47, 0x70, 0x4c, 0x00, 0xc8, 0xbb, 0xcc, 0x05,
    0xf7, 0xf5, 0xf7, 0xa2, 0xfe, 0xfe, 0xfe, 0xff, 0xfe, 0xfe, 0xfe, 0xff, 0xfd, 0xfd, 0xfd, 0xfd,
    0xf3, 0xf0, 0xf4, 0x6d, 0x47, 0x70, 0x4c, 0x00, 0x47, 0x70, 0x4c, 0x00, 0x47, 0x70, 0x4c, 0x00,
    0x47, 0x70, 0x4c, 0x00, 0x9c, 0x86, 0xa3, 0x02, 0xf3, 0xf0, 0xf4, 0x6d, 0xfd, 0xfc, 0xfd, 0xf7,
    0xfe, 0xfe, 0xfe, 0xff, 0xfe, 0xfe, 0xfe, 0xff, 0xfa, 0xf9, 0xfb, 0xd7, 0xef, 0xec, 0xf0, 0x4a,
    0x53, 0x3a, 0x5c, 0x01, 0x47, 0x70, 0x4c, 0x00, 0x47, 0x70, 0x4c, 0x00, 0x47, 0x70, 0x4c, 0x00,
    0xd8, 0xce, 0xdb, 0x0a, 0xe8, 0xe3, 0xea, 0x22, 0xed, 0xe9, 0xef, 0x35, 0xed, 0xe9, 0xef, 0x35,
    0xe8, 0xe3, 0xea, 0x22, 0xc8, 0xbb, 0xcc, 0x05, 0x47, 0x70, 0x4c, 0x00, 0x47, 0x70, 0x4c, 0x00,
    0x47, 0x70, 0x4c, 0x00, 0xe4, 0xde, 0xe6, 0x18, 0xf7, 0xf5, 0xf8, 0xab, 0xfe, 0xfe, 0xfe, 0xff,
    0xff, 0xff, 0xff, 0xff, 0xfe, 0xfe, 0xfe, 0xff, 0xf4, 0xf2, 0xf5, 0x82, 0x47, 0x70, 0x4c, 0x00,
    0x47, 0x70, 0x4c, 0x00, 0x47, 0x70, 0x4c, 0x00, 0x47, 0x70, 0x4c, 0x00, 0x9c, 0x86, 0xa3, 0x02,
    0xee, 0xea, 0xef, 0x3f, 0xf9, 0xf7, 0xf9, 0xc1, 0xfe, 0xfe, 0xfe, 0xff, 0xff, 0xff, 0xff, 0xff,
    0xfe, 0xfe, 0xfe, 0xff, 0xfa, 0xf8, 0xfa, 0xcc, 0xed, 0xe9, 0xef, 0x35, 0x47, 0x70, 0x4c, 0x00,
    0x47, 0x70, 0x4c, 0x00, 0xd8, 0xce, 0xdb, 0x0a, 0xe4, 0xde, 0xe6, 0x18, 0xe0, 0xd8, 0xe2, 0x10,
    0xf4, 0xf2, 0xf5, 0x82, 0xfc, 0xfb, 0xfc, 0xef, 0xfe, 0xfe, 0xfe, 0xff, 0xff, 0xff, 0xff, 0xff,
    0xfe, 0xfe, 0xfe, 0xff, 0xff, 0xff, 0xff, 0xff, 0xfe, 0xfe, 0xfe, 0xff, 0xfe, 0xfe, 0xfe, 0xff,
    0xfe, 0xfe, 0xfe, 0xff, 0xfe, 0xfe, 0xfe, 0xff, 0xfe, 0xfe, 0xfe, 0xff, 0xf7, 0xf5, 0xf7, 0xa2,
    0xc8, 0xbb, 0xcc, 0x05, 0x47, 0x70, 0x4c, 0x00, 0x47, 0x70, 0x4c, 0x00, 0x47, 0x70, 0x4c, 0x00,
    0x47, 0x70, 0x4c, 0x00, 0x47, 0x70, 0x4c, 0x00, 0x47, 0x70, 0x4c, 0x00, 0x47, 0x70, 0x4c, 0x00,
    0x47, 0x70, 0x4c, 0x00, 0x47, 0x70, 0x4c, 0x00, 0x47, 0x70, 0x4c, 0x00, 0x47, 0x70, 0x4c, 0x00,
    0x47, 0x70, 0x4c, 0x00, 0x47, 0x70, 0x4c, 0x00, 0x47, 0x70, 0x4c, 0x00, 0x47, 0x70, 0x4c, 0x00,
    0x47, 0x70, 0x4c, 0x00, 0x47, 0x70, 0x4c, 0x00, 0x47, 0x70, 0x4c, 0x00, 0x47, 0x70, 0x4c, 0x00,
    0x47, 0x70, 0x4c, 0x00, 0x47, 0x70, 0x4c, 0x00, 0x47, 0x70, 0x4c, 0x00, 0x47, 0x70, 0x4c, 0x00,
    0x47, 0x70, 0x4c, 0x00, 0x47, 0x70, 0x4c, 0x00, 0x47, 0x70, 0x4c, 0x00, 0x47, 0x70, 0x4c, 0x00,
    0x47, 0x70, 0x4c, 0x00, 0x47, 0x70, 0x4c, 0x00, 0x47, 0x70, 0x4c, 0x00, 0x47, 0x70, 0x4c, 0x00,
    0x47, 0x70, 0x4c, 0x00, 0x47, 0x70, 0x4c, 0x00, 0x47, 0x70, 0x4c, 0x00, 0x47, 0x70, 0x4c, 0x00,
    0x47, 0x70, 0x4c, 0x00, 0x47, 0x70, 0x4c, 0x00, 0x47, 0x70, 0x4c, 0x00, 0x47, 0x70, 0x4c, 0x00,
    0x47, 0x70, 0x4c, 0x00, 0x47, 0x70, 0x4c, 0x00, 0x47, 0x70, 0x4c, 0x00, 0x47, 0x70, 0x4c, 0x00,
    0x47, 0x70, 0x4c, 0x00, 0x47, 0x70, 0x4c, 0x00, 0x47, 0x70, 0x4c, 0x00, 0x47, 0x70, 0x4c, 0x00,
    0x47, 0x70, 0x4c, 0x00, 0x47, 0x70, 0x4c, 0x00, 0x47, 0x70, 0x4c, 0x00, 0x47, 0x70, 0x4c, 0x00,
    0x47, 0x70, 0x4c, 0x00, 0x47, 0x70, 0x4c, 0x00, 0x47, 0x70, 0x4c, 0x00, 0x47, 0x70, 0x4c, 0x00,
    0x47, 0x70, 0x4c, 0x00, 0x47, 0x70, 0x4c, 0x00, 0x47, 0x70, 0x4c, 0x00, 0x47, 0x70, 0x4c, 0x00,
    0x47, 0x70, 0x4c, 0x00, 0x47, 0x70, 0x4c, 0x00, 0x47, 0x70, 0x4c, 0x00, 0xeb, 0xe6, 0xed, 0x2c,
    0xfb, 0xfa, 0xfb, 0xe3, 0xfe, 0xfe, 0xfe, 0xff, 0xfe, 0xfe, 0xfe, 0xff, 0xfa, 0xf8, 0xfa, 0xcc,
    0xe4, 0xde, 0xe6, 0x18, 0x47, 0x70, 0x4c, 0x00, 0x47, 0x70, 0x4c, 0x00, 0x47, 0x70, 0x4c, 0x00,
    0x47, 0x70, 0x4c, 0x00, 0xef, 0xec, 0xf0, 0x4a, 0xfc, 0xfb, 0xfc, 0xef, 0xfe, 0xfe, 0xfe, 0xff,
    0xfe, 0xfe, 0xfe, 0xff, 0xfa, 0xf8, 0xfa, 0xcc, 0xed, 0xe9, 0xef, 0x35, 0x47, 0x70, 0x4c, 0x00,
    0x47, 0x70, 0x4c, 0x00, 0x47, 0x70, 0x4c, 0x00, 0xe8, 0xe3, 0xea, 0x22, 0xf3, 0xf0, 0xf4, 0x6d,
    0xf8, 0xf6, 0xf9, 0xb6, 0xfb, 0xfa, 0xfb, 0xe3, 0xfc, 0xfb, 0xfc, 0xef, 0xfc, 0xfb, 0xfc, 0xef,
    0xfb, 0xfa, 0xfb, 0xe3, 0xf7, 0xf5, 0xf8, 0xab, 0xef, 0xec, 0xf0, 0x4a, 0xc8, 0xbb, 0xcc, 0x05,
    0x47, 0x70, 0x4c, 0x00, 0x47, 0x70, 0x4c, 0x00, 0xe4, 0xde, 0xe6, 0x18, 0xf9, 0xf7, 0xf9, 0xc1,
    0xfe, 0xfe, 0xfe, 0xff, 0xff, 0xff, 0xff, 0xff, 0xfb, 0xfa, 0xfb, 0xe3, 0xeb, 0xe6, 0xed, 0x2c,
    0x47, 0x70, 0x4c, 0x00, 0x47, 0x70, 0x4c, 0x00, 0x47, 0x70, 0x4c, 0x00, 0x47, 0x70, 0x4c, 0x00,
    0x47, 0x70, 0x4c, 0x00, 0xe4, 0xde, 0xe6, 0x18, 0xf6, 0xf4, 0xf7, 0x99, 0xfd, 0xfd, 0xfd, 0xfd,
    0xff, 0xff, 0xff, 0xff, 0xfe, 0xfe, 0xfe, 0xff, 0xfa, 0xf8, 0xfa, 0xcc, 0xe8, 0xe3, 0xea, 0x22,
    0x47, 0x70, 0x4c, 0x00, 0x47, 0x70, 0x4c, 0x00, 0xed, 0xe9, 0xef, 0x35, 0xf8, 0xf6, 0xf9, 0xb6,
    0xfe, 0xfe, 0xfe, 0xff, 0xff, 0xff, 0xff, 0xff, 0xfe, 0xfe, 0xfe, 0xff, 0xfe, 0xfe, 0xfe, 0xff,
    0xfe, 0xfe, 0xfe, 0xff, 0xfd, 0xfd, 0xfd, 0xfd, 0xfe, 0xfe, 0xfe, 0xff, 0xfe, 0xfe, 0xfe, 0xff,
    0xfe, 0xfe, 0xfe, 0xff, 0xfe, 0xfe, 0xfe, 0xff, 0xfe, 0xfe, 0xfe, 0xff, 0xfb, 0xfa, 0xfb, 0xe3,
    0xeb, 0xe6, 0xed, 0x2c, 0x47, 0x70, 0x4c, 0x00, 0x47, 0x70, 0x4c, 0x00, 0x47, 0x70, 0x4c, 0x00,
    0x47, 0x70, 0x4c, 0x00, 0x47, 0x70, 0x4c, 0x00, 0x47, 0x70, 0x4c, 0x00, 0x47, 0x70, 0x4c, 0x00,
    0x47, 0x70, 0x4c, 0x00, 0x47, 0x70, 0x4c, 0x00, 0x47, 0x70, 0x4c, 0x00, 0x47, 0x70, 0x4c, 0x00,
    0x47, 0x70, 0x4c, 0x00, 0x47, 0x70, 0x4c, 0x00, 0x47, 0x70, 0x4c, 0x00, 0x47, 0x70, 0x4c, 0x00,
    0x47, 0x70, 0x4c, 0x00, 0x47, 0x70, 0x4c, 0x00, 0x47, 0x70, 0x4c, 0x00, 0x47, 0x70, 0x4c, 0x00,
    0x47, 0x70, 0x4c, 0x00, 0x47, 0x70, 0x4c, 0x00, 0x47, 0x70, 0x4c, 0x00, 0x47, 0x70, 0x4c, 0x00,
    0x47, 0x70, 0x4c, 0x00, 0x47, 0x70, 0x4c, 0x00, 0x47, 0x70, 0x4c, 0x00, 0x47, 0x70, 0x4c, 0x00,
    0x47, 0x70, 0x4c, 0x00, 0x47, 0x70, 0x4c, 0x00, 0x47, 0x70, 0x4c, 0x00, 0x47, 0x70, 0x4c, 0x00,
    0x47, 0x70, 0x4c, 0x00, 0x47, 0x70, 0x4c, 0x00, 0x47, 0x70, 0x4c, 0x00, 0x47, 0x70, 0x4c, 0x00,
    0x47, 0x70, 0x4c, 0x00, 0x47, 0x70, 0x4c, 0x00, 0x47, 0x70, 0x4c, 0x00, 0x47, 0x70, 0x4c, 0x00,
    0x47, 0x70, 0x4c, 0x00, 0x47, 0x70, 0x4c, 0x00, 0x47, 0x70, 0x4c, 0x00, 0x47, 0x70, 0x4c, 0x00,
    0x47, 0x70, 0x4c, 0x00, 0x47, 0x70, 0x4c, 0x00, 0x47, 0x70, 0x4c, 0x00, 0x47, 0x70, 0x4c, 0x00,
    0x47, 0x70, 0x4c, 0x00, 0x47, 0x70, 0x4c, 0x00, 0x47, 0x70, 0x4c, 0x00, 0x47, 0x70, 0x4c, 0x00,
    0x47, 0x70, 0x4c, 0x00, 0x47, 0x70, 0x4c, 0x00, 0x47, 0x70, 0x4c, 0x00, 0x47, 0x70, 0x4c, 0x00,
    0x47, 0x70, 0x4c, 0x00, 0x47, 0x70, 0x4c, 0x00, 0x47, 0x70, 0x4c, 0x00, 0x47, 0x70, 0x4c, 0x00,
    0x47, 0x70, 0x4c, 0x00, 0x47, 0x70, 0x4c, 0x00, 0x47, 0x70, 0x4c, 0x00, 0xf4, 0xf1, 0xf5, 0x78,
    0xfe, 0xfe, 0xfe, 0xff, 0xfe, 0xfe, 0xfe, 0xff, 0xfe, 0xfe, 0xfe, 0xff, 0xf4, 0xf1, 0xf5, 0x78,
    0x47, 0x70, 0x4c, 0x00, 0x47, 0x70, 0x4c, 0x00, 0x47, 0x70, 0x4c, 0x00, 0x47, 0x70, 0x4c, 0x00,
    0xe4, 0xde, 0xe6, 0x18, 0xfa, 0xf8, 0xfa, 0xcc, 0xfe, 0xfe, 0xfe, 0xff, 0xfe, 0xfe, 0xfe, 0xff,
    0xfa, 0xf9, 0xfb, 0xd7, 0xed, 0xe9, 0xef, 0x35, 0x47, 0x70, 0x4c, 0x00, 0x47, 0x70, 0x4c, 0x00,
    0xc8, 0xbb, 0xcc, 0x05, 0xf1, 0xee, 0xf2, 0x60, 0xfa, 0xf9, 0xfb, 0xd7, 0xfe, 0xfe, 0xfe, 0xff,
    0xfe, 0xfe, 0xfe, 0xff, 0xff, 0xff, 0xff, 0xff, 0xff, 0xff, 0xff, 0xff, 0xff, 0xff, 0xff, 0xff,
    0xff, 0xff, 0xff, 0xff, 0xfe, 0xfe, 0xfe, 0xff, 0xfd, 0xfc, 0xfd, 0xf7, 0xf6, 0xf3, 0xf6, 0x8d,
    0xe0, 0xd8, 0xe2, 0x10, 0x47, 0x70, 0x4c, 0x00, 0x47, 0x70, 0x4c, 0x00, 0xee, 0xea, 0xef, 0x3f,
    0xfc, 0xfb, 0xfc, 0xef, 0xff, 0xff, 0xff, 0xff, 0xfe, 0xfe, 0xfe, 0xff, 0xf6, 0xf3, 0xf6, 0x8d,
    0x47, 0x70, 0x4c, 0x00, 0x47, 0x70, 0x4c, 0x00, 0x47, 0x70, 0x4c, 0x00, 0x47, 0x70, 0x4c, 0x00,
    0x47, 0x70, 0x4c, 0x00, 0x9c, 0x86, 0xa3, 0x02, 0xd8, 0xce, 0xdb, 0x0a, 0xf4, 0xf2, 0xf5, 0x82,
    0xfd, 0xfc, 0xfd, 0xf7, 0xfe, 0xfe, 0xfe, 0xff, 0xf9, 0xf7, 0xf9, 0xc1, 0xe8, 0xe3, 0xea, 0x22,
    0xc8, 0xbb, 0xcc, 0x05, 0xf3, 0xf0, 0xf4, 0x6d, 0xfb, 0xfa, 0xfb, 0xe3, 0xfe, 0xfe, 0xfe, 0xff,
    0xfe, 0xfe, 0xfe, 0xff, 0xfe, 0xfe, 0xfe, 0xff, 0xfd, 0xfc, 0xfd, 0xf7, 0xf8, 0xf6, 0xf9, 0xb6,
    0xf3, 0xf0, 0xf4, 0x6d, 0xf1, 0xee, 0xf2, 0x60, 0xf6, 0xf3, 0xf6, 0x8d, 0xfb, 0xfa, 0xfb, 0xe3,
    0xfe, 0xfe, 0xfe, 0xff, 0xfe, 0xfe, 0xfe, 0xff, 0xfe, 0xfe, 0xfe, 0xff, 0xfe, 0xfe, 0xfe, 0xff,
    0xf4, 0xf1, 0xf5, 0x78, 0x47, 0x70, 0x4c, 0x00, 0x47, 0x70, 0x4c, 0x00, 0x47, 0x70, 0x4c, 0x00,
    0x47, 0x70, 0x4c, 0x00, 0x47, 0x70, 0x4c, 0x00, 0x47, 0x70, 0x4c, 0x00, 0x47, 0x70, 0x4c, 0x00,
    0x47, 0x70, 0x4c, 0x00, 0x47, 0x70, 0x4c, 0x00, 0x47, 0x70, 0x4c, 0x00, 0x47, 0x70, 0x4c, 0x00,
    0x47, 0x70, 0x4c, 0x00, 0x47, 0x70, 0x4c, 0x00, 0x47, 0x70, 0x4c, 0x00, 0x47, 0x70, 0x4c, 0x00,
    0x47, 0x70, 0x4c, 0x00, 0x47, 0x70, 0x4c, 0x00, 0x47, 0x70, 0x4c, 0x00, 0x47, 0x70, 0x4c, 0x00,
    0x47, 0x70, 0x4c, 0x00, 0x47, 0x70, 0x4c, 0x00, 0x47, 0x70, 0x4c, 0x00, 0x47, 0x70, 0x4c, 0x00,
    0x47, 0x70, 0x4c, 0x00, 0x47, 0x70, 0x4c, 0x00, 0x47, 0x70, 0x4c, 0x00, 0x47, 0x70, 0x4c, 0x00,
    0x47, 0x70, 0x4c, 0x00, 0x47, 0x70, 0x4c, 0x00, 0x47, 0x70, 0x4c, 0x00, 0x47, 0x70, 0x4c, 0x00,
    0x47, 0x70, 0x4c, 0x00, 0x47, 0x70, 0x4c, 0x00, 0x47, 0x70, 0x4c, 0x00, 0x47, 0x70, 0x4c, 0x00,
    0x47, 0x70, 0x4c, 0x00, 0x47, 0x70, 0x4c, 0x00, 0x47, 0x70, 0x4c, 0x00, 0x47, 0x70, 0x4c, 0x00,
    0x47, 0x70, 0x4c, 0x00, 0x47, 0x70, 0x4c, 0x00, 0x47, 0x70, 0x4c, 0x00, 0x47, 0x70, 0x4c, 0x00,
    0x47, 0x70, 0x4c, 0x00, 0x47, 0x70, 0x4c, 0x00, 0x47, 0x70, 0x4c, 0x00, 0x47, 0x70, 0x4c, 0x00,
    0x47, 0x70, 0x4c, 0x00, 0x47, 0x70, 0x4c, 0x00, 0x47, 0x70, 0x4c, 0x00, 0x47, 0x70, 0x4c, 0x00,
    0x47, 0x70, 0x4c, 0x00, 0x47, 0x70, 0x4c, 0x00, 0x47, 0x70, 0x4c, 0x00, 0x47, 0x70, 0x4c, 0x00,
    0x47, 0x70, 0x4c, 0x00, 0x47, 0x70, 0x4c, 0x00, 0x47, 0x70, 0x4c, 0x00, 0x47, 0x70, 0x4c, 0x00,
    0x47, 0x70, 0x4c, 0x00, 0x47, 0x70, 0x4c, 0x00, 0xe0, 0xd8, 0xe2, 0x10, 0xf9, 0xf7, 0xf9, 0xc1,
    0xfe, 0xfe, 0xfe, 0xff, 0xfe, 0xfe, 0xfe, 0xff, 0xfb, 0xfa, 0xfb, 0xe3, 0xeb, 0xe6, 0xed, 0x2c,
    0x47, 0x70, 0x4c, 0x00, 0x47, 0x70, 0x4c, 0x00, 0x47, 0x70, 0x4c, 0x00, 0x47, 0x70, 0x4c, 0x00,
    0xf4, 0xf2, 0xf5, 0x82, 0xfe, 0xfe, 0xfe, 0xff, 0xfe, 0xfe, 0xfe, 0xff, 0xfc, 0xfb, 0xfc, 0xef,
    0xf1, 0xee, 0xf2, 0x52, 0x47, 0x70, 0x4c, 0x00, 0x47, 0x70, 0x4c, 0x00, 0xc8, 0xbb, 0xcc, 0x05,
    0xf4, 0xf1, 0xf5, 0x78, 0xfd, 0xfc, 0xfd, 0xf7, 0xfe, 0xfe, 0xfe, 0xff, 0xfe, 0xfe, 0xfe, 0xff,
    0xfe, 0xfe, 0xfe, 0xff, 0xfd, 0xfc, 0xfd, 0xf7, 0xfc, 0xfb, 0xfc, 0xef, 0xfc, 0xfb, 0xfc, 0xef,
    0xfd, 0xfd, 0xfd, 0xfd, 0xfe, 0xfe, 0xfe, 0xff, 0xff, 0xff, 0xff, 0xff, 0xfe, 0xfe, 0xfe, 0xff,
    0xf6, 0xf4, 0xf7, 0x99, 0xd8, 0xce, 0xdb, 0x0a, 0x47, 0x70, 0x4c, 0x00, 0x9c, 0x86, 0xa3, 0x02,
    0xf6, 0xf4, 0xf7, 0x99, 0xfe, 0xfe, 0xfe, 0xff, 0xff, 0xff, 0xff, 0xff, 0xfa, 0xf9, 0xfb, 0xd7,
    0xe4, 0xde, 0xe6, 0x18, 0x47, 0x70, 0x4c, 0x00, 0x47, 0x70, 0x4c, 0x00, 0x47, 0x70, 0x4c, 0x00,
    0x47, 0x70, 0x4c, 0x00, 0x47, 0x70, 0x4c, 0x00, 0x47, 0x70, 0x4c, 0x00, 0xc8, 0xbb, 0xcc, 0x05,
    0xf4, 0xf2, 0xf5, 0x82, 0xf4, 0xf2, 0xf5, 0x82, 0xe0, 0xd8, 0xe2, 0x10, 0xe8, 0xe3, 0xea, 0x22,
    0xf7, 0xf5, 0xf7, 0xa2, 0xfd, 0xfc, 0xfd, 0xf7, 0xfe, 0xfe, 0xfe, 0xff, 0xfe, 0xfe, 0xfe, 0xff,
    0xfe, 0xfe, 0xfe, 0xff, 0xfb, 0xfa, 0xfb, 0xe3, 0xf3, 0xf0, 0xf4, 0x6d, 0xd8, 0xce, 0xdb, 0x0a,
    0x47, 0x70, 0x4c, 0x00, 0x47, 0x70, 0x4c, 0x00, 0x47, 0x70, 0x4c, 0x00, 0xeb, 0xe6, 0xed, 0x2c,
    0xfa, 0xf8, 0xfa, 0xcc, 0xfe, 0xfe, 0xfe, 0xff, 0xfe, 0xfe, 0xfe, 0xff, 0xfe, 0xfe, 0xfe, 0xff,
    0xf9, 0xf7, 0xf9, 0xc1, 0xe0, 0xd8, 0xe2, 0x10, 0x47, 0x70, 0x4c, 0x00, 0x47, 0x70, 0x4c, 0x00,
    0x47, 0x70, 0x4c, 0x00, 0x47, 0x70, 0x4c, 0x00, 0x47, 0x70, 0x4c, 0x00, 0x47, 0x70, 0x4c, 0x00,
    0x47, 0x70, 0x4c, 0x00, 0x47, 0x70, 0x4c, 0x00, 0x47, 0x70, 0x4c, 0x00, 0x47, 0x70, 0x4c, 0x00,
    0x47, 0x70, 0x4c, 0x00, 0x47, 0x70, 0x4c, 0x00, 0x47, 0x70, 0x4c, 0x00, 0x47, 0x70, 0x4c, 0x00,
    0x47, 0x70, 0x4c, 0x00, 0x47, 0x70, 0x4c, 0x00, 0x47, 0x70, 0x4c, 0x00, 0x47, 0x70, 0x4c, 0x00,
    0x47, 0x70, 0x4c, 0x00, 0x47, 0x70, 0x4c, 0x00, 0x47, 0x70, 0x4c, 0x00, 0x47, 0x70, 0x4c, 0x00,
    0x47, 0x70, 0x4c, 0x00, 0x47, 0x70, 0x4c, 0x00, 0x47, 0x70, 0x4c, 0x00, 0x47, 0x70, 0x4c, 0x00,
    0x47, 0x70, 0x4c, 0x00, 0x47, 0x70, 0x4c, 0x00, 0x47, 0x70, 0x4c, 0x00, 0x47, 0x70, 0x4c, 0x00,
    0x47, 0x70, 0x4c, 0x00, 0x47, 0x70, 0x4c, 0x00, 0x47, 0x70, 0x4c, 0x00, 0x47, 0x70, 0x4c, 0x00,
    0x47, 0x70, 0x4c, 0x00, 0x47, 0x70, 0x4c, 0x00, 0x47, 0x70, 0x4c, 0x00, 0x47, 0x70, 0x4c, 0x00,
    0x47, 0x70, 0x4c, 0x00, 0x47, 0x70, 0x4c, 0x00, 0x47, 0x70, 0x4c, 0x00, 0x47, 0x70, 0x4c, 0x00,
    0x47, 0x70, 0x4c, 0x00, 0x47, 0x70, 0x4c, 0x00, 0x47, 0x70, 0x4c, 0x00, 0x47, 0x70, 0x4c, 0x00,
    0x47, 0x70, 0x4c, 0x00, 0x47, 0x70, 0x4c, 0x00, 0x47, 0x70, 0x4c, 0x00, 0x47, 0x70, 0x4c, 0x00,
    0x47, 0x70, 0x4c, 0x00, 0x47, 0x70, 0x4c, 0x00, 0x47, 0x70, 0x4c, 0x00, 0x47, 0x70, 0x4c, 0x00,
    0x47, 0x70, 0x4c, 0x00, 0x47, 0x70, 0x4c, 0x00, 0x47, 0x70, 0x4c, 0x00, 0x47, 0x70, 0x4c, 0x00,
    0x47, 0x70, 0x4c, 0x00, 0x47, 0x70, 0x4c, 0x00, 0xee, 0xea, 0xef, 0x3f, 0xfc, 0xfb, 0xfc, 0xef,
    0xfe, 0xfe, 0xfe, 0xff, 0xfe, 0xfe, 0xfe, 0xff, 0xf7, 0xf5, 0xf8, 0xab, 0xc8, 0xbb, 0xcc, 0x05,
    0x47, 0x70, 0x4c, 0x00, 0x47, 0x70, 0x4c, 0x00, 0x47, 0x70, 0x4c, 0x00, 0xe8, 0xe3, 0xea, 0x22,
    0xfb, 0xfa, 0xfb, 0xe3, 0xff, 0xff, 0xff, 0xff, 0xfe, 0xfe, 0xfe, 0xff, 0xf6, 0xf4, 0xf7, 0x99,
    0x9c, 0x86, 0xa3, 0x02, 0x47, 0x70, 0x4c, 0x00, 0x53, 0x3a, 0x5c, 0x01, 0xf4, 0xf1, 0xf5, 0x78,
    0xfd, 0xfc, 0xfd, 0xf7, 0xfe, 0xfe, 0xfe, 0xff, 0xfe, 0xfe, 0xfe, 0xff, 0xfc, 0xfb, 0xfc, 0xef,
    0xf6, 0xf4, 0xf7, 0x99, 0xef, 0xec, 0xf0, 0x4a, 0xeb, 0xe6, 0xed, 0x2c, 0xeb, 0xe6, 0xed, 0x2c,
    0xf1, 0xee, 0xf2, 0x60, 0xfa, 0xf8, 0xfa, 0xcc, 0xfe, 0xfe, 0xfe, 0xff, 0xff, 0xff, 0xff, 0xff,
    0xfd, 0xfd, 0xfd, 0xfd, 0xf1, 0xee, 0xf2, 0x60, 0x47, 0x70, 0x4c, 0x00, 0x47, 0x70, 0x4c, 0x00,
    0xee, 0xea, 0xef, 0x3f, 0xfd, 0xfc, 0xfd, 0xf7, 0xff, 0xff, 0xff, 0xff, 0xfd, 0xfc, 0xfd, 0xf7,
    0xef, 0xec, 0xf0, 0x4a, 0x47, 0x70, 0x4c, 0x00, 0x47, 0x70, 0x4c, 0x00, 0x47, 0x70, 0x4c, 0x00,
    0x47, 0x70, 0x4c, 0x00, 0x47, 0x70, 0x4c, 0x00, 0x47, 0x70, 0x4c, 0x00, 0x47, 0x70, 0x4c, 0x00,
    0x9c, 0x86, 0xa3, 0x02, 0x9c, 0x86, 0xa3, 0x02, 0xef, 0xec, 0xf0, 0x4a, 0xfa, 0xf8, 0xfa, 0xcc,
    0xfe, 0xfe, 0xfe, 0xff, 0xfe, 0xfe, 0xfe, 0xff, 0xfe, 0xfe, 0xfe, 0xff, 0xfe, 0xfe, 0xfe, 0xff,
    0xf8, 0xf6, 0xf9, 0xb6, 0xed, 0xe9, 0xef, 0x35, 0xe0, 0xd8, 0xe2, 0x10, 0xf4, 0xf1, 0xf5, 0x78,
    0xef, 0xec, 0xf0, 0x4a, 0x47, 0x70, 0x4c, 0x00, 0x47, 0x70, 0x4c, 0x00, 0x47, 0x70, 0x4c, 0x00,
    0xee, 0xea, 0xef, 0x3f, 0xfc, 0xfb, 0xfc, 0xef, 0xfe, 0xfe, 0xfe, 0xff, 0xfe, 0xfe, 0xfe, 0xff,
    0xfc, 0xfb, 0xfc, 0xef, 0xee, 0xea, 0xef, 0x3f, 0x47, 0x70, 0x4c, 0x00, 0x47, 0x70, 0x4c, 0x00,
    0x47, 0x70, 0x4c, 0x00, 0x47, 0x70, 0x4c, 0x00, 0x47, 0x70, 0x4c, 0x00, 0x47, 0x70, 0x4c, 0x00,
    0x47, 0x70, 0x4c, 0x00, 0x47, 0x70, 0x4c, 0x00, 0x47, 0x70, 0x4c, 0x00, 0x47, 0x70, 0x4c, 0x00,
    0x47, 0x70, 0x4c, 0x00, 0x47, 0x70, 0x4c, 0x00, 0x47, 0x70, 0x4c, 0x00, 0x47, 0x70, 0x4c, 0x00,
    0x47, 0x70, 0x4c, 0x00, 0x47, 0x70, 0x4c, 0x00, 0x47, 0x70, 0x4c, 0x00, 0x47, 0x70, 0x4c, 0x00,
    0x47, 0x70, 0x4c, 0x00, 0x47, 0x70, 0x4c, 0x00, 0x47, 0x70, 0x4c, 0x00, 0x47, 0x70, 0x4c, 0x00,
    0x47, 0x70, 0x4c, 0x00, 0x47, 0x70, 0x4c, 0x00, 0x47, 0x70, 0x4c, 0x00, 0x47, 0x70, 0x4c, 0x00,
    0x47, 0x70, 0x4c, 0x00, 0x47, 0x70, 0x4c, 0x00, 0x47, 0x70, 0x4c, 0x00, 0x47, 0x70, 0x4c, 0x00,
    0x47, 0x70, 0x4c, 0x00, 0x47, 0x70, 0x4c, 0x00, 0x47, 0x70, 0x4c, 0x00, 0x47, 0x70, 0x4c, 0x00,
    0x47, 0x70, 0x4c, 0x00, 0x47, 0x70, 0x4c, 0x00, 0x47, 0x70, 0x4c, 0x00, 0x47, 0x70, 0x4c, 0x00,
    0x47, 0x70, 0x4c, 0x00, 0x47, 0x70, 0x4c, 0x00, 0x47, 0x70, 0x4c, 0x00, 0x47, 0x70, 0x4c, 0x00,
    0x47, 0x70, 0x4c, 0x00, 0x47, 0x70, 0x4c, 0x00, 0x47, 0x70, 0x4c, 0x00, 0x47, 0x70, 0x4c, 0x00,
    0x47, 0x70, 0x4c, 0x00, 0x47, 0x70, 0x4c, 0x00, 0x47, 0x70, 0x4c, 0x00, 0x47, 0x70, 0x4c, 0x00,
    0x47, 0x70, 0x4c, 0x00, 0x47, 0x70, 0x4c, 0x00, 0x47, 0x70, 0x4c, 0x00, 0x47, 0x70, 0x4c, 0x00,
    0x47, 0x70, 0x4c, 0x00, 0x47, 0x70, 0x4c, 0x00, 0x47, 0x70, 0x4c, 0x00, 0x47, 0x70, 0x4c, 0x00,
    0x47, 0x70, 0x4c, 0x00, 0x47, 0x70, 0x4c, 0x00, 0xf4, 0xf1, 0xf5, 0x78, 0xfe, 0xfe, 0xfe, 0xff,
    0xfe, 0xfe, 0xfe, 0xff, 0xfd, 0xfd, 0xfd, 0xfd, 0xf1, 0xee, 0xf2, 0x60, 0x47, 0x70, 0x4c, 0x00,
    0x47, 0x70, 0x4c, 0x00, 0x47, 0x70, 0x4c, 0x00, 0x47, 0x70, 0x4c, 0x00, 0xf4, 0xf1, 0xf5, 0x78,
    0xfe, 0xfe, 0xfe, 0xff, 0xff, 0xff, 0xff, 0xff, 0xfb, 0xfa, 0xfb, 0xe3, 0xeb, 0xe6, 0xed, 0x2c,
    0x47, 0x70, 0x4c, 0x00, 0x47, 0x70, 0x4c, 0x00, 0xef, 0xec, 0xf0, 0x4a, 0xfc, 0xfb, 0xfc, 0xef,
    0xff, 0xff, 0xff, 0xff, 0xfe, 0xfe, 0xfe, 0xff, 0xfa, 0xf9, 0xfb, 0xd7, 0xef, 0xec, 0xf0, 0x4a,
    0x9c, 0x86, 0xa3, 0x02, 0x47, 0x70, 0x4c, 0x00, 0x47, 0x70, 0x4c, 0x00, 0x47, 0x70, 0x4c, 0x00,
    0x47, 0x70, 0x4c, 0x00, 0xe8, 0xe3, 0xea, 0x22, 0xfa, 0xf8, 0xfa, 0xcc, 0xfe, 0xfe, 0xfe, 0xff,
    0xff, 0xff, 0xff, 0xff, 0xf9, 0xf7, 0xf9, 0xc1, 0xe0, 0xd8, 0xe2, 0x10, 0x47, 0x70, 0x4c, 0x00,
    0xe0, 0xd8, 0xe2, 0x10, 0xfa, 0xf8, 0xfa, 0xcc, 0xff, 0xff, 0xff, 0xff, 0xfe, 0xfe, 0xfe, 0xff,
    0xf4, 0xf2, 0xf5, 0x82, 0x47, 0x70, 0x4c, 0x00, 0x47, 0x70, 0x4c, 0x00, 0x47, 0x70, 0x4c, 0x00,
    0x47, 0x70, 0x4c, 0x00, 0x47, 0x70, 0x4c, 0x00, 0x47, 0x70, 0x4c, 0x00, 0x47, 0x70, 0x4c, 0x00,
    0xe0, 0xd8, 0xe2, 0x10, 0xf4, 0xf2, 0xf5, 0x82, 0xfc, 0xfb, 0xfc, 0xef, 0xfe, 0xfe, 0xfe, 0xff,
    0xfe, 0xfe, 0xfe, 0xff, 0xfe, 0xfe, 0xfe, 0xff, 0xfc, 0xfb, 0xfc, 0xef, 0xf4, 0xf2, 0xf5, 0x82,
    0xe0, 0xd8, 0xe2, 0x10, 0xe8, 0xe3, 0xea, 0x22, 0xf8, 0xf6, 0xf9, 0xb6, 0xfd, 0xfd, 0xfd, 0xfd,
    0xf7, 0xf5, 0xf8, 0xab, 0xc8, 0xbb, 0xcc, 0x05, 0x47, 0x70, 0x4c, 0x00, 0x47, 0x70, 0x4c, 0x00,
    0x9c, 0x86, 0xa3, 0x02, 0xf6, 0xf4, 0xf7, 0x99, 0xfe, 0xfe, 0xfe, 0xff, 0xfe, 0xfe, 0xfe, 0xff,
    0xfe, 0xfe, 0xfe, 0xff, 0xf4, 0xf2, 0xf5, 0x82, 0x47, 0x70, 0x4c, 0x00, 0x47, 0x70, 0x4c, 0x00,
    0x47, 0x70, 0x4c, 0x00, 0x47, 0x70, 0x4c, 0x00, 0x47, 0x70, 0x4c, 0x00, 0x47, 0x70, 0x4c, 0x00,
    0x47, 0x70, 0x4c, 0x00, 0x47, 0x70, 0x4c, 0x00, 0x47, 0x70, 0x4c, 0x00, 0x47, 0x70, 0x4c, 0x00,
    0x47, 0x70, 0x4c, 0x00, 0x47, 0x70, 0x4c, 0x00, 0x47, 0x70, 0x4c, 0x00, 0x47, 0x70, 0x4c, 0x00,
    0x47, 0x70, 0x4c, 0x00, 0x47, 0x70, 0x4c, 0x00, 0x47, 0x70, 0x4c, 0x00, 0x47, 0x70, 0x4c, 0x00,
    0x47, 0x70, 0x4c, 0x00, 0x47, 0x70, 0x4c, 0x00, 0x47, 0x70, 0x4c, 0x00, 0x47, 0x70, 0x4c, 0x00,
    0x47, 0x70, 0x4c, 0x00, 0x47, 0x70, 0x4c, 0x00, 0x47, 0x70, 0x4c, 0x00, 0x47, 0x70, 0x4c, 0x00,
    0x47, 0x70, 0x4c, 0x00, 0x47, 0x70, 0x4c, 0x00, 0x47, 0x70, 0x4c, 0x00, 0x47, 0x70, 0x4c, 0x00,
    0x47, 0x70, 0x4c, 0x00, 0x47, 0x70, 0x4c, 0x00, 0x47, 0x70, 0x4c, 0x00, 0x47, 0x70, 0x4c, 0x00,
    0x47, 0x70, 0x4c, 0x00, 0x47, 0x70, 0x4c, 0x00, 0x47, 0x70, 0x4c, 0x00, 0x47, 0x70, 0x4c, 0x00,
    0x47, 0x70, 0x4c, 0x00, 0x47, 0x70, 0x4c, 0x00, 0x47, 0x70, 0x4c, 0x00, 0x47, 0x70, 0x4c, 0x00,
    0x47, 0x70, 0x4c, 0x00, 0x47, 0x70, 0x4c, 0x00, 0x47, 0x70, 0x4c, 0x00, 0x47, 0x70, 0x4c, 0x00,
    0x47, 0x70, 0x4c, 0x00, 0x47, 0x70, 0x4c, 0x00, 0x47, 0x70, 0x4c, 0x00, 0x47, 0x70, 0x4c, 0x00,
    0x47, 0x70, 0x4c, 0x00, 0x47, 0x70, 0x4c, 0x00, 0x47, 0x70, 0x4c, 0x00, 0x47, 0x70, 0x4c, 0x00,
    0x47, 0x70, 0x4c, 0x00, 0x47, 0x70, 0x4c, 0x00, 0x47, 0x70, 0x4c, 0x00, 0x47, 0x70, 0x4c, 0x00,
    0x47, 0x70, 0x4c, 0x00, 0xc8, 0xbb, 0xcc, 0x05, 0xf7, 0xf5, 0xf8, 0xab, 0xfe, 0xfe, 0xfe, 0xff,
    0xfe, 0xfe, 0xfe, 0xff, 0xfc, 0xfb, 0xfc, 0xef, 0xeb, 0xe6, 0xed, 0x2c, 0x47, 0x70, 0x4c, 0x00,
    0x47, 0x70, 0x4c, 0x00, 0x47, 0x70, 0x4c, 0x00, 0xe0, 0xd8, 0xe2, 0x10, 0xfa, 0xf8, 0xfa, 0xcc,
    0xff, 0xff, 0xff, 0xff, 0xfe, 0xfe, 0xfe, 0xff, 0xf6, 0xf3, 0xf6, 0x8d, 0x47, 0x70, 0x4c, 0x00,
    0x47, 0x70, 0x4c, 0x00, 0xe0, 0xd8, 0xe2, 0x10, 0xf9, 0xf7, 0xf9, 0xc1, 0xfe, 0xfe, 0xfe, 0xff,
    0xfe, 0xfe, 0xfe, 0xff, 0xfb, 0xfa, 0xfb, 0xe3, 0xee, 0xea, 0xef, 0x3f, 0x47, 0x70, 0x4c, 0x00,
    0x47, 0x70, 0x4c, 0x00, 0x47, 0x70, 0x4c, 0x00, 0x47, 0x70, 0x4c, 0x00, 0x47, 0x70, 0x4c, 0x00,
    0x47, 0x70, 0x4c, 0x00, 0x47, 0x70, 0x4c, 0x00, 0xf1, 0xee, 0xf2, 0x60, 0xfd, 0xfd, 0xfd, 0xfd,
    0xff, 0xff, 0xff, 0xff, 0xfd, 0xfc, 0xfd, 0xf7, 0xee, 0xea, 0xef, 0x3f, 0x47, 0x70, 0x4c, 0x00,
    0x47, 0x70, 0x4c, 0x00, 0xf6, 0xf4, 0xf7, 0x99, 0xfe, 0xfe, 0xfe, 0xff, 0xfe, 0xfe, 0xfe, 0xff,
    0xf7, 0xf5, 0xf8, 0xab, 0x9c, 0x86, 0xa3, 0x02, 0x47, 0x70, 0x4c, 0x00, 0x47, 0x70, 0x4c, 0x00,
    0x47, 0x70, 0x4c, 0x00, 0x47, 0x70, 0x4c, 0x00, 0x47, 0x70, 0x4c, 0x00, 0xed, 0xe9, 0xef, 0x35,
    0xf8, 0xf6, 0xf9, 0xb6, 0xfe, 0xfe, 0xfe, 0xff, 0xff, 0xff, 0xff, 0xff, 0xfe, 0xfe, 0xfe, 0xff,
    0xfe, 0xfe, 0xfe, 0xff, 0xfa, 0xf8, 0xfa, 0xcc, 0xf1, 0xee, 0xf2, 0x52, 0x53, 0x3a, 0x5c, 0x01,
    0x47, 0x70, 0x4c, 0x00, 0xf1, 0xee, 0xf2, 0x52, 0xfd, 0xfd, 0xfd, 0xfd, 0xff, 0xff, 0xff, 0xff,
    0xfb, 0xfa, 0xfb, 0xe3, 0xe8, 0xe3, 0xea, 0x22, 0x47, 0x70, 0x4c, 0x00, 0x47, 0x70, 0x4c, 0x00,
    0x47, 0x70, 0x4c, 0x00, 0xee, 0xea, 0xef, 0x3f, 0xfd, 0xfc, 0xfd, 0xf7, 0xff, 0xff, 0xff, 0xff,
    0xfe, 0xfe, 0xfe, 0xff, 0xf8, 0xf6, 0xf9, 0xb6, 0xc8, 0xbb, 0xcc, 0x05, 0x47, 0x70, 0x4c, 0x00,
    0x47, 0x70, 0x4c, 0x00, 0x47, 0x70, 0x4c, 0x00, 0x47, 0x70, 0x4c, 0x00, 0x47, 0x70, 0x4c, 0x00,
    0x47, 0x70, 0x4c, 0x00, 0x47, 0x70, 0x4c, 0x00, 0x47, 0x70, 0x4c, 0x00, 0x47, 0x70, 0x4c, 0x00,
    0x47, 0x70, 0x4c, 0x00, 0x47, 0x70, 0x4c, 0x00, 0x47, 0x70, 0x4c, 0x00, 0x47, 0x70, 0x4c, 0x00,
    0x47, 0x70, 0x4c, 0x00, 0x47, 0x70, 0x4c, 0x00, 0x47, 0x70, 0x4c, 0x00, 0x47, 0x70, 0x4c, 0x00,
    0x47, 0x70, 0x4c, 0x00, 0x47, 0x70, 0x4c, 0x00, 0x47, 0x70, 0x4c, 0x00, 0x47, 0x70, 0x4c, 0x00,
    0x47, 0x70, 0x4c, 0x00, 0x47, 0x70, 0x4c, 0x00, 0x47, 0x70, 0x4c, 0x00, 0x47, 0x70, 0x4c, 0x00,
    0x47, 0x70, 0x4c, 0x00, 0x47, 0x70, 0x4c, 0x00, 0x47, 0x70, 0x4c, 0x00, 0x47, 0x70, 0x4c, 0x00,
    0x47, 0x70, 0x4c, 0x00, 0x47, 0x70, 0x4c, 0x00, 0x47, 0x70, 0x4c, 0x00, 0x47, 0x70, 0x4c, 0x00,
    0x47, 0x70, 0x4c, 0x00, 0x47, 0x70, 0x4c, 0x00, 0x47, 0x70, 0x4c, 0x00, 0x47, 0x70, 0x4c, 0x00,
    0x47, 0x70, 0x4c, 0x00, 0x47, 0x70, 0x4c, 0x00, 0x47, 0x70, 0x4c, 0x00, 0x47, 0x70, 0x4c, 0x00,
    0x47, 0x70, 0x4c, 0x00, 0x47, 0x70, 0x4c, 0x00, 0x47, 0x70, 0x4c, 0x00, 0x47, 0x70, 0x4c, 0x00,
    0x47, 0x70, 0x4c, 0x00, 0x47, 0x70, 0x4c, 0x00, 0x47, 0x70, 0x4c, 0x00, 0x47, 0x70, 0x4c, 0x00,
    0x47, 0x70, 0x4c, 0x00, 0x47, 0x70, 0x4c, 0x00, 0x47, 0x70, 0x4c, 0x00, 0x47, 0x70, 0x4c, 0x00,
    0x47, 0x70, 0x4c, 0x00, 0x47, 0x70, 0x4c, 0x00, 0x47, 0x70, 0x4c, 0x00, 0x47, 0x70, 0x4c, 0x00,
    0x47, 0x70, 0x4c, 0x00, 0xe4, 0xde, 0xe6, 0x18, 0xfa, 0xf9, 0xfb, 0xd7, 0xff, 0xff, 0xff, 0xff,
    0xfe, 0xfe, 0xfe, 0xff, 0xf9, 0xf7, 0xf9, 0xc1, 0xe0, 0xd8, 0xe2, 0x10, 0x47, 0x70, 0x4c, 0x00,
    0x47, 0x70, 0x4c, 0x00, 0x47, 0x70, 0x4c, 0x00, 0xef, 0xec, 0xf0, 0x4a, 0xfd, 0xfc, 0xfd, 0xf7,
    0xff, 0xff, 0xff, 0xff, 0xfc, 0xfb, 0xfc, 0xef, 0xee, 0xea, 0xef, 0x3f, 0x47, 0x70, 0x4c, 0x00,
    0x47, 0x70, 0x4c, 0x00, 0xf1, 0xee, 0xf2, 0x60, 0xfd, 0xfd, 0xfd, 0xfd, 0xff, 0xff, 0xff, 0xff,
    0xfd, 0xfc, 0xfd, 0xf7, 0xf1, 0xee, 0xf2, 0x60, 0x47, 0x70, 0x4c, 0x00, 0x47, 0x70, 0x4c, 0x00,
    0x47, 0x70, 0x4c, 0x00, 0x47, 0x70, 0x4c, 0x00, 0x47, 0x70, 0x4c, 0x00, 0x47, 0x70, 0x4c, 0x00,
    0x47, 0x70, 0x4c, 0x00, 0x47, 0x70, 0x4c, 0x00, 0xe8, 0xe3, 0xea, 0x22, 0xfb, 0xfa, 0xfb, 0xe3,
    0xff, 0xff, 0xff, 0xff, 0xfe, 0xfe, 0xfe, 0xff, 0xf1, 0xee, 0xf2, 0x60, 0x47, 0x70, 0x4c, 0x00,
    0x47, 0x70, 0x4c, 0x00, 0xf4, 0xf1, 0xf5, 0x78, 0xfe, 0xfe, 0xfe, 0xff, 0xff, 0xff, 0xff, 0xff,
    0xf9, 0xf7, 0xf9, 0xc1, 0xd8, 0xce, 0xdb, 0x0a, 0x47, 0x70, 0x4c, 0x00, 0x47, 0x70, 0x4c, 0x00,
    0x47, 0x70, 0x4c, 0x00, 0xd8, 0xce, 0xdb, 0x0a, 0xf1, 0xee, 0xf2, 0x60, 0xfb, 0xfa, 0xfb, 0xe3,
    0xfe, 0xfe, 0xfe, 0xff, 0xfe, 0xfe, 0xfe, 0xff, 0xff, 0xff, 0xff, 0xff, 0xfd, 0xfc, 0xfd, 0xf7,
    0xf7, 0xf5, 0xf7, 0xa2, 0xe8, 0xe3, 0xea, 0x22, 0xc8, 0xbb, 0xcc, 0x05, 0x53, 0x3a, 0x5c, 0x01,
    0x47, 0x70, 0x4c, 0x00, 0xe8, 0xe3, 0xea, 0x22, 0xfb, 0xfa, 0xfb, 0xe3, 0xfe, 0xfe, 0xfe, 0xff,
    0xfd, 0xfd, 0xfd, 0xfd, 0xf1, 0xee, 0xf2, 0x52, 0x47, 0x70, 0x4c, 0x00, 0x47, 0x70, 0x4c, 0x00,
    0x47, 0x70, 0x4c, 0x00, 0xe0, 0xd8, 0xe2, 0x10, 0xfa, 0xf8, 0xfa, 0xcc, 0xff, 0xff, 0xff, 0xff,
    0xff, 0xff, 0xff, 0xff, 0xfa, 0xf9, 0xfb, 0xd7, 0xe8, 0xe3, 0xea, 0x22, 0x47, 0x70, 0x4c, 0x00,
    0x47, 0x70, 0x4c, 0x00, 0x47, 0x70, 0x4c, 0x00, 0x47, 0x70, 0x4c, 0x00, 0x47, 0x70, 0x4c, 0x00,
    0x47, 0x70, 0x4c, 0x00, 0x47, 0x70, 0x4c, 0x00, 0x47, 0x70, 0x4c, 0x00, 0x47, 0x70, 0x4c, 0x00,
    0x47, 0x70, 0x4c, 0x00, 0x47, 0x70, 0x4c, 0x00, 0x47, 0x70, 0x4c, 0x00, 0x47, 0x70, 0x4c, 0x00,
    0x47, 0x70, 0x4c, 0x00, 0x47, 0x70, 0x4c, 0x00, 0x47, 0x70, 0x4c, 0x00, 0x47, 0x70, 0x4c, 0x00,
    0x47, 0x70, 0x4c, 0x00, 0x47, 0x70, 0x4c, 0x00, 0x47, 0x70, 0x4c, 0x00, 0x47, 0x70, 0x4c, 0x00,
    0x47, 0x70, 0x4c, 0x00, 0x47, 0x70, 0x4c, 0x00, 0x47, 0x70, 0x4c, 0x00, 0x47, 0x70, 0x4c, 0x00,
    0x47, 0x70, 0x4c, 0x00, 0x47, 0x70, 0x4c, 0x00, 0x47, 0x70, 0x4c, 0x00, 0x47, 0x70, 0x4c, 0x00,
    0x47, 0x70, 0x4c, 0x00, 0x47, 0x70, 0x4c, 0x00, 0x47, 0x70, 0x4c, 0x00, 0x47, 0x70, 0x4c, 0x00,
    0x47, 0x70, 0x4c, 0x00, 0x47, 0x70, 0x4c, 0x00, 0x47, 0x70, 0x4c, 0x00, 0x47, 0x70, 0x4c, 0x00,
    0x47, 0x70, 0x4c, 0x00, 0x47, 0x70, 0x4c, 0x00, 0x47, 0x70, 0x4c, 0x00, 0x47, 0x70, 0x4c, 0x00,
    0x47, 0x70, 0x4c, 0x00, 0x47, 0x70, 0x4c, 0x00, 0x47, 0x70, 0x4c, 0x00, 0x47, 0x70, 0x4c, 0x00,
    0x47, 0x70, 0x4c, 0x00, 0x47, 0x70, 0x4c, 0x00, 0x47, 0x70, 0x4c, 0x00, 0x47, 0x70, 0x4c, 0x00,
    0x47, 0x70, 0x4c, 0x00, 0x47, 0x70, 0x4c, 0x00, 0x47, 0x70, 0x4c, 0x00, 0x47, 0x70, 0x4c, 0x00,
    0x47, 0x70, 0x4c, 0x00, 0x47, 0x70, 0x4c, 0x00, 0x47, 0x70, 0x4c, 0x00, 0x47, 0x70, 0x4c, 0x00,
    0x47, 0x70, 0x4c, 0x00, 0xee, 0xea, 0xef, 0x3f, 0xfd, 0xfc, 0xfd, 0xf7, 0xff, 0xff, 0xff, 0xff,
    0xfe, 0xfe, 0xfe, 0xff, 0xf6, 0xf4, 0xf7, 0x99, 0x47, 0x70, 0x4c, 0x00, 0x47, 0x70, 0x4c, 0x00,
    0x47, 0x70, 0x4c, 0x00, 0x47, 0x70, 0x4c, 0x00, 0xf4, 0xf1, 0xf5, 0x78, 0xfe, 0xfe, 0xfe, 0xff,
    0xff, 0xff, 0xff, 0xff, 0xf9, 0xf7, 0xf9, 0xc1, 0xd8, 0xce, 0xdb, 0x0a, 0x47, 0x70, 0x4c, 0x00,
    0xd8, 0xce, 0xdb, 0x0a, 0xf9, 0xf7, 0xf9, 0xc1, 0xfe, 0xfe, 0xfe, 0xff, 0xfe, 0xfe, 0xfe, 0xff,
    0xf8, 0xf6, 0xf9, 0xb6, 0xd8, 0xce, 0xdb, 0x0a, 0x47, 0x70, 0x4c, 0x00, 0x47, 0x70, 0x4c, 0x00,
    0x47, 0x70, 0x4c, 0x00, 0x47, 0x70, 0x4c, 0x00, 0x47, 0x70, 0x4c, 0x00, 0x47, 0x70, 0x4c, 0x00,
    0x47, 0x70, 0x4c, 0x00, 0x47, 0x70, 0x4c, 0x00, 0xe0, 0xd8, 0xe2, 0x10, 0xfa, 0xf8, 0xfa, 0xcc,
    0xff, 0xff, 0xff, 0xff, 0xfe, 0xfe, 0xfe, 0xff, 0xf3, 0xf0, 0xf4, 0x6d, 0x47, 0x70, 0x4c, 0x00,
    0x47, 0x70, 0x4c, 0x00, 0xf3, 0xf0, 0xf4, 0x6d, 0xfe, 0xfe, 0xfe, 0xff, 0xff, 0xff, 0xff, 0xff,
    0xfa, 0xf8, 0xfa, 0xcc, 0xe0, 0xd8, 0xe2, 0x10, 0x47, 0x70, 0x4c, 0x00, 0x47, 0x70, 0x4c, 0x00,
    0xe8, 0xe3, 0xea, 0x22, 0xf7, 0xf5, 0xf7, 0xa2, 0xfd, 0xfc, 0xfd, 0xf7, 0xff, 0xff, 0xff, 0xff,
    0xff, 0xff, 0xff, 0xff, 0xfe, 0xfe, 0xfe, 0xff, 0xfb, 0xfa, 0xfb, 0xe3, 0xf3, 0xf0, 0xf4, 0x6d,
    0xc8, 0xbb, 0xcc, 0x05, 0xee, 0xea, 0xef, 0x3f, 0xf6, 0xf4, 0xf7, 0x99, 0xe4, 0xde, 0xe6, 0x18,
    0x47, 0x70, 0x4c, 0x00, 0xc8, 0xbb, 0xcc, 0x05, 0xf7, 0xf5, 0xf8, 0xab, 0xfe, 0xfe, 0xfe, 0xff,
    0xfe, 0xfe, 0xfe, 0xff, 0xf6, 0xf3, 0xf6, 0x8d, 0x47, 0x70, 0x4c, 0x00, 0x47, 0x70, 0x4c, 0x00,
    0x47, 0x70, 0x4c, 0x00, 0x9c, 0x86, 0xa3, 0x02, 0xf7, 0xf5, 0xf7, 0xa2, 0xff, 0xff, 0xff, 0xff,
    0xff, 0xff, 0xff, 0xff, 0xfd, 0xfc, 0xfd, 0xf7, 0xee, 0xea, 0xef, 0x3f, 0x47, 0x70, 0x4c, 0x00,
    0x47, 0x70, 0x4c, 0x00, 0x47, 0x70, 0x4c, 0x00, 0x47, 0x70, 0x4c, 0x00, 0x47, 0x70, 0x4c, 0x00,
    0x47, 0x70, 0x4c, 0x00, 0x47, 0x70, 0x4c, 0x00, 0x47, 0x70, 0x4c, 0x00, 0x47, 0x70, 0x4c, 0x00,
    0x47, 0x70, 0x4c, 0x00, 0x47, 0x70, 0x4c, 0x00, 0x47, 0x70, 0x4c, 0x00, 0x47, 0x70, 0x4c, 0x00,
    0x47, 0x70, 0x4c, 0x00, 0x47, 0x70, 0x4c, 0x00, 0x47, 0x70, 0x4c, 0x00, 0x47, 0x70, 0x4c, 0x00,
    0x47, 0x70, 0x4c, 0x00, 0x47, 0x70, 0x4c, 0x00, 0x47, 0x70, 0x4c, 0x00, 0x47, 0x70, 0x4c, 0x00,
    0x47, 0x70, 0x4c, 0x00, 0x47, 0x70, 0x4c, 0x00, 0x47, 0x70, 0x4c, 0x00, 0x47, 0x70, 0x4c, 0x00,
    0x47, 0x70, 0x4c, 0x00, 0x47, 0x70, 0x4c, 0x00, 0x47, 0x70, 0x4c, 0x00, 0x47, 0x70, 0x4c, 0x00,
    0x47, 0x70, 0x4c, 0x00, 0x47, 0x70, 0x4c, 0x00, 0x47, 0x70, 0x4c, 0x00, 0x47, 0x70, 0x4c, 0x00,
    0x47, 0x70, 0x4c, 0x00, 0x47, 0x70, 0x4c, 0x00, 0x47, 0x70, 0x4c, 0x00, 0x47, 0x70, 0x4c, 0x00,
    0x47, 0x70, 0x4c, 0x00, 0x47, 0x70, 0x4c, 0x00, 0x47, 0x70, 0x4c, 0x00, 0x47, 0x70, 0x4c, 0x00,
    0x47, 0x70, 0x4c, 0x00, 0x47, 0x70, 0x4c, 0x00, 0x47, 0x70, 0x4c, 0x00, 0x47, 0x70, 0x4c, 0x00,
    0x47, 0x70, 0x4c, 0x00, 0x47, 0x70, 0x4c, 0x00, 0x47, 0x70, 0x4c, 0x00, 0x47, 0x70, 0x4c, 0x00,
    0x47, 0x70, 0x4c, 0x00, 0x47, 0x70, 0x4c, 0x00, 0x47, 0x70, 0x4c, 0x00, 0x47, 0x70, 0x4c, 0x00,
    0x47, 0x70, 0x4c, 0x00, 0x47, 0x70, 0x4c, 0x00, 0x47, 0x70, 0x4c, 0x00, 0x47, 0x70, 0x4c, 0x00,
    0x47, 0x70, 0x4c, 0x00, 0xf1, 0xee, 0xf2, 0x60, 0xfd, 0xfd, 0xfd, 0xfd, 0xff, 0xff, 0xff, 0xff,
    0xfe, 0xfe, 0xfe, 0xff, 0xf3, 0xf0, 0xf4, 0x6d, 0x47, 0x70, 0x4c, 0x00, 0x47, 0x70, 0x4c, 0x00,
    0x47, 0x70, 0x4c, 0x00, 0xc8, 0xbb, 0xcc, 0x05, 0xf7, 0xf5, 0xf8, 0xab, 0xfe, 0xfe, 0xfe, 0xff,
    0xfe, 0xfe, 0xfe, 0xff, 0xf6, 0xf3, 0xf6, 0x8d, 0x47, 0x70, 0x4c, 0x00, 0x47, 0x70, 0x4c, 0x00,
    0xed, 0xe9, 0xef, 0x35, 0xfc, 0xfb, 0xfc, 0xef, 0xff, 0xff, 0xff, 0xff, 0xfd, 0xfc, 0xfd, 0xf7,
    0xf1, 0xee, 0xf2, 0x52, 0x47, 0x70, 0x4c, 0x00, 0x47, 0x70, 0x4c, 0x00, 0x47, 0x70, 0x4c, 0x00,
    0x47, 0x70, 0x4c, 0x00, 0x47, 0x70, 0x4c, 0x00, 0x47, 0x70, 0x4c, 0x00, 0x47, 0x70, 0x4c, 0x00,
    0x47, 0x70, 0x4c, 0x00, 0x47, 0x70, 0x4c, 0x00, 0xe0, 0xd8, 0xe2, 0x10, 0xfa, 0xf8, 0xfa, 0xcc,
    0xff, 0xff, 0xff, 0xff, 0xfe, 0xfe, 0xfe, 0xff, 0xf3, 0xf0, 0xf4, 0x6d, 0x47, 0x70, 0x4c, 0x00,
    0x47, 0x70, 0x4c, 0x00, 0xf3, 0xf0, 0xf4, 0x6d, 0xfe, 0xfe, 0xfe, 0xff, 0xff, 0xff, 0xff, 0xff,
    0xfa, 0xf8, 0xfa, 0xcc, 0xe0, 0xd8, 0xe2, 0x10, 0x9c, 0x86, 0xa3, 0x02, 0xef, 0xec, 0xf0, 0x4a,
    0xfa, 0xf8, 0xfa, 0xcc, 0xfe, 0xfe, 0xfe, 0xff, 0xff, 0xff, 0xff, 0xff, 0xff, 0xff, 0xff, 0xff,
    0xfe, 0xfe, 0xfe, 0xff, 0xf8, 0xf6, 0xf9, 0xb6, 0xed, 0xe9, 0xef, 0x35, 0x53, 0x3a, 0x5c, 0x01,
    0xf1, 0xee, 0xf2, 0x60, 0xfb, 0xfa, 0xfb, 0xe3, 0xfd, 0xfc, 0xfd, 0xf7, 0xef, 0xec, 0xf0, 0x4a,
    0x47, 0x70, 0x4c, 0x00, 0x47, 0x70, 0x4c, 0x00, 0xf4, 0xf1, 0xf5, 0x78, 0xfe, 0xfe, 0xfe, 0xff,
    0xfe, 0xfe, 0xfe, 0xff, 0xf8, 0xf6, 0xf9, 0xb6, 0xc8, 0xbb, 0xcc, 0x05, 0x47, 0x70, 0x4c, 0x00,
    0x47, 0x70, 0x4c, 0x00, 0x47, 0x70, 0x4c, 0x00, 0xf4, 0xf1, 0xf5, 0x78, 0xfe, 0xfe, 0xfe, 0xff,
    0xff, 0xff, 0xff, 0xff, 0xfe, 0xfe, 0xfe, 0xff, 0xf1, 0xee, 0xf2, 0x60, 0x47, 0x70, 0x4c, 0x00,
    0x47, 0x70, 0x4c, 0x00, 0x47, 0x70, 0x4c, 0x00, 0x47, 0x70, 0x4c, 0x00, 0x47, 0x70, 0x4c, 0x00,
    0x47, 0x70, 0x4c, 0x00, 0x47, 0x70, 0x4c, 0x00, 0x47, 0x70, 0x4c, 0x00, 0x47, 0x70, 0x4c, 0x00,
    0x47, 0x70, 0x4c, 0x00, 0x47, 0x70, 0x4c, 0x00, 0x47, 0x70, 0x4c, 0x00, 0x47, 0x70, 0x4c, 0x00,
    0x47, 0x70, 0x4c, 0x00, 0x47, 0x70, 0x4c, 0x00, 0x47, 0x70, 0x4c, 0x00, 0x47, 0x70, 0x4c, 0x00,
    0x47, 0x70, 0x4c, 0x00, 0x47, 0x70, 0x4c, 0x00, 0x47, 0x70, 0x4c, 0x00, 0x47, 0x70, 0x4c, 0x00,
    0x47, 0x70, 0x4c, 0x00, 0x47, 0x70, 0x4c, 0x00, 0x47, 0x70, 0x4c, 0x00, 0x47, 0x70, 0x4c, 0x00,
    0x47, 0x70, 0x4c, 0x00, 0x47, 0x70, 0x4c, 0x00, 0x47, 0x70, 0x4c, 0x00, 0x47, 0x70, 0x4c, 0x00,
    0x47, 0x70, 0x4c, 0x00, 0x47, 0x70, 0x4c, 0x00, 0x47, 0x70, 0x4c, 0x00, 0x47, 0x70, 0x4c, 0x00,
    0x47, 0x70, 0x4c, 0x00, 0x47, 0x70, 0x4c, 0x00, 0x47, 0x70, 0x4c, 0x00, 0x47, 0x70, 0x4c, 0x00,
    0x47, 0x70, 0x4c, 0x00, 0x47, 0x70, 0x4c, 0x00, 0x47, 0x70, 0x4c, 0x00, 0x47, 0x70, 0x4c, 0x00,
    0x47, 0x70, 0x4c, 0x00, 0x47, 0x70, 0x4c, 0x00, 0x47, 0x70, 0x4c, 0x00, 0x47, 0x70, 0x4c, 0x00,
    0x9c, 0x86, 0xa3, 0x02, 0xeb, 0xe6, 0xed, 0x2c, 0xef, 0xec, 0xf0, 0x4a, 0xed, 0xe9, 0xef, 0x35,
    0xd8, 0xce, 0xdb, 0x0a, 0x47, 0x70, 0x4c, 0x00, 0x47, 0x70, 0x4c, 0x00, 0x47, 0x70, 0x4c, 0x00,
    0x47, 0x70, 0x4c, 0x00, 0x47, 0x70, 0x4c, 0x00, 0x47, 0x70, 0x4c, 0x00, 0x47, 0x70, 0x4c, 0x00,
    0x47, 0x70, 0x4c, 0x00, 0xf4, 0xf1, 0xf5, 0x78, 0xfe, 0xfe, 0xfe, 0xff, 0xfe, 0xfe, 0xfe, 0xff,
    0xfd, 0xfd, 0xfd, 0xfd, 0xf1, 0xee, 0xf2, 0x52, 0x47, 0x70, 0x4c, 0x00, 0x47, 0x70, 0x4c, 0x00,
    0x47, 0x70, 0x4c, 0x00, 0xe4, 0xde, 0xe6, 0x18, 0xfa, 0xf8, 0xfa, 0xcc, 0xff, 0xff, 0xff, 0xff,
    0xfd, 0xfd, 0xfd, 0xfd, 0xf1, 0xee, 0xf2, 0x60, 0x47, 0x70, 0x4c, 0x00, 0x47, 0x70, 0x4c, 0x00,
    0xf3, 0xf0, 0xf4, 0x6d, 0xfe, 0xfe, 0xfe, 0xff, 0xff, 0xff, 0xff, 0xff, 0xfa, 0xf8, 0xfa, 0xcc,
    0xe4, 0xde, 0xe6, 0x18, 0x47, 0x70, 0x4c, 0x00, 0x47, 0x70, 0x4c, 0x00, 0x47, 0x70, 0x4c, 0x00,
    0x47, 0x70, 0x4c, 0x00, 0x47, 0x70, 0x4c, 0x00, 0x47, 0x70, 0x4c, 0x00, 0x47, 0x70, 0x4c, 0x00,
    0x47, 0x70, 0x4c, 0x00, 0x47, 0x70, 0x4c, 0x00, 0xe0, 0xd8, 0xe2, 0x10, 0xfa, 0xf8, 0xfa, 0xcc,
    0xff, 0xff, 0xff, 0xff, 0xfe, 0xfe, 0xfe, 0xff, 0xf3, 0xf0, 0xf4, 0x6d, 0x47, 0x70, 0x4c, 0x00,
    0x47, 0x70, 0x4c, 0x00, 0xf3, 0xf0, 0xf4, 0x6d, 0xfe, 0xfe, 0xfe, 0xff, 0xff, 0xff, 0xff, 0xff,
    0xfa, 0xf8, 0xfa, 0xcc, 0xd8, 0xce, 0xdb, 0x0a, 0xf1, 0xee, 0xf2, 0x60, 0xfc, 0xfb, 0xfc, 0xef,
    0xff, 0xff, 0xff, 0xff, 0xff, 0xff, 0xff, 0xff, 0xff, 0xff, 0xff, 0xff, 0xfc, 0xfb, 0xfc, 0xef,
    0xf4, 0xf2, 0xf5, 0x82, 0xe0, 0xd8, 0xe2, 0x10, 0x47, 0x70, 0x4c, 0x00, 0xd8, 0xce, 0xdb, 0x0a,
    0xf9, 0xf7, 0xf9, 0xc1, 0xff, 0xff, 0xff, 0xff, 0xfe, 0xfe, 0xfe, 0xff, 0xf4, 0xf1, 0xf5, 0x78,
    0x47, 0x70, 0x4c, 0x00, 0x47, 0x70, 0x4c, 0x00, 0xf1, 0xee, 0xf2, 0x52, 0xfd, 0xfd, 0xfd, 0xfd,
    0xff, 0xff, 0xff, 0xff, 0xfa, 0xf9, 0xfb, 0xd7, 0xe4, 0xde, 0xe6, 0x18, 0x47, 0x70, 0x4c, 0x00,
    0x47, 0x70, 0x4c, 0x00, 0x47, 0x70, 0x4c, 0x00, 0xf1, 0xee, 0xf2, 0x60, 0xfd, 0xfd, 0xfd, 0xfd,
    0xff, 0xff, 0xff, 0xff, 0xfe, 0xfe, 0xfe, 0xff, 0xf4, 0xf1, 0xf5, 0x78, 0x47, 0x70, 0x4c, 0x00,
    0x47, 0x70, 0x4c, 0x00, 0x47, 0x70, 0x4c, 0x00, 0x47, 0x70, 0x4c, 0x00, 0x47, 0x70, 0x4c, 0x00,
    0x47, 0x70, 0x4c, 0x00, 0x47, 0x70, 0x4c, 0x00, 0x47, 0x70, 0x4c, 0x00, 0xd8, 0xce, 0xdb, 0x0a,
    0xed, 0xe9, 0xef, 0x35, 0xef, 0xec, 0xf0, 0x4a, 0xeb, 0xe6, 0xed, 0x2c, 0xc8, 0xbb, 0xcc, 0x05,
    0x47, 0x70, 0x4c, 0x00, 0x47, 0x70, 0x4c, 0x00, 0x47, 0x70, 0x4c, 0x00, 0x47, 0x70, 0x4c, 0x00,
    0x47, 0x70, 0x4c, 0x00, 0x47, 0x70, 0x4c, 0x00, 0x47, 0x70, 0x4c, 0x00, 0x47, 0x70, 0x4c, 0x00,
    0x47, 0x70, 0x4c, 0x00, 0x47, 0x70, 0x4c, 0x00, 0x47, 0x70, 0x4c, 0x00, 0x47, 0x70, 0x4c, 0x00,
    0x47, 0x70, 0x4c, 0x00, 0x47, 0x70, 0x4c, 0x00, 0x47, 0x70, 0x4c, 0x00, 0x47, 0x70, 0x4c, 0x00,
    0x47, 0x70, 0x4c, 0x00, 0x47, 0x70, 0x4c, 0x00, 0x47, 0x70, 0x4c, 0x00, 0x47, 0x70, 0x4c, 0x00,
    0x47, 0x70, 0x4c, 0x00, 0x47, 0x70, 0x4c, 0x00, 0x47, 0x70, 0x4c, 0x00, 0x47, 0x70, 0x4c, 0x00,
    0x47, 0x70, 0x4c, 0x00, 0x47, 0x70, 0x4c, 0x00, 0x47, 0x70, 0x4c, 0x00, 0x47, 0x70, 0x4c, 0x00,
    0x47, 0x70, 0x4c, 0x00, 0x47, 0x70, 0x4c, 0x00, 0x47, 0x70, 0x4c, 0x00, 0xe0, 0xd8, 0xe2, 0x10,
    0xf6, 0xf3, 0xf6, 0x8d, 0xfb, 0xfa, 0xfb, 0xe3, 0xfd, 0xfc, 0xfd, 0xf7, 0xfc, 0xfb, 0xfc, 0xef,
    0xf8, 0xf6, 0xf9, 0xb6, 0xeb, 0xe6, 0xed, 0x2c, 0x47, 0x70, 0x4c, 0x00, 0x47, 0x70, 0x4c, 0x00,
    0x47, 0x70, 0x4c, 0x00, 0x47, 0x70, 0x4c, 0x00, 0x47, 0x70, 0x4c, 0x00, 0x47, 0x70, 0x4c, 0x00,
    0x47, 0x70, 0x4c, 0x00, 0xf6, 0xf3, 0xf6, 0x8d, 0xfe, 0xfe, 0xfe, 0xff, 0xfe, 0xfe, 0xfe, 0xff,
    0xfc, 0xfb, 0xfc, 0xef, 0xed, 0xe9, 0xef, 0x35, 0x47, 0x70, 0x4c, 0x00, 0x47, 0x70, 0x4c, 0x00,
    0x47, 0x70, 0x4c, 0x00, 0xeb, 0xe6, 0xed, 0x2c, 0xfb, 0xfa, 0xfb, 0xe3, 0xff, 0xff, 0xff, 0xff,
    0xfc, 0xfb, 0xfc, 0xef, 0xed, 0xe9, 0xef, 0x35, 0x47, 0x70, 0x4c, 0x00, 0x47, 0x70, 0x4c, 0x00,
    0xf6, 0xf4, 0xf7, 0x99, 0xfe, 0xfe, 0xfe, 0xff, 0xfe, 0xfe, 0xfe, 0xff, 0xf6, 0xf4, 0xf7, 0x99,
    0x47, 0x70, 0x4c, 0x00, 0x47, 0x70, 0x4c, 0x00, 0x47, 0x70, 0x4c, 0x00, 0x47, 0x70, 0x4c, 0x00,
    0x47, 0x70, 0x4c, 0x00, 0x47, 0x70, 0x4c, 0x00, 0x47, 0x70, 0x4c, 0x00, 0x47, 0x70, 0x4c, 0x00,
    0x47, 0x70, 0x4c, 0x00, 0x47, 0x70, 0x4c, 0x00, 0xe0, 0xd8, 0xe2, 0x10, 0xfa, 0xf8, 0xfa, 0xcc,
    0xff, 0xff, 0xff, 0xff, 0xfe, 0xfe, 0xfe, 0xff, 0xf3, 0xf0, 0xf4, 0x6d, 0x47, 0x70, 0x4c, 0x00,
    0x47, 0x70, 0x4c, 0x00, 0xf1, 0xee, 0xf2, 0x60, 0xfe, 0xfe, 0xfe, 0xff, 0xfe, 0xfe, 0xfe, 0xff,
    0xfa, 0xf8, 0xfa, 0xcc, 0xd8, 0xce, 0xdb, 0x0a, 0xf6, 0xf3, 0xf6, 0x8d, 0xfe, 0xfe, 0xfe, 0xff,
    0xff, 0xff, 0xff, 0xff, 0xfe, 0xfe, 0xfe, 0xff, 0xfa, 0xf8, 0xfa, 0xcc, 0xef, 0xec, 0xf0, 0x4a,
    0x9c, 0x86, 0xa3, 0x02, 0x47, 0x70, 0x4c, 0x00, 0x47, 0x70, 0x4c, 0x00, 0x47, 0x70, 0x4c, 0x00,
    0xf6, 0xf4, 0xf7, 0x99, 0xfe, 0xfe, 0xfe, 0xff, 0xfe, 0xfe, 0xfe, 0xff, 0xf6, 0xf4, 0xf7, 0x99,
    0x47, 0x70, 0x4c, 0x00, 0x47, 0x70, 0x4c, 0x00, 0xed, 0xe9, 0xef, 0x35, 0xfc, 0xfb, 0xfc, 0xef,
    0xff, 0xff, 0xff, 0xff, 0xfc, 0xfb, 0xfc, 0xef, 0xeb, 0xe6, 0xed, 0x2c, 0x47, 0x70, 0x4c, 0x00,
    0x47, 0x70, 0x4c, 0x00, 0x47, 0x70, 0x4c, 0x00, 0xee, 0xea, 0xef, 0x3f, 0xfd, 0xfc, 0xfd, 0xf7,
    0xff, 0xff, 0xff, 0xff, 0xfe, 0xfe, 0xfe, 0xff, 0xf6, 0xf4, 0xf7, 0x99, 0x47, 0x70, 0x4c, 0x00,
    0x47, 0x70, 0x4c, 0x00, 0x47, 0x70, 0x4c, 0x00, 0x47, 0x70, 0x4c, 0x00, 0x47, 0x70, 0x4c, 0x00,
    0x47, 0x70, 0x4c, 0x00, 0x47, 0x70, 0x4c, 0x00, 0xeb, 0xe6, 0xed, 0x2c, 0xf8, 0xf6, 0xf9, 0xb6,
    0xfc, 0xfb, 0xfc, 0xef, 0xfd, 0xfc, 0xfd, 0xf7, 0xfc, 0xfb, 0xfc, 0xef, 0xf6, 0xf4, 0xf7, 0x99,
    0xe4, 0xde, 0xe6, 0x18, 0x47, 0x70, 0x4c, 0x00, 0x47, 0x70, 0x4c, 0x00, 0x47, 0x70, 0x4c, 0x00,
    0x47, 0x70, 0x4c, 0x00, 0x47, 0x70, 0x4c, 0x00, 0x47, 0x70, 0x4c, 0x00, 0x47, 0x70, 0x4c, 0x00,
    0x47, 0x70, 0x4c, 0x00, 0x47, 0x70, 0x4c, 0x00, 0x47, 0x70, 0x4c, 0x00, 0x47, 0x70, 0x4c, 0x00,
    0x47, 0x70, 0x4c, 0x00, 0x47, 0x70, 0x4c, 0x00, 0x47, 0x70, 0x4c, 0x00, 0x47, 0x70, 0x4c, 0x00,
    0x47, 0x70, 0x4c, 0x00, 0x47, 0x70, 0x4c, 0x00, 0x47, 0x70, 0x4c, 0x00, 0x47, 0x70, 0x4c, 0x00,
    0x47, 0x70, 0x4c, 0x00, 0x47, 0x70, 0x4c, 0x00, 0x47, 0x70, 0x4c, 0x00, 0x47, 0x70, 0x4c, 0x00,
    0x47, 0x70, 0x4c, 0x00, 0x47, 0x70, 0x4c, 0x00, 0x47, 0x70, 0x4c, 0x00, 0x47, 0x70, 0x4c, 0x00,
    0x47, 0x70, 0x4c, 0x00, 0x47, 0x70, 0x4c, 0x00, 0x9c, 0x86, 0xa3, 0x02, 0xf6, 0xf3, 0xf6, 0x8d,
    0xfe, 0xfe, 0xfe, 0xff, 0xff, 0xff, 0xff, 0xff, 0xff, 0xff, 0xff, 0xff, 0xff, 0xff, 0xff, 0xff,
    0xfe, 0xfe, 0xfe, 0xff, 0xf9, 0xf7, 0xf9, 0xc1, 0xe4, 0xde, 0xe6, 0x18, 0x47, 0x70, 0x4c, 0x00,
    0x9c, 0x86, 0xa3, 0x02, 0x9c, 0x86, 0xa3, 0x02, 0x9c, 0x86, 0xa3, 0x02, 0x9c, 0x86, 0xa3, 0x02,
    0x9c, 0x86, 0xa3, 0x02, 0xf7, 0xf5, 0xf7, 0xa2, 0xfe, 0xfe, 0xfe, 0xff, 0xff, 0xff, 0xff, 0xff,
    0xfc, 0xfb, 0xfc, 0xef, 0xeb, 0xe6, 0xed, 0x2c, 0x47, 0x70, 0x4c, 0x00, 0x47, 0x70, 0x4c, 0x00,
    0x47, 0x70, 0x4c, 0x00, 0xee, 0xea, 0xef, 0x3f, 0xfd, 0xfc, 0xfd, 0xf7, 0xff, 0xff, 0xff, 0xff,
    0xfb, 0xfa, 0xfb, 0xe3, 0xe8, 0xe3, 0xea, 0x22, 0x47, 0x70, 0x4c, 0x00, 0xd8, 0xce, 0xdb, 0x0a,
    0xf8, 0xf6, 0xf9, 0xb6, 0xff, 0xff, 0xff, 0xff, 0xfe, 0xfe, 0xfe, 0xff, 0xf3, 0xf0, 0xf4, 0x6d,
    0x47, 0x70, 0x4c, 0x00, 0x47, 0x70, 0x4c, 0x00, 0x47, 0x70, 0x4c, 0x00, 0x47, 0x70, 0x4c, 0x00,
    0x47, 0x70, 0x4c, 0x00, 0x47, 0x70, 0x4c, 0x00, 0x47, 0x70, 0x4c, 0x00, 0x47, 0x70, 0x4c, 0x00,
    0x47, 0x70, 0x4c, 0x00, 0x47, 0x70, 0x4c, 0x00, 0xe0, 0xd8, 0xe2, 0x10, 0xfa, 0xf8, 0xfa, 0xcc,
    0xff, 0xff, 0xff, 0xff, 0xfe, 0xfe, 0xfe, 0xff, 0xf3, 0xf0, 0xf4, 0x6d, 0x47, 0x70, 0x4c, 0x00,
    0x9c, 0x86, 0xa3, 0x02, 0xf1, 0xee, 0xf2, 0x60, 0xfe, 0xfe, 0xfe, 0xff, 0xff, 0xff, 0xff, 0xff,
    0xfa, 0xf8, 0xfa, 0xcc, 0xd8, 0xce, 0xdb, 0x0a, 0xf6, 0xf3, 0xf6, 0x8d, 0xfe, 0xfe, 0xfe, 0xff,
    0xfd, 0xfc, 0xfd, 0xf7, 0xf6, 0xf4, 0xf7, 0x99, 0xe8, 0xe3, 0xea, 0x22, 0x47, 0x70, 0x4c, 0x00,
    0x47, 0x70, 0x4c, 0x00, 0x47, 0x70, 0x4c, 0x00, 0x47, 0x70, 0x4c, 0x00, 0x47, 0x70, 0x4c, 0x00,
    0xf3, 0xf0, 0xf4, 0x6d, 0xfe, 0xfe, 0xfe, 0xff, 0xff, 0xff, 0xff, 0xff, 0xf8, 0xf6, 0xf9, 0xb6,
    0xd8, 0xce, 0xdb, 0x0a, 0x47, 0x70, 0x4c, 0x00, 0xe8, 0xe3, 0xea, 0x22, 0xfb, 0xfa, 0xfb, 0xe3,
    0xff, 0xff, 0xff, 0xff, 0xfd, 0xfc, 0xfd, 0xf7, 0xee, 0xea, 0xef, 0x3f, 0x47, 0x70, 0x4c, 0x00,
    0x47, 0x70, 0x4c, 0x00, 0x47, 0x70, 0x4c, 0x00, 0xeb, 0xe6, 0xed, 0x2c, 0xfc, 0xfb, 0xfc, 0xef,
    0xff, 0xff, 0xff, 0xff, 0xff, 0xff, 0xff, 0xff, 0xf7, 0xf5, 0xf8, 0xab, 0x9c, 0x86, 0xa3, 0x02,
    0x9c, 0x86, 0xa3, 0x02, 0x9c, 0x86, 0xa3, 0x02, 0x9c, 0x86, 0xa3, 0x02, 0x9c, 0x86, 0xa3, 0x02,
    0x53, 0x3a, 0x5c, 0x01, 0xe4, 0xde, 0xe6, 0x18, 0xf9, 0xf7, 0xf9, 0xc1, 0xfe, 0xfe, 0xfe, 0xff,
    0xff, 0xff, 0xff, 0xff, 0xff, 0xff, 0xff, 0xff, 0xfe, 0xfe, 0xfe, 0xff, 0xfe, 0xfe, 0xfe, 0xff,
    0xf6, 0xf3, 0xf6, 0x8d, 0x9c, 0x86, 0xa3, 0x02, 0x47, 0x70, 0x4c, 0x00, 0x47, 0x70, 0x4c, 0x00,
    0x47, 0x70, 0x4c, 0x00, 0x47, 0x70, 0x4c, 0x00, 0x47, 0x70, 0x4c, 0x00, 0x47, 0x70, 0x4c, 0x00,
    0x47, 0x70, 0x4c, 0x00, 0x47, 0x70, 0x4c, 0x00, 0x47, 0x70, 0x4c, 0x00, 0x47, 0x70, 0x4c, 0x00,
    0x47, 0x70, 0x4c, 0x00, 0x47, 0x70, 0x4c, 0x00, 0x47, 0x70, 0x4c, 0x00, 0x47, 0x70, 0x4c, 0x00,
    0x47, 0x70, 0x4c, 0x00, 0x47, 0x70, 0x4c, 0x00, 0x47, 0x70, 0x4c, 0x00, 0x47, 0x70, 0x4c, 0x00,
    0x47, 0x70, 0x4c, 0x00, 0x47, 0x70, 0x4c, 0x00, 0x47, 0x70, 0x4c, 0x00, 0x47, 0x70, 0x4c, 0x00,
    0x47, 0x70, 0x4c, 0x00, 0x47, 0x70, 0x4c, 0x00, 0x47, 0x70, 0x4c, 0x00, 0x47, 0x70, 0x4c, 0x00,
    0x47, 0x70, 0x4c, 0x00, 0x47, 0x70, 0x4c, 0x00, 0xe8, 0xe3, 0xea, 0x22, 0xfb, 0xfa, 0xfb, 0xe3,
    0xff, 0xff, 0xff, 0xff, 0xff, 0xff, 0xff, 0xff, 0xff, 0xff, 0xff, 0xff, 0xff, 0xff, 0xff, 0xff,
    0xff, 0xff, 0xff, 0xff, 0xfe, 0xfe, 0xfe, 0xff, 0xf9, 0xf7, 0xf9, 0xc1, 0xf7, 0xf5, 0xf7, 0xa2,
    0xf7, 0xf5, 0xf8, 0xab, 0xf7, 0xf5, 0xf8, 0xab, 0xf7, 0xf5, 0xf8, 0xab, 0xf7, 0xf5, 0xf8, 0xab,
    0xf7, 0xf5, 0xf8, 0xab, 0xfb, 0xfa, 0xfb, 0xe3, 0xff, 0xff, 0xff, 0xff, 0xff, 0xff, 0xff, 0xff,
    0xfb, 0xfa, 0xfb, 0xe3, 0xe8, 0xe3, 0xea, 0x22, 0x47, 0x70, 0x4c, 0x00, 0x47, 0x70, 0x4c, 0x00,
    0x47, 0x70, 0x4c, 0x00, 0xef, 0xec, 0xf0, 0x4a, 0xfd, 0xfc, 0xfd, 0xf7, 0xff, 0xff, 0xff, 0xff,
    0xfa, 0xf9, 0xfb, 0xd7, 0xe4, 0xde, 0xe6, 0x18, 0x47, 0x70, 0x4c, 0x00, 0xe0, 0xd8, 0xe2, 0x10,
    0xfa, 0xf8, 0xfa, 0xcc, 0xff, 0xff, 0xff, 0xff, 0xfd, 0xfd, 0xfd, 0xfd, 0xf1, 0xee, 0xf2, 0x52,
    0x47, 0x70, 0x4c, 0x00, 0x47, 0x70, 0x4c, 0x00, 0x47, 0x70, 0x4c, 0x00, 0x47, 0x70, 0x4c, 0x00,
    0x47, 0x70, 0x4c, 0x00, 0x47, 0x70, 0x4c, 0x00, 0x47, 0x70, 0x4c, 0x00, 0x47, 0x70, 0x4c, 0x00,
    0x47, 0x70, 0x4c, 0x00, 0x47, 0x70, 0x4c, 0x00, 0xe0, 0xd8, 0xe2, 0x10, 0xfa, 0xf8, 0xfa, 0xcc,
    0xff, 0xff, 0xff, 0xff, 0xfe, 0xfe, 0xfe, 0xff, 0xf3, 0xf0, 0xf4, 0x6d, 0x47, 0x70, 0x4c, 0x00,
    0x47, 0x70, 0x4c, 0x00, 0xf1, 0xee, 0xf2, 0x60, 0xfe, 0xfe, 0xfe, 0xff, 0xff, 0xff, 0xff, 0xff,
    0xfa, 0xf8, 0xfa, 0xcc, 0xd8, 0xce, 0xdb, 0x0a, 0xf6, 0xf3, 0xf6, 0x8d, 0xfb, 0xfa, 0xfb, 0xe3,
    0xf1, 0xee, 0xf2, 0x60, 0xc8, 0xbb, 0xcc, 0x05, 0x47, 0x70, 0x4c, 0x00, 0x47, 0x70, 0x4c, 0x00,
    0x47, 0x70, 0x4c, 0x00, 0x47, 0x70, 0x4c, 0x00, 0x47, 0x70, 0x4c, 0x00, 0x47, 0x70, 0x4c, 0x00,
    0xf1, 0xee, 0xf2, 0x52, 0xfd, 0xfd, 0xfd, 0xfd, 0xff, 0xff, 0xff, 0xff, 0xfa, 0xf8, 0xfa, 0xcc,
    0xe0, 0xd8, 0xe2, 0x10, 0x47, 0x70, 0x4c, 0x00, 0xe4, 0xde, 0xe6, 0x18, 0xfa, 0xf9, 0xfb, 0xd7,
    0xff, 0xff, 0xff, 0xff, 0xfd, 0xfc, 0xfd, 0xf7, 0xef, 0xec, 0xf0, 0x4a, 0x47, 0x70, 0x4c, 0x00,
    0x47, 0x70, 0x4c, 0x00, 0x47, 0x70, 0x4c, 0x00, 0xe8, 0xe3, 0xea, 0x22, 0xfb, 0xfa, 0xfb, 0xe3,
    0xff, 0xff, 0xff, 0xff, 0xff, 0xff, 0xff, 0xff, 0xfb, 0xfa, 0xfb, 0xe3, 0xf7, 0xf5, 0xf8, 0xab,
    0xf7, 0xf5, 0xf8, 0xab, 0xf7, 0xf5, 0xf8, 0xab, 0xf7, 0xf5, 0xf8, 0xab, 0xf7, 0xf5, 0xf8, 0xab,
    0xf7, 0xf5, 0xf8, 0xab, 0xf8, 0xf6, 0xf9, 0xb6, 0xfd, 0xfd, 0xfd, 0xfd, 0xff, 0xff, 0xff, 0xff,
    0xff, 0xff, 0xff, 0xff, 0xfe, 0xfe, 0xfe, 0xff, 0xfe, 0xfe, 0xfe, 0xff, 0xff, 0xff, 0xff, 0xff,
    0xfb, 0xfa, 0xfb, 0xe3, 0xeb, 0xe6, 0xed, 0x2c, 0x47, 0x70, 0x4c, 0x00, 0x47, 0x70, 0x4c, 0x00,
    0x47, 0x70, 0x4c, 0x00, 0x47, 0x70, 0x4c, 0x00, 0x47, 0x70, 0x4c, 0x00, 0x47, 0x70, 0x4c, 0x00,
    0x47, 0x70, 0x4c, 0x00, 0x47, 0x70, 0x4c, 0x00, 0x47, 0x70, 0x4c, 0x00, 0x47, 0x70, 0x4c, 0x00,
    0x47, 0x70, 0x4c, 0x00, 0x47, 0x70, 0x4c, 0x00, 0x47, 0x70, 0x4c, 0x00, 0x47, 0x70, 0x4c, 0x00,
    0x47, 0x70, 0x4c, 0x00, 0x47, 0x70, 0x4c, 0x00, 0x47, 0x70, 0x4c, 0x00, 0x47, 0x70, 0x4c, 0x00,
    0x47, 0x70, 0x4c, 0x00, 0x47, 0x70, 0x4c, 0x00, 0x47, 0x70, 0x4c, 0x00, 0x47, 0x70, 0x4c, 0x00,
    0x47, 0x70, 0x4c, 0x00, 0x47, 0x70, 0x4c, 0x00, 0x47, 0x70, 0x4c, 0x00, 0x47, 0x70, 0x4c, 0x00,
    0x47, 0x70, 0x4c, 0x00, 0x53, 0x3a, 0x5c, 0x01, 0xee, 0xea, 0xef, 0x3f, 0xfd, 0xfc, 0xfd, 0xf7,
    0xff, 0xff, 0xff, 0xff, 0xff, 0xff, 0xff, 0xff, 0xff, 0xff, 0xff, 0xff, 0xff, 0xff, 0xff, 0xff,
    0xff, 0xff, 0xff, 0xff, 0xff, 0xff, 0xff, 0xff, 0xff, 0xff, 0xff, 0xff, 0xff, 0xff, 0xff, 0xff,
    0xff, 0xff, 0xff, 0xff, 0xff, 0xff, 0xff, 0xff, 0xff, 0xff, 0xff, 0xff, 0xff, 0xff, 0xff, 0xff,
    0xff, 0xff, 0xff, 0xff, 0xff, 0xff, 0xff, 0xff, 0xfe, 0xfe, 0xfe, 0xff, 0xff, 0xff, 0xff, 0xff,
    0xfb, 0xfa, 0xfb, 0xe3, 0xe8, 0xe3, 0xea, 0x22, 0x47, 0x70, 0x4c, 0x00, 0x47, 0x70, 0x4c, 0x00,
    0x47, 0x70, 0x4c, 0x00, 0xf1, 0xee, 0xf2, 0x52, 0xfd, 0xfd, 0xfd, 0xfd, 0xff, 0xff, 0xff, 0xff,
    0xfa, 0xf8, 0xfa, 0xcc, 0xe0, 0xd8, 0xe2, 0x10, 0x47, 0x70, 0x4c, 0x00, 0xe4, 0xde, 0xe6, 0x18,
    0xfa, 0xf9, 0xfb, 0xd7, 0xff, 0xff, 0xff, 0xff, 0xfd, 0xfd, 0xfd, 0xfd, 0xef, 0xec, 0xf0, 0x4a,
    0x47, 0x70, 0x4c, 0x00, 0x47, 0x70, 0x4c, 0x00, 0x47, 0x70, 0x4c, 0x00, 0x47, 0x70, 0x4c, 0x00,
    0x47, 0x70, 0x4c, 0x00, 0x47, 0x70, 0x4c, 0x00, 0x47, 0x70, 0x4c, 0x00, 0x47, 0x70, 0x4c, 0x00,
    0xe8, 0xe3, 0xea, 0x22, 0xee, 0xea, 0xef, 0x3f, 0xe0, 0xd8, 0xe2, 0x10, 0xfa, 0xf8, 0xfa, 0xcc,
    0xff, 0xff, 0xff, 0xff, 0xfe, 0xfe, 0xfe, 0xff, 0xf3, 0xf0, 0xf4, 0x6d, 0x47, 0x70, 0x4c, 0x00,
    0x9c, 0x86, 0xa3, 0x02, 0xf1, 0xee, 0xf2, 0x60, 0xfe, 0xfe, 0xfe, 0xff, 0xff, 0xff, 0xff, 0xff,
    0xfa, 0xf8, 0xfa, 0xcc, 0xe0, 0xd8, 0xe2, 0x10, 0xef, 0xec, 0xf0, 0x4a, 0xed, 0xe9, 0xef, 0x35,
    0x47, 0x70, 0x4c, 0x00, 0x47, 0x70, 0x4c, 0x00, 0x47, 0x70, 0x4c, 0x00, 0x47, 0x70, 0x4c, 0x00,
    0x47, 0x70, 0x4c, 0x00, 0x47, 0x70, 0x4c, 0x00, 0x47, 0x70, 0x4c, 0x00, 0x9c, 0x86, 0xa3, 0x02,
    0xef, 0xec, 0xf0, 0x4a, 0xfd, 0xfd, 0xfd, 0xfd, 0xff, 0xff, 0xff, 0xff, 0xfa, 0xf9, 0xfb, 0xd7,
    0xe4, 0xde, 0xe6, 0x18, 0x47, 0x70, 0x4c, 0x00, 0xe0, 0xd8, 0xe2, 0x10, 0xfa, 0xf8, 0xfa, 0xcc,
    0xff, 0xff, 0xff, 0xff, 0xfd, 0xfd, 0xfd, 0xfd, 0xf1, 0xee, 0xf2, 0x52, 0x47, 0x70, 0x4c, 0x00,
    0x47, 0x70, 0x4c, 0x00, 0x47, 0x70, 0x4c, 0x00, 0xe8, 0xe3, 0xea, 0x22, 0xfb, 0xfa, 0xfb, 0xe3,
    0xff, 0xff, 0xff, 0xff, 0xff, 0xff, 0xff, 0xff, 0xff, 0xff, 0xff, 0xff, 0xff, 0xff, 0xff, 0xff,
    0xff, 0xff, 0xff, 0xff, 0xff, 0xff, 0xff, 0xff, 0xfe, 0xfe, 0xfe, 0xff, 0xff, 0xff, 0xff, 0xff,
    0xff, 0xff, 0xff, 0xff, 0xff, 0xff, 0xff, 0xff, 0xff, 0xff, 0xff, 0xff, 0xff, 0xff, 0xff, 0xff,
    0xfe, 0xfe, 0xfe, 0xff, 0xfe, 0xfe, 0xfe, 0xff, 0xff, 0xff, 0xff, 0xff, 0xfe, 0xfe, 0xfe, 0xff,
    0xfd, 0xfc, 0xfd, 0xf7, 0xef, 0xec, 0xf0, 0x4a, 0x47, 0x70, 0x4c, 0x00, 0x47, 0x70, 0x4c, 0x00,
    0x47, 0x70, 0x4c, 0x00, 0x47, 0x70, 0x4c, 0x00, 0x47, 0x70, 0x4c, 0x00, 0x47, 0x70, 0x4c, 0x00,
    0x47, 0x70, 0x4c, 0x00, 0x47, 0x70, 0x4c, 0x00, 0x47, 0x70, 0x4c, 0x00, 0x47, 0x70, 0x4c, 0x00,
    0x47, 0x70, 0x4c, 0x00, 0x47, 0x70, 0x4c, 0x00, 0x47, 0x70, 0x4c, 0x00, 0x47, 0x70, 0x4c, 0x00,
    0x47, 0x70, 0x4c, 0x00, 0x47, 0x70, 0x4c, 0x00, 0x47, 0x70, 0x4c, 0x00, 0x47, 0x70, 0x4c, 0x00,
    0x47, 0x70, 0x4c, 0x00, 0x47, 0x70, 0x4c, 0x00, 0x47, 0x70, 0x4c, 0x00, 0x47, 0x70, 0x4c, 0x00,
    0x47, 0x70, 0x4c, 0x00, 0x47, 0x70, 0x4c, 0x00, 0x47, 0x70, 0x4c, 0x00, 0x47, 0x70, 0x4c, 0x00,
    0x47, 0x70, 0x4c, 0x00, 0x47, 0x70, 0x4c, 0x00, 0xed, 0xe9, 0xef, 0x35, 0xfc, 0xfb, 0xfc, 0xef,
    0xff, 0xff, 0xff, 0xff, 0xfe, 0xfe, 0xfe, 0xff, 0xfe, 0xfe, 0xfe, 0xff, 0xff, 0xff, 0xff, 0xff,
    0xff, 0xff, 0xff, 0xff, 0xfe, 0xfe, 0xfe, 0xff, 0xfb, 0xfa, 0xfb, 0xe3, 0xfa, 0xf9, 0xfb, 0xd7,
    0xfa, 0xf9, 0xfb, 0xd7, 0xfa, 0xf9, 0xfb, 0xd7, 0xfa, 0xf9, 0xfb, 0xd7, 0xfa, 0xf9, 0xfb, 0xd7,
    0xfa, 0xf9, 0xfb, 0xd7, 0xfd, 0xfc, 0xfd, 0xf7, 0xfe, 0xfe, 0xfe, 0xff, 0xff, 0xff, 0xff, 0xff,
    0xfb, 0xfa, 0xfb, 0xe3, 0xe8, 0xe3, 0xea, 0x22, 0x47, 0x70, 0x4c, 0x00, 0x47, 0x70, 0x4c, 0x00,
    0x47, 0x70, 0x4c, 0x00, 0xef, 0xec, 0xf0, 0x4a, 0xfd, 0xfc, 0xfd, 0xf7, 0xff, 0xff, 0xff, 0xff,
    0xfa, 0xf9, 0xfb, 0xd7, 0xe4, 0xde, 0xe6, 0x18, 0x47, 0x70, 0x4c, 0x00, 0xe0, 0xd8, 0xe2, 0x10,
    0xfa, 0xf8, 0xfa, 0xcc, 0xff, 0xff, 0xff, 0xff, 0xfd, 0xfd, 0xfd, 0xfd, 0xf1, 0xee, 0xf2, 0x52,
    0x47, 0x70, 0x4c, 0x00, 0x47, 0x70, 0x4c, 0x00, 0x47, 0x70, 0x4c, 0x00, 0x47, 0x70, 0x4c, 0x00,
    0x47, 0x70, 0x4c, 0x00, 0x47, 0x70, 0x4c, 0x00, 0x9c, 0x86, 0xa3, 0x02, 0xef, 0xec, 0xf0, 0x4a,
    0xfa, 0xf9, 0xfb, 0xd7, 0xf6, 0xf3, 0xf6, 0x8d, 0xd8, 0xce, 0xdb, 0x0a, 0xfa, 0xf8, 0xfa, 0xcc,
    0xff, 0xff, 0xff, 0xff, 0xfe, 0xfe, 0xfe, 0xff, 0xf3, 0xf0, 0xf4, 0x6d, 0x47, 0x70, 0x4c, 0x00,
    0x47, 0x70, 0x4c, 0x00, 0xf3, 0xf0, 0xf4, 0x6d, 0xfe, 0xfe, 0xfe, 0xff, 0xff, 0xff, 0xff, 0xff,
    0xfa, 0xf8, 0xfa, 0xcc, 0xe0, 0xd8, 0xe2, 0x10, 0x47, 0x70, 0x4c, 0x00, 0x47, 0x70, 0x4c, 0x00,
    0x47, 0x70, 0x4c, 0x00, 0x47, 0x70, 0x4c, 0x00, 0x47, 0x70, 0x4c, 0x00, 0x47, 0x70, 0x4c, 0x00,
    0x47, 0x70, 0x4c, 0x00, 0x47, 0x70, 0x4c, 0x00, 0x47, 0x70, 0x4c, 0x00, 0x47, 0x70, 0x4c, 0x00,
    0xf1, 0xee, 0xf2, 0x52, 0xfd, 0xfd, 0xfd, 0xfd, 0xff, 0xff, 0xff, 0xff, 0xfa, 0xf8, 0xfa, 0xcc,
    0xe0, 0xd8, 0xe2, 0x10, 0x47, 0x70, 0x4c, 0x00, 0xe4, 0xde, 0xe6, 0x18, 0xfa, 0xf9, 0xfb, 0xd7,
    0xff, 0xff, 0xff, 0xff, 0xfd, 0xfd, 0xfd, 0xfd, 0xf1, 0xee, 0xf2, 0x52, 0x47, 0x70, 0x4c, 0x00,
    0x47, 0x70, 0x4c, 0x00, 0x47, 0x70, 0x4c, 0x00, 0xe8, 0xe3, 0xea, 0x22, 0xfb, 0xfa, 0xfb, 0xe3,
    0xff, 0xff, 0xff, 0xff, 0xff, 0xff, 0xff, 0xff, 0xfd, 0xfc, 0xfd, 0xf7, 0xfa, 0xf9, 0xfb, 0xd7,
    0xfa, 0xf9, 0xfb, 0xd7, 0xfa, 0xf9, 0xfb, 0xd7, 0xfa, 0xf9, 0xfb, 0xd7, 0xfa, 0xf9, 0xfb, 0xd7,
    0xfa, 0xf9, 0xfb, 0xd7, 0xfb, 0xfa, 0xfb, 0xe3, 0xfe, 0xfe, 0xfe, 0xff, 0xfe, 0xfe, 0xfe, 0xff,
    0xfe, 0xfe, 0xfe, 0xff, 0xfe, 0xfe, 0xfe, 0xff, 0xfe, 0xfe, 0xfe, 0xff, 0xfe, 0xfe, 0xfe, 0xff,
    0xfc, 0xfb, 0xfc, 0xef, 0xed, 0xe9, 0xef, 0x35, 0x47, 0x70, 0x4c, 0x00, 0x47, 0x70, 0x4c, 0x00,
    0x47, 0x70, 0x4c, 0x00, 0x47, 0x70, 0x4c, 0x00, 0x47, 0x70, 0x4c, 0x00, 0x47, 0x70, 0x4c, 0x00,
    0x47, 0x70, 0x4c, 0x00, 0x47, 0x70, 0x4c, 0x00, 0x47, 0x70, 0x4c, 0x00, 0x47, 0x70, 0x4c, 0x00,
    0x47, 0x70, 0x4c, 0x00, 0x47, 0x70, 0x4c, 0x00, 0x47, 0x70, 0x4c, 0x00, 0x47, 0x70, 0x4c, 0x00,
    0x47, 0x70, 0x4c, 0x00, 0x47, 0x70, 0x4c, 0x00, 0x47, 0x70, 0x4c, 0x00, 0x47, 0x70, 0x4c, 0x00,
    0x47, 0x70, 0x4c, 0x00, 0x47, 0x70, 0x4c, 0x00, 0x47, 0x70, 0x4c, 0x00, 0x47, 0x70, 0x4c, 0x00,
    0x47, 0x70, 0x4c, 0x00, 0x47, 0x70, 0x4c, 0x00, 0x47, 0x70, 0x4c, 0x00, 0x47, 0x70, 0x4c, 0x00,
    0x47, 0x70, 0x4c, 0x00, 0x47, 0x70, 0x4c, 0x00, 0xd8, 0xce, 0xdb, 0x0a, 0xf7, 0xf5, 0xf8, 0xab,
    0xfe, 0xfe, 0xfe, 0xff, 0xfe, 0xfe, 0xfe, 0xff, 0xff, 0xff, 0xff, 0xff, 0xff, 0xff, 0xff, 0xff,
    0xff, 0xff, 0xff, 0xff, 0xfb, 0xfa, 0xfb, 0xe3, 0xed, 0xe9, 0xef, 0x35, 0xe4, 0xde, 0xe6, 0x18,
    0xe4, 0xde, 0xe6, 0x18, 0xe4, 0xde, 0xe6, 0x18, 0xe4, 0xde, 0xe6, 0x18, 0xe4, 0xde, 0xe6, 0x18,
    0xe4, 0xde, 0xe6, 0x18, 0xf8, 0xf6, 0xf9, 0xb6, 0xff, 0xff, 0xff, 0xff, 0xff, 0xff, 0xff, 0xff,
    0xfb, 0xfa, 0xfb, 0xe3, 0xeb, 0xe6, 0xed, 0x2c, 0x47, 0x70, 0x4c, 0x00, 0x47, 0x70, 0x4c, 0x00,
    0x47, 0x70, 0x4c, 0x00, 0xee, 0xea, 0xef, 0x3f, 0xfd, 0xfc, 0xfd, 0xf7, 0xff, 0xff, 0xff, 0xff,
    0xfb, 0xfa, 0xfb, 0xe3, 0xe8, 0xe3, 0xea, 0x22, 0x47, 0x70, 0x4c, 0x00, 0xd8, 0xce, 0xdb, 0x0a,
    0xf9, 0xf7, 0xf9, 0xc1, 0xff, 0xff, 0xff, 0xff, 0xfe, 0xfe, 0xfe, 0xff, 0xf3, 0xf0, 0xf4, 0x6d,
    0x47, 0x70, 0x4c, 0x00, 0x47, 0x70, 0x4c, 0x00, 0x47, 0x70, 0x4c, 0x00, 0x47, 0x70, 0x4c, 0x00,
    0x47, 0x70, 0x4c, 0x00, 0xe4, 0xde, 0xe6, 0x18, 0xf4, 0xf2, 0xf5, 0x82, 0xfc, 0xfb, 0xfc, 0xef,
    0xfe, 0xfe, 0xfe, 0xff, 0xf6, 0xf3, 0xf6, 0x8d, 0xe0, 0xd8, 0xe2, 0x10, 0xfa, 0xf8, 0xfa, 0xcc,
    0xff, 0xff, 0xff, 0xff, 0xfe, 0xfe, 0xfe, 0xff, 0xf3, 0xf0, 0xf4, 0x6d, 0x47, 0x70, 0x4c, 0x00,
    0x47, 0x70, 0x4c, 0x00, 0xf1, 0xee, 0xf2, 0x60, 0xfe, 0xfe, 0xfe, 0xff, 0xff, 0xff, 0xff, 0xff,
    0xfa, 0xf8, 0xfa, 0xcc, 0xe0, 0xd8, 0xe2, 0x10, 0x47, 0x70, 0x4c, 0x00, 0x47, 0x70, 0x4c, 0x00,
    0x47, 0x70, 0x4c, 0x00, 0x47, 0x70, 0x4c, 0x00, 0x47, 0x70, 0x4c, 0x00, 0x47, 0x70, 0x4c, 0x00,
    0x47, 0x70, 0x4c, 0x00, 0x47, 0x70, 0x4c, 0x00, 0x47, 0x70, 0x4c, 0x00, 0x47, 0x70, 0x4c, 0x00,
    0xf3, 0xf0, 0xf4, 0x6d, 0xfe, 0xfe, 0xfe, 0xff, 0xff, 0xff, 0xff, 0xff, 0xf9, 0xf7, 0xf9, 0xc1,
    0xd8, 0xce, 0xdb, 0x0a, 0x47, 0x70, 0x4c, 0x00, 0xe4, 0xde, 0xe6, 0x18, 0xfb, 0xfa, 0xfb, 0xe3,
    0xff, 0xff, 0xff, 0xff, 0xfd, 0xfc, 0xfd, 0xf7, 0xef, 0xec, 0xf0, 0x4a, 0x47, 0x70, 0x4c, 0x00,
    0x47, 0x70, 0x4c, 0x00, 0x47, 0x70, 0x4c, 0x00, 0xe8, 0xe3, 0xea, 0x22, 0xfb, 0xfa, 0xfb, 0xe3,
    0xff, 0xff, 0xff, 0xff, 0xfe, 0xfe, 0xfe, 0xff, 0xf8, 0xf6, 0xf9, 0xb6, 0xe4, 0xde, 0xe6, 0x18,
    0xe4, 0xde, 0xe6, 0x18, 0xe4, 0xde, 0xe6, 0x18, 0xe4, 0xde, 0xe6, 0x18, 0xe4, 0xde, 0xe6, 0x18,
    0xe4, 0xde, 0xe6, 0x18, 0xed, 0xe9, 0xef, 0x35, 0xfa, 0xf9, 0xfb, 0xd7, 0xfe, 0xfe, 0xfe, 0xff,
    0xfe, 0xfe, 0xfe, 0xff, 0xfe, 0xfe, 0xfe, 0xff, 0xfe, 0xfe, 0xfe, 0xff, 0xfe, 0xfe, 0xfe, 0xff,
    0xf8, 0xf6, 0xf9, 0xb6, 0xd8, 0xce, 0xdb, 0x0a, 0x47, 0x70, 0x4c, 0x00, 0x47, 0x70, 0x4c, 0x00,
    0x47, 0x70, 0x4c, 0x00, 0x47, 0x70, 0x4c, 0x00, 0x47, 0x70, 0x4c, 0x00, 0x47, 0x70, 0x4c, 0x00,
    0x47, 0x70, 0x4c, 0x00, 0x47, 0x70, 0x4c, 0x00, 0x47, 0x70, 0x4c, 0x00, 0x47, 0x70, 0x4c, 0x00,
    0x47, 0x70, 0x4c, 0x00, 0x47, 0x70, 0x4c, 0x00, 0x47, 0x70, 0x4c, 0x00, 0x47, 0x70, 0x4c, 0x00,
    0x47, 0x70, 0x4c, 0x00, 0x47, 0x70, 0x4c, 0x00, 0x47, 0x70, 0x4c, 0x00, 0x47, 0x70, 0x4c, 0x00,
    0x47, 0x70, 0x4c, 0x00, 0x47, 0x70, 0x4c, 0x00, 0x47, 0x70, 0x4c, 0x00, 0x47, 0x70, 0x4c, 0x00,
    0x47, 0x70, 0x4c, 0x00, 0x47, 0x70, 0x4c, 0x00, 0x47, 0x70, 0x4c, 0x00, 0x47, 0x70, 0x4c, 0x00,
    0x47, 0x70, 0x4c, 0x00, 0x47, 0x70, 0x4c, 0x00, 0x47, 0x70, 0x4c, 0x00, 0xeb, 0xe6, 0xed, 0x2c,
    0xf9, 0xf7, 0xf9, 0xc1, 0xfd, 0xfd, 0xfd, 0xfd, 0xfe, 0xfe, 0xfe, 0xff, 0xfe, 0xfe, 0xfe, 0xff,
    0xfa, 0xf9, 0xfb, 0xd7, 0xf1, 0xee, 0xf2, 0x52, 0x47, 0x70, 0x4c, 0x00, 0x47, 0x70, 0x4c, 0x00,
    0x47, 0x70, 0x4c, 0x00, 0x47, 0x70, 0x4c, 0x00, 0x47, 0x70, 0x4c, 0x00, 0x47, 0x70, 0x4c, 0x00,
    0x47, 0x70, 0x4c, 0x00, 0xf6, 0xf4, 0xf7, 0x99, 0xfe, 0xfe, 0xfe, 0xff, 0xfe, 0xfe, 0xfe, 0xff,
    0xfc, 0xfb, 0xfc, 0xef, 0xed, 0xe9, 0xef, 0x35, 0x47, 0x70, 0x4c, 0x00, 0x47, 0x70, 0x4c, 0x00,
    0x47, 0x70, 0x4c, 0x00, 0xeb, 0xe6, 0xed, 0x2c, 0xfc, 0xfb, 0xfc, 0xef, 0xff, 0xff, 0xff, 0xff,
    0xfc, 0xfb, 0xfc, 0xef, 0xed, 0xe9, 0xef, 0x35, 0x47, 0x70, 0x4c, 0x00, 0x9c, 0x86, 0xa3, 0x02,
    0xf7, 0xf5, 0xf8, 0xab, 0xfe, 0xfe, 0xfe, 0xff, 0xfe, 0xfe, 0xfe, 0xff, 0xf6, 0xf3, 0xf6, 0x8d,
    0x47, 0x70, 0x4c, 0x00, 0x47, 0x70, 0x4c, 0x00, 0x47, 0x70, 0x4c, 0x00, 0x47, 0x70, 0x4c, 0x00,
    0xed, 0xe9, 0xef, 0x35, 0xf8, 0xf6, 0xf9, 0xb6, 0xfe, 0xfe, 0xfe, 0xff, 0xfe, 0xfe, 0xfe, 0xff,
    0xfe, 0xfe, 0xfe, 0xff, 0xf6, 0xf3, 0xf6, 0x8d, 0xe0, 0xd8, 0xe2, 0x10, 0xfa, 0xf8, 0xfa, 0xcc,
    0xff, 0xff, 0xff, 0xff, 0xfe, 0xfe, 0xfe, 0xff, 0xf3, 0xf0, 0xf4, 0x6d, 0x47, 0x70, 0x4c, 0x00,
    0x47, 0x70, 0x4c, 0x00, 0xf1, 0xee, 0xf2, 0x60, 0xfe, 0xfe, 0xfe, 0xff, 0xff, 0xff, 0xff, 0xff,
    0xfa, 0xf8, 0xfa, 0xcc, 0xe0, 0xd8, 0xe2, 0x10, 0x47, 0x70, 0x4c, 0x00, 0x47, 0x70, 0x4c, 0x00,
    0x47, 0x70, 0x4c, 0x00, 0x47, 0x70, 0x4c, 0x00, 0x47, 0x70, 0x4c, 0x00, 0x47, 0x70, 0x4c, 0x00,
    0x47, 0x70, 0x4c, 0x00, 0x47, 0x70, 0x4c, 0x00, 0x47, 0x70, 0x4c, 0x00, 0x47, 0x70, 0x4c, 0x00,
    0xf6, 0xf4, 0xf7, 0x99, 0xfe, 0xfe, 0xfe, 0xff, 0xfe, 0xfe, 0xfe, 0xff, 0xf7, 0xf5, 0xf7, 0xa2,
    0x9c, 0x86, 0xa3, 0x02, 0x47, 0x70, 0x4c, 0x00, 0xeb, 0xe6, 0xed, 0x2c, 0xfc, 0xfb, 0xfc, 0xef,
    0xff, 0xff, 0xff, 0xff, 0xfc, 0xfb, 0xfc, 0xef, 0xed, 0xe9, 0xef, 0x35, 0x47, 0x70, 0x4c, 0x00,
    0x47, 0x70, 0x4c, 0x00, 0x47, 0x70, 0x4c, 0x00, 0xed, 0xe9, 0xef, 0x35, 0xfc, 0xfb, 0xfc, 0xef,
    0xff, 0xff, 0xff, 0xff, 0xfe, 0xfe, 0xfe, 0xff, 0xf6, 0xf4, 0xf7, 0x99, 0x47, 0x70, 0x4c, 0x00,
    0x47, 0x70, 0x4c, 0x00, 0x47, 0x70, 0x4c, 0x00, 0x47, 0x70, 0x4c, 0x00, 0x47, 0x70, 0x4c, 0x00,
    0x47, 0x70, 0x4c, 0x00, 0x47, 0x70, 0x4c, 0x00, 0xf1, 0xee, 0xf2, 0x52, 0xfa, 0xf9, 0xfb, 0xd7,
    0xfe, 0xfe, 0xfe, 0xff, 0xfe, 0xfe, 0xfe, 0xff, 0xfd, 0xfd, 0xfd, 0xfd, 0xf9, 0xf7, 0xf9, 0xc1,
    0xeb, 0xe6, 0xed, 0x2c, 0x47, 0x70, 0x4c, 0x00, 0x47, 0x70, 0x4c, 0x00, 0x47, 0x70, 0x4c, 0x00,
    0x47, 0x70, 0x4c, 0x00, 0x47, 0x70, 0x4c, 0x00, 0x47, 0x70, 0x4c, 0x00, 0x47, 0x70, 0x4c, 0x00,
    0x47, 0x70, 0x4c, 0x00, 0x47, 0x70, 0x4c, 0x00, 0x47, 0x70, 0x4c, 0x00, 0x47, 0x70, 0x4c, 0x00,
    0x47, 0x70, 0x4c, 0x00, 0x47, 0x70, 0x4c, 0x00, 0x47, 0x70, 0x4c, 0x00, 0x47, 0x70, 0x4c, 0x00,
    0x47, 0x70, 0x4c, 0x00, 0x47, 0x70, 0x4c, 0x00, 0x47, 0x70, 0x4c, 0x00, 0x47, 0x70, 0x4c, 0x00,
    0x47, 0x70, 0x4c, 0x00, 0x47, 0x70, 0x4c, 0x00, 0x47, 0x70, 0x4c, 0x00, 0x47, 0x70, 0x4c, 0x00,
    0x47, 0x70, 0x4c, 0x00, 0x47, 0x70, 0x4c, 0x00, 0x47, 0x70, 0x4c, 0x00, 0x47, 0x70, 0x4c, 0x00,
    0x47, 0x70, 0x4c, 0x00, 0x47, 0x70, 0x4c, 0x00, 0x47, 0x70, 0x4c, 0x00, 0x47, 0x70, 0x4c, 0x00,
    0xe4, 0xde, 0xe6, 0x18, 0xf1, 0xee, 0xf2, 0x52, 0xf4, 0xf1, 0xf5, 0x78, 0xf1, 0xee, 0xf2, 0x60,
    0xe8, 0xe3, 0xea, 0x22, 0x47, 0x70, 0x4c, 0x00, 0x47, 0x70, 0x4c, 0x00, 0x47, 0x70, 0x4c, 0x00,
    0x47, 0x70, 0x4c, 0x00, 0x47, 0x70, 0x4c, 0x00, 0x47, 0x70, 0x4c, 0x00, 0x47, 0x70, 0x4c, 0x00,
    0x47, 0x70, 0x4c, 0x00, 0xf4, 0xf2, 0xf5, 0x82, 0xfe, 0xfe, 0xfe, 0xff, 0xfe, 0xfe, 0xfe, 0xff,
    0xfd, 0xfd, 0xfd, 0xfd, 0xf1, 0xee, 0xf2, 0x52, 0x47, 0x70, 0x4c, 0x00, 0x47, 0x70, 0x4c, 0x00,
    0x47, 0x70, 0x4c, 0x00, 0xe8, 0xe3, 0xea, 0x22, 0xfa, 0xf9, 0xfb, 0xd7, 0xff, 0xff, 0xff, 0xff,
    0xfd, 0xfc, 0xfd, 0xf7, 0xef, 0xec, 0xf0, 0x4a, 0x47, 0x70, 0x4c, 0x00, 0x47, 0x70, 0x4c, 0x00,
    0xf6, 0xf3, 0xf6, 0x8d, 0xfe, 0xfe, 0xfe, 0xff, 0xff, 0xff, 0xff, 0xff, 0xf8, 0xf6, 0xf9, 0xb6,
    0xc8, 0xbb, 0xcc, 0x05, 0x47, 0x70, 0x4c, 0x00, 0xd8, 0xce, 0xdb, 0x0a, 0xf3, 0xf0, 0xf4, 0x6d,
    0xfb, 0xfa, 0xfb, 0xe3, 0xfe, 0xfe, 0xfe, 0xff, 0xfe, 0xfe, 0xfe, 0xff, 0xfe, 0xfe, 0xfe, 0xff,
    0xfd, 0xfd, 0xfd, 0xfd, 0xf3, 0xf0, 0xf4, 0x6d, 0xd8, 0xce, 0xdb, 0x0a, 0xfa, 0xf8, 0xfa, 0xcc,
    0xff, 0xff, 0xff, 0xff, 0xfe, 0xfe, 0xfe, 0xff, 0xf3, 0xf0, 0xf4, 0x6d, 0x47, 0x70, 0x4c, 0x00,
    0x9c, 0x86, 0xa3, 0x02, 0xf1, 0xee, 0xf2, 0x60, 0xfe, 0xfe, 0xfe, 0xff, 0xff, 0xff, 0xff, 0xff,
    0xfa, 0xf8, 0xfa, 0xcc, 0xe0, 0xd8, 0xe2, 0x10, 0x47, 0x70, 0x4c, 0x00, 0x47, 0x70, 0x4c, 0x00,
    0x47, 0x70, 0x4c, 0x00, 0x47, 0x70, 0x4c, 0x00, 0x47, 0x70, 0x4c, 0x00, 0x47, 0x70, 0x4c, 0x00,
    0x47, 0x70, 0x4c, 0x00, 0x47, 0x70, 0x4c, 0x00, 0x47, 0x70, 0x4c, 0x00, 0xe0, 0xd8, 0xe2, 0x10,
    0xfa, 0xf8, 0xfa, 0xcc, 0xff, 0xff, 0xff, 0xff, 0xfe, 0xfe, 0xfe, 0xff, 0xf4, 0xf1, 0xf5, 0x78,
    0x47, 0x70, 0x4c, 0x00, 0x47, 0x70, 0x4c, 0x00, 0xef, 0xec, 0xf0, 0x4a, 0xfd, 0xfc, 0xfd, 0xf7,
    0xff, 0xff, 0xff, 0xff, 0xfa, 0xf9, 0xfb, 0xd7, 0xe4, 0xde, 0xe6, 0x18, 0x47, 0x70, 0x4c, 0x00,
    0x47, 0x70, 0x4c, 0x00, 0x47, 0x70, 0x4c, 0x00, 0xef, 0xec, 0xf0, 0x4a, 0xfd, 0xfc, 0xfd, 0xf7,
    0xff, 0xff, 0xff, 0xff, 0xfe, 0xfe, 0xfe, 0xff, 0xf4, 0xf2, 0xf5, 0x82, 0x47, 0x70, 0x4c, 0x00,
    0x47, 0x70, 0x4c, 0x00, 0x47, 0x70, 0x4c, 0x00, 0x47, 0x70, 0x4c, 0x00, 0x47, 0x70, 0x4c, 0x00,
    0x47, 0x70, 0x4c, 0x00, 0x47, 0x70, 0x4c, 0x00, 0x47, 0x70, 0x4c, 0x00, 0xe8, 0xe3, 0xea, 0x22,
    0xf1, 0xee, 0xf2, 0x60, 0xf4, 0xf1, 0xf5, 0x78, 0xf1, 0xee, 0xf2, 0x52, 0xe4, 0xde, 0xe6, 0x18,
    0x47, 0x70, 0x4c, 0x00, 0x47, 0x70, 0x4c, 0x00, 0x47, 0x70, 0x4c, 0x00, 0x47, 0x70, 0x4c, 0x00,
    0x47, 0x70, 0x4c, 0x00, 0x47, 0x70, 0x4c, 0x00, 0x47, 0x70, 0x4c, 0x00, 0x47, 0x70, 0x4c, 0x00,
    0x47, 0x70, 0x4c, 0x00, 0x47, 0x70, 0x4c, 0x00, 0x47, 0x70, 0x4c, 0x00, 0x47, 0x70, 0x4c, 0x00,
    0x47, 0x70, 0x4c, 0x00, 0x47, 0x70, 0x4c, 0x00, 0x47, 0x70, 0x4c, 0x00, 0x47, 0x70, 0x4c, 0x00,
    0x47, 0x70, 0x4c, 0x00, 0x47, 0x70, 0x4c, 0x00, 0x47, 0x70, 0x4c, 0x00, 0x47, 0x70, 0x4c, 0x00,
    0x47, 0x70, 0x4c, 0x00, 0x47, 0x70, 0x4c, 0x00, 0x47, 0x70, 0x4c, 0x00, 0x47, 0x70, 0x4c, 0x00,
    0x47, 0x70, 0x4c, 0x00, 0x47, 0x70, 0x4c, 0x00, 0x47, 0x70, 0x4c, 0x00, 0x47, 0x70, 0x4c, 0x00,
    0x47, 0x70, 0x4c, 0x00, 0x47, 0x70, 0x4c, 0x00, 0x47, 0x70, 0x4c, 0x00, 0x47, 0x70, 0x4c, 0x00,
    0x47, 0x70, 0x4c, 0x00, 0x47, 0x70, 0x4c, 0x00, 0x47, 0x70, 0x4c, 0x00, 0x47, 0x70, 0x4c, 0x00,
    0x47, 0x70, 0x4c, 0x00, 0x47, 0x70, 0x4c, 0x00, 0x47, 0x70, 0x4c, 0x00, 0x47, 0x70, 0x4c, 0x00,
    0x47, 0x70, 0x4c, 0x00, 0x47, 0x70, 0x4c, 0x00, 0x47, 0x70, 0x4c, 0x00, 0x47, 0x70, 0x4c, 0x00,
    0x47, 0x70, 0x4c, 0x00, 0xf3, 0xf0, 0xf4, 0x6d, 0xfe, 0xfe, 0xfe, 0xff, 0xff, 0xff, 0xff, 0xff,
    0xfe, 0xfe, 0xfe, 0xff, 0xf3, 0xf0, 0xf4, 0x6d, 0x47, 0x70, 0x4c, 0x00, 0x47, 0x70, 0x4c, 0x00,
    0x47, 0x70, 0x4c, 0x00, 0xd8, 0xce, 0xdb, 0x0a, 0xf9, 0xf7, 0xf9, 0xc1, 0xff, 0xff, 0xff, 0xff,
    0xfe, 0xfe, 0xfe, 0xff, 0xf4, 0xf1, 0xf5, 0x78, 0x47, 0x70, 0x4c, 0x00, 0x47, 0x70, 0x4c, 0x00,
    0xf1, 0xee, 0xf2, 0x60, 0xfe, 0xfe, 0xfe, 0xff, 0xfc, 0xfb, 0xfc, 0xef, 0xf4, 0xf1, 0xf5, 0x78,
    0x53, 0x3a, 0x5c, 0x01, 0xe8, 0xe3, 0xea, 0x22, 0xf7, 0xf5, 0xf7, 0xa2, 0xfd, 0xfc, 0xfd, 0xf7,
    0xff, 0xff, 0xff, 0xff, 0xff, 0xff, 0xff, 0xff, 0xfe, 0xfe, 0xfe, 0xff, 0xfb, 0xfa, 0xfb, 0xe3,
    0xf3, 0xf0, 0xf4, 0x6d, 0xd8, 0xce, 0xdb, 0x0a, 0xe0, 0xd8, 0xe2, 0x10, 0xfa, 0xf8, 0xfa, 0xcc,
    0xff, 0xff, 0xff, 0xff, 0xfe, 0xfe, 0xfe, 0xff, 0xf3, 0xf0, 0xf4, 0x6d, 0x47, 0x70, 0x4c, 0x00,
    0x47, 0x70, 0x4c, 0x00, 0xf1, 0xee, 0xf2, 0x60, 0xfe, 0xfe, 0xfe, 0xff, 0xff, 0xff, 0xff, 0xff,
    0xfa, 0xf8, 0xfa, 0xcc, 0xe0, 0xd8, 0xe2, 0x10, 0x47, 0x70, 0x4c, 0x00, 0x47, 0x70, 0x4c, 0x00,
    0x47, 0x70, 0x4c, 0x00, 0x47, 0x70, 0x4c, 0x00, 0x47, 0x70, 0x4c, 0x00, 0x47, 0x70, 0x4c, 0x00,
    0x47, 0x70, 0x4c, 0x00, 0x47, 0x70, 0x4c, 0x00, 0x47, 0x70, 0x4c, 0x00, 0xef, 0xec, 0xf0, 0x4a,
    0xfd, 0xfc, 0xfd, 0xf7, 0xff, 0xff, 0xff, 0xff, 0xfd, 0xfc, 0xfd, 0xf7, 0xee, 0xea, 0xef, 0x3f,
    0x47, 0x70, 0x4c, 0x00, 0x47, 0x70, 0x4c, 0x00, 0xf4, 0xf1, 0xf5, 0x78, 0xfe, 0xfe, 0xfe, 0xff,
    0xff, 0xff, 0xff, 0xff, 0xf8, 0xf6, 0xf9, 0xb6, 0xd8, 0xce, 0xdb, 0x0a, 0x47, 0x70, 0x4c, 0x00,
    0x47, 0x70, 0x4c, 0x00, 0x47, 0x70, 0x4c, 0x00, 0xf3, 0xf0, 0xf4, 0x6d, 0xfe, 0xfe, 0xfe, 0xff,
    0xff, 0xff, 0xff, 0xff, 0xfe, 0xfe, 0xfe, 0xff, 0xf3, 0xf0, 0xf4, 0x6d, 0x47, 0x70, 0x4c, 0x00,
    0x47, 0x70, 0x4c, 0x00, 0x47, 0x70, 0x4c, 0x00, 0x47, 0x70, 0x4c, 0x00, 0x47, 0x70, 0x4c, 0x00,
    0x47, 0x70, 0x4c, 0x00, 0x47, 0x70, 0x4c, 0x00, 0x47, 0x70, 0x4c, 0x00, 0x47, 0x70, 0x4c, 0x00,
    0x47, 0x70, 0x4c, 0x00, 0x47, 0x70, 0x4c, 0x00, 0x47, 0x70, 0x4c, 0x00, 0x47, 0x70, 0x4c, 0x00,
    0x47, 0x70, 0x4c, 0x00, 0x47, 0x70, 0x4c, 0x00, 0x47, 0x70, 0x4c, 0x00, 0x47, 0x70, 0x4c, 0x00,
    0x47, 0x70, 0x4c, 0x00, 0x47, 0x70, 0x4c, 0x00, 0x47, 0x70, 0x4c, 0x00, 0x47, 0x70, 0x4c, 0x00,
    0x47, 0x70, 0x4c, 0x00, 0x47, 0x70, 0x4c, 0x00, 0x47, 0x70, 0x4c, 0x00, 0x47, 0x70, 0x4c, 0x00,
    0x47, 0x70, 0x4c, 0x00, 0x47, 0x70, 0x4c, 0x00, 0x47, 0x70, 0x4c, 0x00, 0x47, 0x70, 0x4c, 0x00,
    0x47, 0x70, 0x4c, 0x00, 0x47, 0x70, 0x4c, 0x00, 0x47, 0x70, 0x4c, 0x00, 0x47, 0x70, 0x4c, 0x00,
    0x47, 0x70, 0x4c, 0x00, 0x47, 0x70, 0x4c, 0x00, 0x47, 0x70, 0x4c, 0x00, 0x47, 0x70, 0x4c, 0x00,
    0x47, 0x70, 0x4c, 0x00, 0x47, 0x70, 0x4c, 0x00, 0x47, 0x70, 0x4c, 0x00, 0x47, 0x70, 0x4c, 0x00,
    0x47, 0x70, 0x4c, 0x00, 0x47, 0x70, 0x4c, 0x00, 0x47, 0x70, 0x4c, 0x00, 0x47, 0x70, 0x4c, 0x00,
    0x47, 0x70, 0x4c, 0x00, 0x47, 0x70, 0x4c, 0x00, 0x47, 0x70, 0x4c, 0x00, 0x47, 0x70, 0x4c, 0x00,
    0x47, 0x70, 0x4c, 0x00, 0x47, 0x70, 0x4c, 0x00, 0x47, 0x70, 0x4c, 0x00, 0x47, 0x70, 0x4c, 0x00,
    0x47, 0x70, 0x4c, 0x00, 0x47, 0x70, 0x4c, 0x00, 0x47, 0x70, 0x4c, 0x00, 0x47, 0x70, 0x4c, 0x00,
    0x47, 0x70, 0x4c, 0x00, 0xef, 0xec, 0xf0, 0x4a, 0xfd, 0xfc, 0xfd, 0xf7, 0xff, 0xff, 0xff, 0xff,
    0xfe, 0xfe, 0xfe, 0xff, 0xf6, 0xf4, 0xf7, 0x99, 0x47, 0x70, 0x4c, 0x00, 0x47, 0x70, 0x4c, 0x00,
    0x47, 0x70, 0x4c, 0x00, 0x47, 0x70, 0x4c, 0x00, 0xf6, 0xf4, 0xf7, 0x99, 0xfe, 0xfe, 0xfe, 0xff,
    0xfe, 0xfe, 0xfe, 0xff, 0xf7, 0xf5, 0xf8, 0xab, 0xc8, 0xbb, 0xcc, 0x05, 0x47, 0x70, 0x4c, 0x00,
    0xeb, 0xe6, 0xed, 0x2c, 0xf8, 0xf6, 0xf9, 0xb6, 0xef, 0xec, 0xf0, 0x4a, 0x9c, 0x86, 0xa3, 0x02,
    0xf1, 0xee, 0xf2, 0x52, 0xfa, 0xf9, 0xfb, 0xd7, 0xfe, 0xfe, 0xfe, 0xff, 0xff, 0xff, 0xff, 0xff,
    0xff, 0xff, 0xff, 0xff, 0xfe, 0xfe, 0xfe, 0xff, 0xf8, 0xf6, 0xf9, 0xb6, 0xed, 0xe9, 0xef, 0x35,
    0x47, 0x70, 0x4c, 0x00, 0x47, 0x70, 0x4c, 0x00, 0xe0, 0xd8, 0xe2, 0x10, 0xfa, 0xf8, 0xfa, 0xcc,
    0xff, 0xff, 0xff, 0xff, 0xfe, 0xfe, 0xfe, 0xff, 0xf4, 0xf1, 0xf5, 0x78, 0x47, 0x70, 0x4c, 0x00,
    0x47, 0x70, 0x4c, 0x00, 0xf1, 0xee, 0xf2, 0x60, 0xfe, 0xfe, 0xfe, 0xff, 0xff, 0xff, 0xff, 0xff,
    0xfa, 0xf9, 0xfb, 0xd7, 0xe4, 0xde, 0xe6, 0x18, 0x47, 0x70, 0x4c, 0x00, 0x47, 0x70, 0x4c, 0x00,
    0x47, 0x70, 0x4c, 0x00, 0x47, 0x70, 0x4c, 0x00, 0x47, 0x70, 0x4c, 0x00, 0x47, 0x70, 0x4c, 0x00,
    0x47, 0x70, 0x4c, 0x00, 0x47, 0x70, 0x4c, 0x00, 0xd8, 0xce, 0xdb, 0x0a, 0xf8, 0xf6, 0xf9, 0xb6,
    0xfe, 0xfe, 0xfe, 0xff, 0xff, 0xff, 0xff, 0xff, 0xf9, 0xf7, 0xf9, 0xc1, 0xe0, 0xd8, 0xe2, 0x10,
    0x47, 0x70, 0x4c, 0x00, 0xc8, 0xbb, 0xcc, 0x05, 0xf8, 0xf6, 0xf9, 0xb6, 0xff, 0xff, 0xff, 0xff,
    0xfe, 0xfe, 0xfe, 0xff, 0xf6, 0xf3, 0xf6, 0x8d, 0x47, 0x70, 0x4c, 0x00, 0x47, 0x70, 0x4c, 0x00,
    0x47, 0x70, 0x4c, 0x00, 0x47, 0x70, 0x4c, 0x00, 0xf6, 0xf3, 0xf6, 0x8d, 0xfe, 0xfe, 0xfe, 0xff,
    0xff, 0xff, 0xff, 0xff, 0xfd, 0xfc, 0xfd, 0xf7, 0xef, 0xec, 0xf0, 0x4a, 0x47, 0x70, 0x4c, 0x00,
    0x47, 0x70, 0x4c, 0x00, 0x47, 0x70, 0x4c, 0x00, 0x47, 0x70, 0x4c, 0x00, 0x47, 0x70, 0x4c, 0x00,
    0x47, 0x70, 0x4c, 0x00, 0x47, 0x70, 0x4c, 0x00, 0x47, 0x70, 0x4c, 0x00, 0x47, 0x70, 0x4c, 0x00,
    0x47, 0x70, 0x4c, 0x00, 0x47, 0x70, 0x4c, 0x00, 0x47, 0x70, 0x4c, 0x00, 0x47, 0x70, 0x4c, 0x00,
    0x47, 0x70, 0x4c, 0x00, 0x47, 0x70, 0x4c, 0x00, 0x47, 0x70, 0x4c, 0x00, 0x47, 0x70, 0x4c, 0x00,
    0x47, 0x70, 0x4c, 0x00, 0x47, 0x70, 0x4c, 0x00, 0x47, 0x70, 0x4c, 0x00, 0x47, 0x70, 0x4c, 0x00,
    0x47, 0x70, 0x4c, 0x00, 0x47, 0x70, 0x4c, 0x00, 0x47, 0x70, 0x4c, 0x00, 0x47, 0x70, 0x4c, 0x00,
    0x47, 0x70, 0x4c, 0x00, 0x47, 0x70, 0x4c, 0x00, 0x47, 0x70, 0x4c, 0x00, 0x47, 0x70, 0x4c, 0x00,
    0x47, 0x70, 0x4c, 0x00, 0x47, 0x70, 0x4c, 0x00, 0x47, 0x70, 0x4c, 0x00, 0x47, 0x70, 0x4c, 0x00,
    0x47, 0x70, 0x4c, 0x00, 0x47, 0x70, 0x4c, 0x00, 0x47, 0x70, 0x4c, 0x00, 0x47, 0x70, 0x4c, 0x00,
    0x47, 0x70, 0x4c, 0x00, 0x47, 0x70, 0x4c, 0x00, 0x47, 0x70, 0x4c, 0x00, 0x47, 0x70, 0x4c, 0x00,
    0x47, 0x70, 0x4c, 0x00, 0x47, 0x70, 0x4c, 0x00, 0x47, 0x70, 0x4c, 0x00, 0x47, 0x70, 0x4c, 0x00,
    0x47, 0x70, 0x4c, 0x00, 0x47, 0x70, 0x4c, 0x00, 0x47, 0x70, 0x4c, 0x00, 0x47, 0x70, 0x4c, 0x00,
    0x47, 0x70, 0x4c, 0x00, 0x47, 0x70, 0x4c, 0x00, 0x47, 0x70, 0x4c, 0x00, 0x47, 0x70, 0x4c, 0x00,
    0x47, 0x70, 0x4c, 0x00, 0x47, 0x70, 0x4c, 0x00, 0x47, 0x70, 0x4c, 0x00, 0x47, 0x70, 0x4c, 0x00,
    0x47, 0x70, 0x4c, 0x00, 0xeb, 0xe6, 0xed, 0x2c, 0xfb, 0xfa, 0xfb, 0xe3, 0xff, 0xff, 0xff, 0xff,
    0xff, 0xff, 0xff, 0xff, 0xfa, 0xf8, 0xfa, 0xcc, 0xe0, 0xd8, 0xe2, 0x10, 0x47, 0x70, 0x4c, 0x00,
    0x47, 0x70, 0x4c, 0x00, 0x47, 0x70, 0x4c, 0x00, 0xf1, 0xee, 0xf2, 0x60, 0xfd, 0xfd, 0xfd, 0xfd,
    0xff, 0xff, 0xff, 0xff, 0xfb, 0xfa, 0xfb, 0xe3, 0xe8, 0xe3, 0xea, 0x22, 0x47, 0x70, 0x4c, 0x00,
    0xc8, 0xbb, 0xcc, 0x05, 0xe0, 0xd8, 0xe2, 0x10, 0xe4, 0xde, 0xe6, 0x18, 0xf6, 0xf3, 0xf6, 0x8d,
    0xfc, 0xfb, 0xfc, 0xef, 0xfe, 0xfe, 0xfe, 0xff, 0xfe, 0xfe, 0xfe, 0xff, 0xff, 0xff, 0xff, 0xff,
    0xfc, 0xfb, 0xfc, 0xef, 0xf4, 0xf2, 0xf5, 0x82, 0xe0, 0xd8, 0xe2, 0x10, 0x47, 0x70, 0x4c, 0x00,
    0x47, 0x70, 0x4c, 0x00, 0x47, 0x70, 0x4c, 0x00, 0xd8, 0xce, 0xdb, 0x0a, 0xf9, 0xf7, 0xf9, 0xc1,
    0xff, 0xff, 0xff, 0xff, 0xfe, 0xfe, 0xfe, 0xff, 0xf4, 0xf2, 0xf5, 0x82, 0x47, 0x70, 0x4c, 0x00,
    0x47, 0x70, 0x4c, 0x00, 0xee, 0xea, 0xef, 0x3f, 0xfd, 0xfc, 0xfd, 0xf7, 0xff, 0xff, 0xff, 0xff,
    0xfc, 0xfb, 0xfc, 0xef, 0xee, 0xea, 0xef, 0x3f, 0x47, 0x70, 0x4c, 0x00, 0x47, 0x70, 0x4c, 0x00,
    0x47, 0x70, 0x4c, 0x00, 0x47, 0x70, 0x4c, 0x00, 0x47, 0x70, 0x4c, 0x00, 0x47, 0x70, 0x4c, 0x00,
    0x47, 0x70, 0x4c, 0x00, 0x47, 0x70, 0x4c, 0x00, 0xf3, 0xf0, 0xf4, 0x6d, 0xfd, 0xfd, 0xfd, 0xfd,
    0xff, 0xff, 0xff, 0xff, 0xfd, 0xfd, 0xfd, 0xfd, 0xf1, 0xee, 0xf2, 0x60, 0x47, 0x70, 0x4c, 0x00,
    0x47, 0x70, 0x4c, 0x00, 0xeb, 0xe6, 0xed, 0x2c, 0xfc, 0xfb, 0xfc, 0xef, 0xff, 0xff, 0xff, 0xff,
    0xfd, 0xfd, 0xfd, 0xfd, 0xf1, 0xee, 0xf2, 0x52, 0x47, 0x70, 0x4c, 0x00, 0x47, 0x70, 0x4c, 0x00,
    0x47, 0x70, 0x4c, 0x00, 0xc8, 0xbb, 0xcc, 0x05, 0xf8, 0xf6, 0xf9, 0xb6, 0xff, 0xff, 0xff, 0xff,
    0xff, 0xff, 0xff, 0xff, 0xfb, 0xfa, 0xfb, 0xe3, 0xeb, 0xe6, 0xed, 0x2c, 0x47, 0x70, 0x4c, 0x00,
    0x47, 0x70, 0x4c, 0x00, 0x47, 0x70, 0x4c, 0x00, 0x47, 0x70, 0x4c, 0x00, 0x47, 0x70, 0x4c, 0x00,
    0x47, 0x70, 0x4c, 0x00, 0x47, 0x70, 0x4c, 0x00, 0x47, 0x70, 0x4c, 0x00, 0x47, 0x70, 0x4c, 0x00,
    0x47, 0x70, 0x4c, 0x00, 0x47, 0x70, 0x4c, 0x00, 0x47, 0x70, 0x4c, 0x00, 0x47, 0x70, 0x4c, 0x00,
    0x47, 0x70, 0x4c, 0x00, 0x47, 0x70, 0x4c, 0x00, 0x47, 0x70, 0x4c, 0x00, 0x47, 0x70, 0x4c, 0x00,
    0x47, 0x70, 0x4c, 0x00, 0x47, 0x70, 0x4c, 0x00, 0x47, 0x70, 0x4c, 0x00, 0x47, 0x70, 0x4c, 0x00,
    0x47, 0x70, 0x4c, 0x00, 0x47, 0x70, 0x4c, 0x00, 0x47, 0x70, 0x4c, 0x00, 0x47, 0x70, 0x4c, 0x00,
    0x47, 0x70, 0x4c, 0x00, 0x47, 0x70, 0x4c, 0x00, 0x47, 0x70, 0x4c, 0x00, 0x47, 0x70, 0x4c, 0x00,
    0x47, 0x70, 0x4c, 0x00, 0x47, 0x70, 0x4c, 0x00, 0x47, 0x70, 0x4c, 0x00, 0x47, 0x70, 0x4c, 0x00,
    0x47, 0x70, 0x4c, 0x00, 0x47, 0x70, 0x4c, 0x00, 0x47, 0x70, 0x4c, 0x00, 0x47, 0x70, 0x4c, 0x00,
    0x47, 0x70, 0x4c, 0x00, 0x47, 0x70, 0x4c, 0x00, 0x47, 0x70, 0x4c, 0x00, 0x47, 0x70, 0x4c, 0x00,
    0x47, 0x70, 0x4c, 0x00, 0x47, 0x70, 0x4c, 0x00, 0x47, 0x70, 0x4c, 0x00, 0x47, 0x70, 0x4c, 0x00,
    0x47, 0x70, 0x4c, 0x00, 0x47, 0x70, 0x4c, 0x00, 0x47, 0x70, 0x4c, 0x00, 0x47, 0x70, 0x4c, 0x00,
    0x47, 0x70, 0x4c, 0x00, 0x47, 0x70, 0x4c, 0x00, 0x47, 0x70, 0x4c, 0x00, 0x47, 0x70, 0x4c, 0x00,
    0x47, 0x70, 0x4c, 0x00, 0x47, 0x70, 0x4c, 0x00, 0x47, 0x70, 0x4c, 0x00, 0x47, 0x70, 0x4c, 0x00,
    0x47, 0x70, 0x4c, 0x00, 0xd8, 0xce, 0xdb, 0x0a, 0xf9, 0xf7, 0xf9, 0xc1, 0xff, 0xff, 0xff, 0xff,
    0xff, 0xff, 0xff, 0xff, 0xfc, 0xfb, 0xfc, 0xef, 0xee, 0xea, 0xef, 0x3f, 0x47, 0x70, 0x4c, 0x00,
    0x47, 0x70, 0x4c, 0x00, 0x47, 0x70, 0x4c, 0x00, 0xeb, 0xe6, 0xed, 0x2c, 0xfb, 0xfa, 0xfb, 0xe3,
    0xff, 0xff, 0xff, 0xff, 0xfe, 0xfe, 0xfe, 0xff, 0xf1, 0xee, 0xf2, 0x60, 0x47, 0x70, 0x4c, 0x00,
    0x47, 0x70, 0x4c, 0x00, 0xed, 0xe9, 0xef, 0x35, 0xf9, 0xf7, 0xf9, 0xc1, 0xfe, 0xfe, 0xfe, 0xff,
    0xff, 0xff, 0xff, 0xff, 0xfe, 0xfe, 0xfe, 0xff, 0xfe, 0xfe, 0xfe, 0xff, 0xfa, 0xf8, 0xfa, 0xcc,
    0xef, 0xec, 0xf0, 0x4a, 0x53, 0x3a, 0x5c, 0x01, 0x47, 0x70, 0x4c, 0x00, 0x47, 0x70, 0x4c, 0x00,
    0x47, 0x70, 0x4c, 0x00, 0x47, 0x70, 0x4c, 0x00, 0x53, 0x3a, 0x5c, 0x01, 0xf7, 0xf5, 0xf7, 0xa2,
    0xff, 0xff, 0xff, 0xff, 0xff, 0xff, 0xff, 0xff, 0xf7, 0xf5, 0xf8, 0xab, 0xc8, 0xbb, 0xcc, 0x05,
    0x47, 0x70, 0x4c, 0x00, 0xe4, 0xde, 0xe6, 0x18, 0xfa, 0xf8, 0xfa, 0xcc, 0xff, 0xff, 0xff, 0xff,
    0xfe, 0xfe, 0xfe, 0xff, 0xf6, 0xf4, 0xf7, 0x99, 0xc8, 0xbb, 0xcc, 0x05, 0x47, 0x70, 0x4c, 0x00,
    0x47, 0x70, 0x4c, 0x00, 0x47, 0x70, 0x4c, 0x00, 0x47, 0x70, 0x4c, 0x00, 0x47, 0x70, 0x4c, 0x00,
    0x53, 0x3a, 0x5c, 0x01, 0xf1, 0xee, 0xf2, 0x60, 0xfc, 0xfb, 0xfc, 0xef, 0xff, 0xff, 0xff, 0xff,
    0xfe, 0xfe, 0xfe, 0xff, 0xf8, 0xf6, 0xf9, 0xb6, 0xe0, 0xd8, 0xe2, 0x10, 0x47, 0x70, 0x4c, 0x00,
    0x47, 0x70, 0x4c, 0x00, 0xf4, 0xf2, 0xf5, 0x82, 0xfe, 0xfe, 0xfe, 0xff, 0xff, 0xff, 0xff, 0xff,
    0xfa, 0xf9, 0xfb, 0xd7, 0xe4, 0xde, 0xe6, 0x18, 0x47, 0x70, 0x4c, 0x00, 0x47, 0x70, 0x4c, 0x00,
    0x47, 0x70, 0x4c, 0x00, 0xe8, 0xe3, 0xea, 0x22, 0xfb, 0xfa, 0xfb, 0xe3, 0xff, 0xff, 0xff, 0xff,
    0xff, 0xff, 0xff, 0xff, 0xf9, 0xf7, 0xf9, 0xc1, 0xd8, 0xce, 0xdb, 0x0a, 0x47, 0x70, 0x4c, 0x00,
    0x47, 0x70, 0x4c, 0x00, 0x47, 0x70, 0x4c, 0x00, 0x47, 0x70, 0x4c, 0x00, 0x47, 0x70, 0x4c, 0x00,
    0x47, 0x70, 0x4c, 0x00, 0x47, 0x70, 0x4c, 0x00, 0x47, 0x70, 0x4c, 0x00, 0x47, 0x70, 0x4c, 0x00,
    0x47, 0x70, 0x4c, 0x00, 0x47, 0x70, 0x4c, 0x00, 0x47, 0x70, 0x4c, 0x00, 0x47, 0x70, 0x4c, 0x00,
    0x47, 0x70, 0x4c, 0x00, 0x47, 0x70, 0x4c, 0x00, 0x47, 0x70, 0x4c, 0x00, 0x47, 0x70, 0x4c, 0x00,
    0x47, 0x70, 0x4c, 0x00, 0x47, 0x70, 0x4c, 0x00, 0x47, 0x70, 0x4c, 0x00, 0x47, 0x70, 0x4c, 0x00,
    0x47, 0x70, 0x4c, 0x00, 0x47, 0x70, 0x4c, 0x00, 0x47, 0x70, 0x4c, 0x00, 0x47, 0x70, 0x4c, 0x00,
    0x47, 0x70, 0x4c, 0x00, 0x47, 0x70, 0x4c, 0x00, 0x47, 0x70, 0x4c, 0x00, 0x47, 0x70, 0x4c, 0x00,
    0x47, 0x70, 0x4c, 0x00, 0x47, 0x70, 0x4c, 0x00, 0x47, 0x70, 0x4c, 0x00, 0x47, 0x70, 0x4c, 0x00,
    0x47, 0x70, 0x4c, 0x00, 0x47, 0x70, 0x4c, 0x00, 0x47, 0x70, 0x4c, 0x00, 0x47, 0x70, 0x4c, 0x00,
    0x47, 0x70, 0x4c, 0x00, 0x47, 0x70, 0x4c, 0x00, 0x47, 0x70, 0x4c, 0x00, 0x47, 0x70, 0x4c, 0x00,
    0x47, 0x70, 0x4c, 0x00, 0x47, 0x70, 0x4c, 0x00, 0x47, 0x70, 0x4c, 0x00, 0x47, 0x70, 0x4c, 0x00,
    0x47, 0x70, 0x4c, 0x00, 0x47, 0x70, 0x4c, 0x00, 0x47, 0x70, 0x4c, 0x00, 0x47, 0x70, 0x4c, 0x00,
    0x47, 0x70, 0x4c, 0x00, 0x47, 0x70, 0x4c, 0x00, 0x47, 0x70, 0x4c, 0x00, 0x47, 0x70, 0x4c, 0x00,
    0x47, 0x70, 0x4c, 0x00, 0x47, 0x70, 0x4c, 0x00, 0x47, 0x70, 0x4c, 0x00, 0x47, 0x70, 0x4c, 0x00,
    0x47, 0x70, 0x4c, 0x00, 0x47, 0x70, 0x4c, 0x00, 0xf6, 0xf3, 0xf6, 0x8d, 0xfe, 0xfe, 0xfe, 0xff,
    0xff, 0xff, 0xff, 0xff, 0xfe, 0xfe, 0xfe, 0xff, 0xf6, 0xf3, 0xf6, 0x8d, 0x47, 0x70, 0x4c, 0x00,
    0x47, 0x70, 0x4c, 0x00, 0x47, 0x70, 0x4c, 0x00, 0xc8, 0xbb, 0xcc, 0x05, 0xf8, 0xf6, 0xf9, 0xb6,
    0xfe, 0xfe, 0xfe, 0xff, 0xf9, 0xf7, 0xf9, 0xc1, 0xeb, 0xe6, 0xed, 0x2c, 0xd8, 0xce, 0xdb, 0x0a,
    0xf3, 0xf0, 0xf4, 0x6d, 0xfb, 0xfa, 0xfb, 0xe3, 0xff, 0xff, 0xff, 0xff, 0xff, 0xff, 0xff, 0xff,
    0xfe, 0xfe, 0xfe, 0xff, 0xfd, 0xfc, 0xfd, 0xf7, 0xf6, 0xf4, 0xf7, 0x99, 0xe8, 0xe3, 0xea, 0x22,
    0x47, 0x70, 0x4c, 0x00, 0x47, 0x70, 0x4c, 0x00, 0x47, 0x70, 0x4c, 0x00, 0x47, 0x70, 0x4c, 0x00,
    0x47, 0x70, 0x4c, 0x00, 0x47, 0x70, 0x4c, 0x00, 0x47, 0x70, 0x4c, 0x00, 0xf3, 0xf0, 0xf4, 0x6d,
    0xfe, 0xfe, 0xfe, 0xff, 0xff, 0xff, 0xff, 0xff, 0xfb, 0xfa, 0xfb, 0xe3, 0xe8, 0xe3, 0xea, 0x22,
    0x47, 0x70, 0x4c, 0x00, 0x47, 0x70, 0x4c, 0x00, 0xf4, 0xf2, 0xf5, 0x82, 0xfe, 0xfe, 0xfe, 0xff,
    0xff, 0xff, 0xff, 0xff, 0xfd, 0xfc, 0xfd, 0xf7, 0xf6, 0xf3, 0xf6, 0x8d, 0xe8, 0xe3, 0xea, 0x22,
    0x9c, 0x86, 0xa3, 0x02, 0x47, 0x70, 0x4c, 0x00, 0xc8, 0xbb, 0xcc, 0x05, 0xe8, 0xe3, 0xea, 0x22,
    0xf4, 0xf2, 0xf5, 0x82, 0xfc, 0xfb, 0xfc, 0xef, 0xff, 0xff, 0xff, 0xff, 0xff, 0xff, 0xff, 0xff,
    0xfb, 0xfa, 0xfb, 0xe3, 0xee, 0xea, 0xef, 0x3f, 0x47, 0x70, 0x4c, 0x00, 0x47, 0x70, 0x4c, 0x00,
    0xeb, 0xe6, 0xed, 0x2c, 0xfb, 0xfa, 0xfb, 0xe3, 0xff, 0xff, 0xff, 0xff, 0xfe, 0xfe, 0xfe, 0xff,
    0xf6, 0xf3, 0xf6, 0x8d, 0x47, 0x70, 0x4c, 0x00, 0x47, 0x70, 0x4c, 0x00, 0x47, 0x70, 0x4c, 0x00,
    0x47, 0x70, 0x4c, 0x00, 0xf1, 0xee, 0xf2, 0x52, 0xfd, 0xfc, 0xfd, 0xf7, 0xff, 0xff, 0xff, 0xff,
    0xfe, 0xfe, 0xfe, 0xff, 0xf6, 0xf3, 0xf6, 0x8d, 0x47, 0x70, 0x4c, 0x00, 0x47, 0x70, 0x4c, 0x00,
    0x47, 0x70, 0x4c, 0x00, 0x47, 0x70, 0x4c, 0x00, 0x47, 0x70, 0x4c, 0x00, 0x47, 0x70, 0x4c, 0x00,
    0x47, 0x70, 0x4c, 0x00, 0x47, 0x70, 0x4c, 0x00, 0x47, 0x70, 0x4c, 0x00, 0x47, 0x70, 0x4c, 0x00,
    0x47, 0x70, 0x4c, 0x00, 0x47, 0x70, 0x4c, 0x00, 0x47, 0x70, 0x4c, 0x00, 0x47, 0x70, 0x4c, 0x00,
    0x47, 0x70, 0x4c, 0x00, 0x47, 0x70, 0x4c, 0x00, 0x47, 0x70, 0x4c, 0x00, 0x47, 0x70, 0x4c, 0x00,
    0x47, 0x70, 0x4c, 0x00, 0x47, 0x70, 0x4c, 0x00, 0x47, 0x70, 0x4c, 0x00, 0x47, 0x70, 0x4c, 0x00,
    0x47, 0x70, 0x4c, 0x00, 0x47, 0x70, 0x4c, 0x00, 0x47, 0x70, 0x4c, 0x00, 0x47, 0x70, 0x4c, 0x00,
    0x47, 0x70, 0x4c, 0x00, 0x47, 0x70, 0x4c, 0x00, 0x47, 0x70, 0x4c, 0x00, 0x47, 0x70, 0x4c, 0x00,
    0x47, 0x70, 0x4c, 0x00, 0x47, 0x70, 0x4c, 0x00, 0x47, 0x70, 0x4c, 0x00, 0x47, 0x70, 0x4c, 0x00,
    0x47, 0x70, 0x4c, 0x00, 0x47, 0x70, 0x4c, 0x00, 0x47, 0x70, 0x4c, 0x00, 0x47, 0x70, 0x4c, 0x00,
    0x47, 0x70, 0x4c, 0x00, 0x47, 0x70, 0x4c, 0x00, 0x47, 0x70, 0x4c, 0x00, 0x47, 0x70, 0x4c, 0x00,
    0x47, 0x70, 0x4c, 0x00, 0x47, 0x70, 0x4c, 0x00, 0x47, 0x70, 0x4c, 0x00, 0x47, 0x70, 0x4c, 0x00,
    0x47, 0x70, 0x4c, 0x00, 0x47, 0x70, 0x4c, 0x00, 0x47, 0x70, 0x4c, 0x00, 0x47, 0x70, 0x4c, 0x00,
    0x47, 0x70, 0x4c, 0x00, 0x47, 0x70, 0x4c, 0x00, 0x47, 0x70, 0x4c, 0x00, 0x47, 0x70, 0x4c, 0x00,
    0x47, 0x70, 0x4c, 0x00, 0x47, 0x70, 0x4c, 0x00, 0x47, 0x70, 0x4c, 0x00, 0x47, 0x70, 0x4c, 0x00,
    0x47, 0x70, 0x4c, 0x00, 0x47, 0x70, 0x4c, 0x00, 0xf1, 0xee, 0xf2, 0x52, 0xfd, 0xfd, 0xfd, 0xfd,
    0xff, 0xff, 0xff, 0xff, 0xff, 0xff, 0xff, 0xff, 0xfb, 0xfa, 0xfb, 0xe3, 0xeb, 0xe6, 0xed, 0x2c,
    0x47, 0x70, 0x4c, 0x00, 0x47, 0x70, 0x4c, 0x00, 0x9c, 0x86, 0xa3, 0x02, 0xf1, 0xee, 0xf2, 0x52,
    0xf6, 0xf3, 0xf6, 0x8d, 0xe4, 0xde, 0xe6, 0x18, 0xe8, 0xe3, 0xea, 0x22, 0xf7, 0xf5, 0xf8, 0xab,
    0xfd, 0xfd, 0xfd, 0xfd, 0xff, 0xff, 0xff, 0xff, 0xff, 0xff, 0xff, 0xff, 0xfe, 0xfe, 0xfe, 0xff,
    0xfb, 0xfa, 0xfb, 0xe3, 0xf1, 0xee, 0xf2, 0x60, 0xc8, 0xbb, 0xcc, 0x05, 0x47, 0x70, 0x4c, 0x00,
    0x47, 0x70, 0x4c, 0x00, 0x47, 0x70, 0x4c, 0x00, 0x47, 0x70, 0x4c, 0x00, 0x47, 0x70, 0x4c, 0x00,
    0x47, 0x70, 0x4c, 0x00, 0x47, 0x70, 0x4c, 0x00, 0x47, 0x70, 0x4c, 0x00, 0xed, 0xe9, 0xef, 0x35,
    0xfc, 0xfb, 0xfc, 0xef, 0xff, 0xff, 0xff, 0xff, 0xfd, 0xfd, 0xfd, 0xfd, 0xf3, 0xf0, 0xf4, 0x6d,
    0x47, 0x70, 0x4c, 0x00, 0x47, 0x70, 0x4c, 0x00, 0xe8, 0xe3, 0xea, 0x22, 0xfa, 0xf8, 0xfa, 0xcc,
    0xff, 0xff, 0xff, 0xff, 0xff, 0xff, 0xff, 0xff, 0xfe, 0xfe, 0xfe, 0xff, 0xfa, 0xf9, 0xfb, 0xd7,
    0xf7, 0xf5, 0xf8, 0xab, 0xf6, 0xf4, 0xf7, 0x99, 0xf7, 0xf5, 0xf8, 0xab, 0xfa, 0xf9, 0xfb, 0xd7,
    0xfe, 0xfe, 0xfe, 0xff, 0xff, 0xff, 0xff, 0xff, 0xff, 0xff, 0xff, 0xff, 0xfc, 0xfb, 0xfc, 0xef,
    0xf1, 0xee, 0xf2, 0x60, 0x47, 0x70, 0x4c, 0x00, 0x47, 0x70, 0x4c, 0x00, 0xc8, 0xbb, 0xcc, 0x05,
    0xf6, 0xf4, 0xf7, 0x99, 0xfe, 0xfe, 0xfe, 0xff, 0xff, 0xff, 0xff, 0xff, 0xfb, 0xfa, 0xfb, 0xe3,
    0xed, 0xe9, 0xef, 0x35, 0x47, 0x70, 0x4c, 0x00, 0x47, 0x70, 0x4c, 0x00, 0x47, 0x70, 0x4c, 0x00,
    0x47, 0x70, 0x4c, 0x00, 0xf6, 0xf4, 0xf7, 0x99, 0xfe, 0xfe, 0xfe, 0xff, 0xff, 0xff, 0xff, 0xff,
    0xfd, 0xfc, 0xfd, 0xf7, 0xf1, 0xee, 0xf2, 0x52, 0x47, 0x70, 0x4c, 0x00, 0x47, 0x70, 0x4c, 0x00,
    0x47, 0x70, 0x4c, 0x00, 0x47, 0x70, 0x4c, 0x00, 0x47, 0x70, 0x4c, 0x00, 0x47, 0x70, 0x4c, 0x00,
    0x47, 0x70, 0x4c, 0x00, 0x47, 0x70, 0x4c, 0x00, 0x47, 0x70, 0x4c, 0x00, 0x47, 0x70, 0x4c, 0x00,
    0x47, 0x70, 0x4c, 0x00, 0x47, 0x70, 0x4c, 0x00, 0x47, 0x70, 0x4c, 0x00, 0x47, 0x70, 0x4c, 0x00,
    0x47, 0x70, 0x4c, 0x00, 0x47, 0x70, 0x4c, 0x00, 0x47, 0x70, 0x4c, 0x00, 0x47, 0x70, 0x4c, 0x00,
    0x47, 0x70, 0x4c, 0x00, 0x47, 0x70, 0x4c, 0x00, 0x47, 0x70, 0x4c, 0x00, 0x47, 0x70, 0x4c, 0x00,
    0x47, 0x70, 0x4c, 0x00, 0x47, 0x70, 0x4c, 0x00, 0x47, 0x70, 0x4c, 0x00, 0x47, 0x70, 0x4c, 0x00,
    0x47, 0x70, 0x4c, 0x00, 0x47, 0x70, 0x4c, 0x00, 0x47, 0x70, 0x4c, 0x00, 0x47, 0x70, 0x4c, 0x00,
    0x47, 0x70, 0x4c, 0x00, 0x47, 0x70, 0x4c, 0x00, 0x47, 0x70, 0x4c, 0x00, 0x47, 0x70, 0x4c, 0x00,
    0x47, 0x70, 0x4c, 0x00, 0x47, 0x70, 0x4c, 0x00, 0x47, 0x70, 0x4c, 0x00, 0x47, 0x70, 0x4c, 0x00,
    0x47, 0x70, 0x4c, 0x00, 0x47, 0x70, 0x4c, 0x00, 0x47, 0x70, 0x4c, 0x00, 0x47, 0x70, 0x4c, 0x00,
    0x47, 0x70, 0x4c, 0x00, 0x47, 0x70, 0x4c, 0x00, 0x47, 0x70, 0x4c, 0x00, 0x47, 0x70, 0x4c, 0x00,
    0x47, 0x70, 0x4c, 0x00, 0x47, 0x70, 0x4c, 0x00, 0x47, 0x70, 0x4c, 0x00, 0x47, 0x70, 0x4c, 0x00,
    0x47, 0x70, 0x4c, 0x00, 0x47, 0x70, 0x4c, 0x00, 0x47, 0x70, 0x4c, 0x00, 0x47, 0x70, 0x4c, 0x00,
    0x47, 0x70, 0x4c, 0x00, 0x47, 0x70, 0x4c, 0x00, 0x47, 0x70, 0x4c, 0x00, 0x47, 0x70, 0x4c, 0x00,
    0x47, 0x70, 0x4c, 0x00, 0x47, 0x70, 0x4c, 0x00, 0xe4, 0xde, 0xe6, 0x18, 0xfa, 0xf9, 0xfb, 0xd7,
    0xff, 0xff, 0xff, 0xff, 0xff, 0xff, 0xff, 0xff, 0xfe, 0xfe, 0xfe, 0xff, 0xf8, 0xf6, 0xf9, 0xb6,
    0xe8, 0xe3, 0xea, 0x22, 0x47, 0x70, 0x4c, 0x00, 0x47, 0x70, 0x4c, 0x00, 0x53, 0x3a, 0x5c, 0x01,
    0xc8, 0xbb, 0xcc, 0x05, 0xf1, 0xee, 0xf2, 0x52, 0xfa, 0xf9, 0xfb, 0xd7, 0xfe, 0xfe, 0xfe, 0xff,
    0xff, 0xff, 0xff, 0xff, 0xff, 0xff, 0xff, 0xff, 0xfe, 0xfe, 0xfe, 0xff, 0xf8, 0xf6, 0xf9, 0xb6,
    0xeb, 0xe6, 0xed, 0x2c, 0xd8, 0xce, 0xdb, 0x0a, 0xf4, 0xf1, 0xf5, 0x78, 0xf1, 0xee, 0xf2, 0x52,
    0x47, 0x70, 0x4c, 0x00, 0x47, 0x70, 0x4c, 0x00, 0x47, 0x70, 0x4c, 0x00, 0x47, 0x70, 0x4c, 0x00,
    0x47, 0x70, 0x4c, 0x00, 0x47, 0x70, 0x4c, 0x00, 0x47, 0x70, 0x4c, 0x00, 0xd8, 0xce, 0xdb, 0x0a,
    0xf8, 0xf6, 0xf9, 0xb6, 0xff, 0xff, 0xff, 0xff, 0xff, 0xff, 0xff, 0xff, 0xfa, 0xf8, 0xfa, 0xcc,
    0xe4, 0xde, 0xe6, 0x18, 0x47, 0x70, 0x4c, 0x00, 0x47, 0x70, 0x4c, 0x00, 0xed, 0xe9, 0xef, 0x35,
    0xfa, 0xf8, 0xfa, 0xcc, 0xff, 0xff, 0xff, 0xff, 0xff, 0xff, 0xff, 0xff, 0xff, 0xff, 0xff, 0xff,
    0xff, 0xff, 0xff, 0xff, 0xfe, 0xfe, 0xfe, 0xff, 0xff, 0xff, 0xff, 0xff, 0xff, 0xff, 0xff, 0xff,
    0xff, 0xff, 0xff, 0xff, 0xfe, 0xfe, 0xfe, 0xff, 0xfa, 0xf9, 0xfb, 0xd7, 0xf1, 0xee, 0xf2, 0x52,
    0x47, 0x70, 0x4c, 0x00, 0x47, 0x70, 0x4c, 0x00, 0x47, 0x70, 0x4c, 0x00, 0xf1, 0xee, 0xf2, 0x60,
    0xfd, 0xfc, 0xfd, 0xf7, 0xff, 0xff, 0xff, 0xff, 0xfe, 0xfe, 0xfe, 0xff, 0xf6, 0xf3, 0xf6, 0x8d,
    0x53, 0x3a, 0x5c, 0x01, 0x47, 0x70, 0x4c, 0x00, 0x47, 0x70, 0x4c, 0x00, 0x47, 0x70, 0x4c, 0x00,
    0xe8, 0xe3, 0xea, 0x22, 0xfa, 0xf9, 0xfb, 0xd7, 0xff, 0xff, 0xff, 0xff, 0xff, 0xff, 0xff, 0xff,
    0xfa, 0xf9, 0xfb, 0xd7, 0xe4, 0xde, 0xe6, 0x18, 0x47, 0x70, 0x4c, 0x00, 0x47, 0x70, 0x4c, 0x00,
    0x47, 0x70, 0x4c, 0x00, 0x47, 0x70, 0x4c, 0x00, 0x47, 0x70, 0x4c, 0x00, 0x47, 0x70, 0x4c, 0x00,
    0x47, 0x70, 0x4c, 0x00, 0x47, 0x70, 0x4c, 0x00, 0x47, 0x70, 0x4c, 0x00, 0x47, 0x70, 0x4c, 0x00,
    0x47, 0x70, 0x4c, 0x00, 0x47, 0x70, 0x4c, 0x00, 0x47, 0x70, 0x4c, 0x00, 0x47, 0x70, 0x4c, 0x00,
    0x47, 0x70, 0x4c, 0x00, 0x47, 0x70, 0x4c, 0x00, 0x47, 0x70, 0x4c, 0x00, 0x47, 0x70, 0x4c, 0x00,
    0x47, 0x70, 0x4c, 0x00, 0x47, 0x70, 0x4c, 0x00, 0x47, 0x70, 0x4c, 0x00, 0x47, 0x70, 0x4c, 0x00,
    0x47, 0x70, 0x4c, 0x00, 0x47, 0x70, 0x4c, 0x00, 0x47, 0x70, 0x4c, 0x00, 0x47, 0x70, 0x4c, 0x00,
    0x47, 0x70, 0x4c, 0x00, 0x47, 0x70, 0x4c, 0x00, 0x47, 0x70, 0x4c, 0x00, 0x47, 0x70, 0x4c, 0x00,
    0x47, 0x70, 0x4c, 0x00, 0x47, 0x70, 0x4c, 0x00, 0x47, 0x70, 0x4c, 0x00, 0x47, 0x70, 0x4c, 0x00,
    0x47, 0x70, 0x4c, 0x00, 0x47, 0x70, 0x4c, 0x00, 0x47, 0x70, 0x4c, 0x00, 0x47, 0x70, 0x4c, 0x00,
    0x47, 0x70, 0x4c, 0x00, 0x47, 0x70, 0x4c, 0x00, 0x47, 0x70, 0x4c, 0x00, 0x47, 0x70, 0x4c, 0x00,
    0x47, 0x70, 0x4c, 0x00, 0x47, 0x70, 0x4c, 0x00, 0x47, 0x70, 0x4c, 0x00, 0x47, 0x70, 0x4c, 0x00,
    0x47, 0x70, 0x4c, 0x00, 0x47, 0x70, 0x4c, 0x00, 0x47, 0x70, 0x4c, 0x00, 0x47, 0x70, 0x4c, 0x00,
    0x47, 0x70, 0x4c, 0x00, 0x47, 0x70, 0x4c, 0x00, 0x47, 0x70, 0x4c, 0x00, 0x47, 0x70, 0x4c, 0x00,
    0x47, 0x70, 0x4c, 0x00, 0x47, 0x70, 0x4c, 0x00, 0x47, 0x70, 0x4c, 0x00, 0x47, 0x70, 0x4c, 0x00,
    0x47, 0x70, 0x4c, 0x00, 0x47, 0x70, 0x4c, 0x00, 0x47, 0x70, 0x4c, 0x00, 0xf6, 0xf4, 0xf7, 0x99,
    0xfe, 0xfe, 0xfe, 0xff, 0xff, 0xff, 0xff, 0xff, 0xff, 0xff, 0xff, 0xff, 0xfe, 0xfe, 0xfe, 0xff,
    0xfa, 0xf8, 0xfa, 0xcc, 0xf1, 0xee, 0xf2, 0x60, 0xed, 0xe9, 0xef, 0x35, 0xef, 0xec, 0xf0, 0x4a,
    0xf6, 0xf4, 0xf7, 0x99, 0xfc, 0xfb, 0xfc, 0xef, 0xff, 0xff, 0xff, 0xff, 0xff, 0xff, 0xff, 0xff,
    0xff, 0xff, 0xff, 0xff, 0xfc, 0xfb, 0xfc, 0xef, 0xf4, 0xf2, 0xf5, 0x82, 0xe0, 0xd8, 0xe2, 0x10,
    0xe8, 0xe3, 0xea, 0x22, 0xf8, 0xf6, 0xf9, 0xb6, 0xfe, 0xfe, 0xfe, 0xff, 0xfb, 0xfa, 0xfb, 0xe3,
    0xef, 0xec, 0xf0, 0x4a, 0x47, 0x70, 0x4c, 0x00, 0x47, 0x70, 0x4c, 0x00, 0x47, 0x70, 0x4c, 0x00,
    0x47, 0x70, 0x4c, 0x00, 0x47, 0x70, 0x4c, 0x00, 0x47, 0x70, 0x4c, 0x00, 0x47, 0x70, 0x4c, 0x00,
    0xf1, 0xee, 0xf2, 0x60, 0xfd, 0xfd, 0xfd, 0xfd, 0xff, 0xff, 0xff, 0xff, 0xfe, 0xfe, 0xfe, 0xff,
    0xf4, 0xf2, 0xf5, 0x82, 0x9c, 0x86, 0xa3, 0x02, 0x47, 0x70, 0x4c, 0x00, 0x47, 0x70, 0x4c, 0x00,
    0xeb, 0xe6, 0xed, 0x2c, 0xf7, 0xf5, 0xf7, 0xa2, 0xfc, 0xfb, 0xfc, 0xef, 0xfe, 0xfe, 0xfe, 0xff,
    0xff, 0xff, 0xff, 0xff, 0xff, 0xff, 0xff, 0xff, 0xfe, 0xfe, 0xfe, 0xff, 0xfe, 0xfe, 0xfe, 0xff,
    0xfb, 0xfa, 0xfb, 0xe3, 0xf6, 0xf4, 0xf7, 0x99, 0xeb, 0xe6, 0xed, 0x2c, 0x47, 0x70, 0x4c, 0x00,
    0x47, 0x70, 0x4c, 0x00, 0x47, 0x70, 0x4c, 0x00, 0xef, 0xec, 0xf0, 0x4a, 0xfb, 0xfa, 0xfb, 0xe3,
    0xff, 0xff, 0xff, 0xff, 0xff, 0xff, 0xff, 0xff, 0xfa, 0xf8, 0xfa, 0xcc, 0xe4, 0xde, 0xe6, 0x18,
    0x47, 0x70, 0x4c, 0x00, 0x47, 0x70, 0x4c, 0x00, 0x47, 0x70, 0x4c, 0x00, 0x47, 0x70, 0x4c, 0x00,
    0xf1, 0xee, 0xf2, 0x60, 0xfd, 0xfd, 0xfd, 0xfd, 0xff, 0xff, 0xff, 0xff, 0xfe, 0xfe, 0xfe, 0xff,
    0xf6, 0xf4, 0xf7, 0x99, 0x47, 0x70, 0x4c, 0x00, 0x47, 0x70, 0x4c, 0x00, 0x47, 0x70, 0x4c, 0x00,
    0x47, 0x70, 0x4c, 0x00, 0x47, 0x70, 0x4c, 0x00, 0x47, 0x70, 0x4c, 0x00, 0x47, 0x70, 0x4c, 0x00,
    0x47, 0x70, 0x4c, 0x00, 0x47, 0x70, 0x4c, 0x00, 0x47, 0x70, 0x4c, 0x00, 0x47, 0x70, 0x4c, 0x00,
    0x47, 0x70, 0x4c, 0x00, 0x47, 0x70, 0x4c, 0x00, 0x47, 0x70, 0x4c, 0x00, 0x47, 0x70, 0x4c, 0x00,
    0x47, 0x70, 0x4c, 0x00, 0x47, 0x70, 0x4c, 0x00, 0x47, 0x70, 0x4c, 0x00, 0x47, 0x70, 0x4c, 0x00,
    0x47, 0x70, 0x4c, 0x00, 0x47, 0x70, 0x4c, 0x00, 0x47, 0x70, 0x4c, 0x00, 0x47, 0x70, 0x4c, 0x00,
    0x47, 0x70, 0x4c, 0x00, 0x47, 0x70, 0x4c, 0x00, 0x47, 0x70, 0x4c, 0x00, 0x47, 0x70, 0x4c, 0x00,
    0x47, 0x70, 0x4c, 0x00, 0x47, 0x70, 0x4c, 0x00, 0x47, 0x70, 0x4c, 0x00, 0x47, 0x70, 0x4c, 0x00,
    0x47, 0x70, 0x4c, 0x00, 0x47, 0x70, 0x4c, 0x00, 0x47, 0x70, 0x4c, 0x00, 0x47, 0x70, 0x4c, 0x00,
    0x47, 0x70, 0x4c, 0x00, 0x47, 0x70, 0x4c, 0x00, 0x47, 0x70, 0x4c, 0x00, 0x47, 0x70, 0x4c, 0x00,
    0x47, 0x70, 0x4c, 0x00, 0x47, 0x70, 0x4c, 0x00, 0x47, 0x70, 0x4c, 0x00, 0x47, 0x70, 0x4c, 0x00,
    0x47, 0x70, 0x4c, 0x00, 0x47, 0x70, 0x4c, 0x00, 0x47, 0x70, 0x4c, 0x00, 0x47, 0x70, 0x4c, 0x00,
    0x47, 0x70, 0x4c, 0x00, 0x47, 0x70, 0x4c, 0x00, 0x47, 0x70, 0x4c, 0x00, 0x47, 0x70, 0x4c, 0x00,
    0x47, 0x70, 0x4c, 0x00, 0x47, 0x70, 0x4c, 0x00, 0x47, 0x70, 0x4c, 0x00, 0x47, 0x70, 0x4c, 0x00,
    0x47, 0x70, 0x4c, 0x00, 0x47, 0x70, 0x4c, 0x00, 0x47, 0x70, 0x4c, 0x00, 0x47, 0x70, 0x4c, 0x00,
    0x47, 0x70, 0x4c, 0x00, 0x47, 0x70, 0x4c, 0x00, 0x47, 0x70, 0x4c, 0x00, 0xee, 0xea, 0xef, 0x3f,
    0xfc, 0xfb, 0xfc, 0xef, 0xff, 0xff, 0xff, 0xff, 0xff, 0xff, 0xff, 0xff, 0xff, 0xff, 0xff, 0xff,
    0xff, 0xff, 0xff, 0xff, 0xfd, 0xfd, 0xfd, 0xfd, 0xfc, 0xfb, 0xfc, 0xef, 0xfd, 0xfc, 0xfd, 0xf7,
    0xfe, 0xfe, 0xfe, 0xff, 0xff, 0xff, 0xff, 0xff, 0xff, 0xff, 0xff, 0xff, 0xfe, 0xfe, 0xfe, 0xff,
    0xfa, 0xf8, 0xfa, 0xcc, 0xef, 0xec, 0xf0, 0x4a, 0x53, 0x3a, 0x5c, 0x01, 0x47, 0x70, 0x4c, 0x00,
    0xee, 0xea, 0xef, 0x3f, 0xfc, 0xfb, 0xfc, 0xef, 0xff, 0xff, 0xff, 0xff, 0xff, 0xff, 0xff, 0xff,
    0xfb, 0xfa, 0xfb, 0xe3, 0xef, 0xec, 0xf0, 0x4a, 0x47, 0x70, 0x4c, 0x00, 0x47, 0x70, 0x4c, 0x00,
    0x47, 0x70, 0x4c, 0x00, 0x47, 0x70, 0x4c, 0x00, 0x47, 0x70, 0x4c, 0x00, 0x47, 0x70, 0x4c, 0x00,
    0xd8, 0xce, 0xdb, 0x0a, 0xf8, 0xf6, 0xf9, 0xb6, 0xfe, 0xfe, 0xfe, 0xff, 0xff, 0xff, 0xff, 0xff,
    0xfd, 0xfc, 0xfd, 0xf7, 0xf3, 0xf0, 0xf4, 0x6d, 0x9c, 0x86, 0xa3, 0x02, 0x47, 0x70, 0x4c, 0x00,
    0x47, 0x70, 0x4c, 0x00, 0xc8, 0xbb, 0xcc, 0x05, 0xed, 0xe9, 0xef, 0x35, 0xf4, 0xf1, 0xf5, 0x78,
    0xf6, 0xf4, 0xf7, 0x99, 0xf7, 0xf5, 0xf8, 0xab, 0xf6, 0xf3, 0xf6, 0x8d, 0xf1, 0xee, 0xf2, 0x60,
    0xeb, 0xe6, 0xed, 0x2c, 0x9c, 0x86, 0xa3, 0x02, 0x47, 0x70, 0x4c, 0x00, 0x47, 0x70, 0x4c, 0x00,
    0x47, 0x70, 0x4c, 0x00, 0xf1, 0xee, 0xf2, 0x52, 0xfb, 0xfa, 0xfb, 0xe3, 0xff, 0xff, 0xff, 0xff,
    0xff, 0xff, 0xff, 0xff, 0xfb, 0xfa, 0xfb, 0xe3, 0xef, 0xec, 0xf0, 0x4a, 0x47, 0x70, 0x4c, 0x00,
    0x47, 0x70, 0x4c, 0x00, 0x47, 0x70, 0x4c, 0x00, 0x47, 0x70, 0x4c, 0x00, 0xe0, 0xd8, 0xe2, 0x10,
    0xf9, 0xf7, 0xf9, 0xc1, 0xff, 0xff, 0xff, 0xff, 0xff, 0xff, 0xff, 0xff, 0xfd, 0xfc, 0xfd, 0xf7,
    0xef, 0xec, 0xf0, 0x4a, 0x47, 0x70, 0x4c, 0x00, 0x47, 0x70, 0x4c, 0x00, 0x47, 0x70, 0x4c, 0x00,
    0x47, 0x70, 0x4c, 0x00, 0x47, 0x70, 0x4c, 0x00, 0x47, 0x70, 0x4c, 0x00, 0x47, 0x70, 0x4c, 0x00,
    0x47, 0x70, 0x4c, 0x00, 0x47, 0x70, 0x4c, 0x00, 0x47, 0x70, 0x4c, 0x00, 0x47, 0x70, 0x4c, 0x00,
    0x47, 0x70, 0x4c, 0x00, 0x47, 0x70, 0x4c, 0x00, 0x47, 0x70, 0x4c, 0x00, 0x47, 0x70, 0x4c, 0x00,
    0x47, 0x70, 0x4c, 0x00, 0x47, 0x70, 0x4c, 0x00, 0x47, 0x70, 0x4c, 0x00, 0x47, 0x70, 0x4c, 0x00,
    0x47, 0x70, 0x4c, 0x00, 0x47, 0x70, 0x4c, 0x00, 0x47, 0x70, 0x4c, 0x00, 0x47, 0x70, 0x4c, 0x00,
    0x47, 0x70, 0x4c, 0x00, 0x47, 0x70, 0x4c, 0x00, 0x47, 0x70, 0x4c, 0x00, 0x47, 0x70, 0x4c, 0x00,
    0x47, 0x70, 0x4c, 0x00, 0x47, 0x70, 0x4c, 0x00, 0x47, 0x70, 0x4c, 0x00, 0x47, 0x70, 0x4c, 0x00,
    0x47, 0x70, 0x4c, 0x00, 0x47, 0x70, 0x4c, 0x00, 0x47, 0x70, 0x4c, 0x00, 0x47, 0x70, 0x4c, 0x00,
    0x47, 0x70, 0x4c, 0x00, 0x47, 0x70, 0x4c, 0x00, 0x47, 0x70, 0x4c, 0x00, 0x47, 0x70, 0x4c, 0x00,
    0x47, 0x70, 0x4c, 0x00, 0x47, 0x70, 0x4c, 0x00, 0x47, 0x70, 0x4c, 0x00, 0x47, 0x70, 0x4c, 0x00,
    0x47, 0x70, 0x4c, 0x00, 0x47, 0x70, 0x4c, 0x00, 0x47, 0x70, 0x4c, 0x00, 0x47, 0x70, 0x4c, 0x00,
    0x47, 0x70, 0x4c, 0x00, 0x47, 0x70, 0x4c, 0x00, 0x47, 0x70, 0x4c, 0x00, 0x47, 0x70, 0x4c, 0x00,
    0x47, 0x70, 0x4c, 0x00, 0x47, 0x70, 0x4c, 0x00, 0x47, 0x70, 0x4c, 0x00, 0x47, 0x70, 0x4c, 0x00,
    0x47, 0x70, 0x4c, 0x00, 0x47, 0x70, 0x4c, 0x00, 0x47, 0x70, 0x4c, 0x00, 0x47, 0x70, 0x4c, 0x00,
    0x47, 0x70, 0x4c, 0x00, 0x47, 0x70, 0x4c, 0x00, 0x47, 0x70, 0x4c, 0x00, 0xd8, 0xce, 0xdb, 0x0a,
    0xf8, 0xf6, 0xf9, 0xb6, 0xff, 0xff, 0xff, 0xff, 0xff, 0xff, 0xff, 0xff, 0xff, 0xff, 0xff, 0xff,
    0xff, 0xff, 0xff, 0xff, 0xff, 0xff, 0xff, 0xff, 0xff, 0xff, 0xff, 0xff, 0xff, 0xff, 0xff, 0xff,
    0xff, 0xff, 0xff, 0xff, 0xff, 0xff, 0xff, 0xff, 0xfd, 0xfc, 0xfd, 0xf7, 0xf6, 0xf4, 0xf7, 0x99,
    0xe4, 0xde, 0xe6, 0x18, 0xd8, 0xce, 0xdb, 0x0a, 0x9c, 0x86, 0xa3, 0x02, 0x47, 0x70, 0x4c, 0x00,
    0x47, 0x70, 0x4c, 0x00, 0xf1, 0xee, 0xf2, 0x60, 0xfc, 0xfb, 0xfc, 0xef, 0xff, 0xff, 0xff, 0xff,
    0xff, 0xff, 0xff, 0xff, 0xfc, 0xfb, 0xfc, 0xef, 0xf3, 0xf0, 0xf4, 0x6d, 0xd8, 0xce, 0xdb, 0x0a,
    0x47, 0x70, 0x4c, 0x00, 0x47, 0x70, 0x4c, 0x00, 0x47, 0x70, 0x4c, 0x00, 0x47, 0x70, 0x4c, 0x00,
    0x47, 0x70, 0x4c, 0x00, 0xed, 0xe9, 0xef, 0x35, 0xfa, 0xf9, 0xfb, 0xd7, 0xff, 0xff, 0xff, 0xff,
    0xff, 0xff, 0xff, 0xff, 0xfd, 0xfc, 0xfd, 0xf7, 0xf4, 0xf2, 0xf5, 0x82, 0xe0, 0xd8, 0xe2, 0x10,
    0x47, 0x70, 0x4c, 0x00, 0x47, 0x70, 0x4c, 0x00, 0x47, 0x70, 0x4c, 0x00, 0x47, 0x70, 0x4c, 0x00,
    0x47, 0x70, 0x4c, 0x00, 0x9c, 0x86, 0xa3, 0x02, 0x47, 0x70, 0x4c, 0x00, 0x9c, 0x86, 0xa3, 0x02,
    0x47, 0x70, 0x4c, 0x00, 0x47, 0x70, 0x4c, 0x00, 0x47, 0x70, 0x4c, 0x00, 0xe4, 0xde, 0xe6, 0x18,
    0xf4, 0xf2, 0xf5, 0x82, 0xfc, 0xfb, 0xfc, 0xef, 0xff, 0xff, 0xff, 0xff, 0xff, 0xff, 0xff, 0xff,
    0xfc, 0xfb, 0xfc, 0xef, 0xf1, 0xee, 0xf2, 0x60, 0x47, 0x70, 0x4c, 0x00, 0x47, 0x70, 0x4c, 0x00,
    0x47, 0x70, 0x4c, 0x00, 0x47, 0x70, 0x4c, 0x00, 0x47, 0x70, 0x4c, 0x00, 0xf1, 0xee, 0xf2, 0x52,
    0xfd, 0xfc, 0xfd, 0xf7, 0xff, 0xff, 0xff, 0xff, 0xff, 0xff, 0xff, 0xff, 0xf9, 0xf7, 0xf9, 0xc1,
    0xd8, 0xce, 0xdb, 0x0a, 0x47, 0x70, 0x4c, 0x00, 0x47, 0x70, 0x4c, 0x00, 0x47, 0x70, 0x4c, 0x00,
    0x47, 0x70, 0x4c, 0x00, 0x47, 0x70, 0x4c, 0x00, 0x47, 0x70, 0x4c, 0x00, 0x47, 0x70, 0x4c, 0x00,
    0x47, 0x70, 0x4c, 0x00, 0x47, 0x70, 0x4c, 0x00, 0x47, 0x70, 0x4c, 0x00, 0x47, 0x70, 0x4c, 0x00,
    0x47, 0x70, 0x4c, 0x00, 0x47, 0x70, 0x4c, 0x00, 0x47, 0x70, 0x4c, 0x00, 0x47, 0x70, 0x4c, 0x00,
    0x47, 0x70, 0x4c, 0x00, 0x47, 0x70, 0x4c, 0x00, 0x47, 0x70, 0x4c, 0x00, 0x47, 0x70, 0x4c, 0x00,
    0x47, 0x70, 0x4c, 0x00, 0x47, 0x70, 0x4c, 0x00, 0x47, 0x70, 0x4c, 0x00, 0x47, 0x70, 0x4c, 0x00,
    0x47, 0x70, 0x4c, 0x00, 0x47, 0x70, 0x4c, 0x00, 0x47, 0x70, 0x4c, 0x00, 0x47, 0x70, 0x4c, 0x00,
    0x47, 0x70, 0x4c, 0x00, 0x47, 0x70, 0x4c, 0x00, 0x47, 0x70, 0x4c, 0x00, 0x47, 0x70, 0x4c, 0x00,
    0x47, 0x70, 0x4c, 0x00, 0x47, 0x70, 0x4c, 0x00, 0x47, 0x70, 0x4c, 0x00, 0x47, 0x70, 0x4c, 0x00,
    0x47, 0x70, 0x4c, 0x00, 0x47, 0x70, 0x4c, 0x00, 0x47, 0x70, 0x4c, 0x00, 0x47, 0x70, 0x4c, 0x00,
    0x47, 0x70, 0x4c, 0x00, 0x47, 0x70, 0x4c, 0x00, 0x47, 0x70, 0x4c, 0x00, 0x47, 0x70, 0x4c, 0x00,
    0x47, 0x70, 0x4c, 0x00, 0x47, 0x70, 0x4c, 0x00, 0x47, 0x70, 0x4c, 0x00, 0x47, 0x70, 0x4c, 0x00,
    0x47, 0x70, 0x4c, 0x00, 0x47, 0x70, 0x4c, 0x00, 0x47, 0x70, 0x4c, 0x00, 0x47, 0x70, 0x4c, 0x00,
    0x47, 0x70, 0x4c, 0x00, 0x47, 0x70, 0x4c, 0x00, 0x47, 0x70, 0x4c, 0x00, 0x47, 0x70, 0x4c, 0x00,
    0x47, 0x70, 0x4c, 0x00, 0x47, 0x70, 0x4c, 0x00, 0x47, 0x70, 0x4c, 0x00, 0x47, 0x70, 0x4c, 0x00,
    0x47, 0x70, 0x4c, 0x00, 0x47, 0x70, 0x4c, 0x00, 0x47, 0x70, 0x4c, 0x00, 0x47, 0x70, 0x4c, 0x00,
    0xf1, 0xee, 0xf2, 0x52, 0xfd, 0xfc, 0xfd, 0xf7, 0xff, 0xff, 0xff, 0xff, 0xff, 0xff, 0xff, 0xff,
    0xff, 0xff, 0xff, 0xff, 0xfd, 0xfd, 0xfd, 0xfd, 0xfd, 0xfd, 0xfd, 0xfd, 0xfd, 0xfd, 0xfd, 0xfd,
    0xfc, 0xfb, 0xfc, 0xef, 0xf9, 0xf7, 0xf9, 0xc1, 0xf1, 0xee, 0xf2, 0x52, 0xc8, 0xbb, 0xcc, 0x05,
    0xef, 0xec, 0xf0, 0x4a, 0xf9, 0xf7, 0xf9, 0xc1, 0xf1, 0xee, 0xf2, 0x52, 0x47, 0x70, 0x4c, 0x00,
    0x47, 0x70, 0x4c, 0x00, 0x53, 0x3a, 0x5c, 0x01, 0xf3, 0xf0, 0xf4, 0x6d, 0xfc, 0xfb, 0xfc, 0xef,
    0xff, 0xff, 0xff, 0xff, 0xff, 0xff, 0xff, 0xff, 0xfd, 0xfd, 0xfd, 0xfd, 0xf7, 0xf5, 0xf7, 0xa2,
    0xed, 0xe9, 0xef, 0x35, 0x53, 0x3a, 0x5c, 0x01, 0x47, 0x70, 0x4c, 0x00, 0x47, 0x70, 0x4c, 0x00,
    0x47, 0x70, 0x4c, 0x00, 0x47, 0x70, 0x4c, 0x00, 0xef, 0xec, 0xf0, 0x4a, 0xfb, 0xfa, 0xfb, 0xe3,
    0xff, 0xff, 0xff, 0xff, 0xff, 0xff, 0xff, 0xff, 0xfd, 0xfd, 0xfd, 0xfd, 0xf9, 0xf7, 0xf9, 0xc1,
    0xef, 0xec, 0xf0, 0x4a, 0xe0, 0xd8, 0xe2, 0x10, 0x47, 0x70, 0x4c, 0x00, 0x47, 0x70, 0x4c, 0x00,
    0x47, 0x70, 0x4c, 0x00, 0x47, 0x70, 0x4c, 0x00, 0x47, 0x70, 0x4c, 0x00, 0x47, 0x70, 0x4c, 0x00,
    0x47, 0x70, 0x4c, 0x00, 0xe0, 0xd8, 0xe2, 0x10, 0xf1, 0xee, 0xf2, 0x52, 0xf9, 0xf7, 0xf9, 0xc1,
    0xfd, 0xfd, 0xfd, 0xfd, 0xff, 0xff, 0xff, 0xff, 0xff, 0xff, 0xff, 0xff, 0xfc, 0xfb, 0xfc, 0xef,
    0xf3, 0xf0, 0xf4, 0x6d, 0x9c, 0x86, 0xa3, 0x02, 0x47, 0x70, 0x4c, 0x00, 0x47, 0x70, 0x4c, 0x00,
    0x47, 0x70, 0x4c, 0x00, 0x47, 0x70, 0x4c, 0x00, 0xe0, 0xd8, 0xe2, 0x10, 0xf9, 0xf7, 0xf9, 0xc1,
    0xff, 0xff, 0xff, 0xff, 0xff, 0xff, 0xff, 0xff, 0xfd, 0xfd, 0xfd, 0xfd, 0xf1, 0xee, 0xf2, 0x60,
    0x47, 0x70, 0x4c, 0x00, 0x47, 0x70, 0x4c, 0x00, 0x47, 0x70, 0x4c, 0x00, 0x47, 0x70, 0x4c, 0x00,
    0x47, 0x70, 0x4c, 0x00, 0x47, 0x70, 0x4c, 0x00, 0x47, 0x70, 0x4c, 0x00, 0x47, 0x70, 0x4c, 0x00,
    0x47, 0x70, 0x4c, 0x00, 0x47, 0x70, 0x4c, 0x00, 0x47, 0x70, 0x4c, 0x00, 0x47, 0x70, 0x4c, 0x00,
    0x47, 0x70, 0x4c, 0x00, 0x47, 0x70, 0x4c, 0x00, 0x47, 0x70, 0x4c, 0x00, 0x47, 0x70, 0x4c, 0x00,
    0x47, 0x70, 0x4c, 0x00, 0x47, 0x70, 0x4c, 0x00, 0x47, 0x70, 0x4c, 0x00, 0x47, 0x70, 0x4c, 0x00,
    0x47, 0x70, 0x4c, 0x00, 0x47, 0x70, 0x4c, 0x00, 0x47, 0x70, 0x4c, 0x00, 0x47, 0x70, 0x4c, 0x00,
    0x47, 0x70, 0x4c, 0x00, 0x47, 0x70, 0x4c, 0x00, 0x47, 0x70, 0x4c, 0x00, 0x47, 0x70, 0x4c, 0x00,
    0x47, 0x70, 0x4c, 0x00, 0x47, 0x70, 0x4c, 0x00, 0x47, 0x70, 0x4c, 0x00, 0x47, 0x70, 0x4c, 0x00,
    0x47, 0x70, 0x4c, 0x00, 0x47, 0x70, 0x4c, 0x00, 0x47, 0x70, 0x4c, 0x00, 0x47, 0x70, 0x4c, 0x00,
    0x47, 0x70, 0x4c, 0x00, 0x47, 0x70, 0x4c, 0x00, 0x47, 0x70, 0x4c, 0x00, 0x47, 0x70, 0x4c, 0x00,
    0x47, 0x70, 0x4c, 0x00, 0x47, 0x70, 0x4c, 0x00, 0x47, 0x70, 0x4c, 0x00, 0x47, 0x70, 0x4c, 0x00,
    0x47, 0x70, 0x4c, 0x00, 0x47, 0x70, 0x4c, 0x00, 0x47, 0x70, 0x4c, 0x00, 0x47, 0x70, 0x4c, 0x00,
    0x47, 0x70, 0x4c, 0x00, 0x47, 0x70, 0x4c, 0x00, 0x47, 0x70, 0x4c, 0x00, 0x47, 0x70, 0x4c, 0x00,
    0x47, 0x70, 0x4c, 0x00, 0x47, 0x70, 0x4c, 0x00, 0x47, 0x70, 0x4c, 0x00, 0x47, 0x70, 0x4c, 0x00,
    0x47, 0x70, 0x4c, 0x00, 0x47, 0x70, 0x4c, 0x00, 0x47, 0x70, 0x4c, 0x00, 0x47, 0x70, 0x4c, 0x00,
    0x47, 0x70, 0x4c, 0x00, 0x47, 0x70, 0x4c, 0x00, 0x47, 0x70, 0x4c, 0x00, 0x47, 0x70, 0x4c, 0x00,
    0xe0, 0xd8, 0xe2, 0x10, 0xf9, 0xf7, 0xf9, 0xc1, 0xff, 0xff, 0xff, 0xff, 0xff, 0xff, 0xff, 0xff,
    0xfe, 0xfe, 0xfe, 0xff, 0xf7, 0xf5, 0xf8, 0xab, 0xf1, 0xee, 0xf2, 0x52, 0xf1, 0xee, 0xf2, 0x52,
    0xed, 0xe9, 0xef, 0x35, 0xe0, 0xd8, 0xe2, 0x10, 0x47, 0x70, 0x4c, 0x00, 0xf3, 0xf0, 0xf4, 0x6d,
    0xfc, 0xfb, 0xfc, 0xef, 0xff, 0xff, 0xff, 0xff, 0xfb, 0xfa, 0xfb, 0xe3, 0xee, 0xea, 0xef, 0x3f,
    0x47, 0x70, 0x4c, 0x00, 0x47, 0x70, 0x4c, 0x00, 0x47, 0x70, 0x4c, 0x00, 0xf1, 0xee, 0xf2, 0x52,
    0xfb, 0xfa, 0xfb, 0xe3, 0xfe, 0xfe, 0xfe, 0xff, 0xff, 0xff, 0xff, 0xff, 0xfe, 0xfe, 0xfe, 0xff,
    0xfb, 0xfa, 0xfb, 0xe3, 0xf6, 0xf3, 0xf6, 0x8d, 0xed, 0xe9, 0xef, 0x35, 0xd8, 0xce, 0xdb, 0x0a,
    0x47, 0x70, 0x4c, 0x00, 0x47, 0x70, 0x4c, 0x00, 0x47, 0x70, 0x4c, 0x00, 0xef, 0xec, 0xf0, 0x4a,
    0xfa, 0xf9, 0xfb, 0xd7, 0xfe, 0xfe, 0xfe, 0xff, 0xff, 0xff, 0xff, 0xff, 0xff, 0xff, 0xff, 0xff,
    0xfd, 0xfc, 0xfd, 0xf7, 0xf9, 0xf7, 0xf9, 0xc1, 0xf4, 0xf2, 0xf5, 0x82, 0xf1, 0xee, 0xf2, 0x52,
    0xed, 0xe9, 0xef, 0x35, 0xeb, 0xe6, 0xed, 0x2c, 0xeb, 0xe6, 0xed, 0x2c, 0xef, 0xec, 0xf0, 0x4a,
    0xf4, 0xf2, 0xf5, 0x82, 0xfa, 0xf8, 0xfa, 0xcc, 0xfd, 0xfc, 0xfd, 0xf7, 0xff, 0xff, 0xff, 0xff,
    0xff, 0xff, 0xff, 0xff, 0xfe, 0xfe, 0xfe, 0xff, 0xfa, 0xf9, 0xfb, 0xd7, 0xef, 0xec, 0xf0, 0x4a,
    0x47, 0x70, 0x4c, 0x00, 0x47, 0x70, 0x4c, 0x00, 0x47, 0x70, 0x4c, 0x00, 0x47, 0x70, 0x4c, 0x00,
    0x47, 0x70, 0x4c, 0x00, 0x47, 0x70, 0x4c, 0x00, 0xf3, 0xf0, 0xf4, 0x6d, 0xfd, 0xfd, 0xfd, 0xfd,
    0xff, 0xff, 0xff, 0xff, 0xff, 0xff, 0xff, 0xff, 0xf9, 0xf7, 0xf9, 0xc1, 0xe0, 0xd8, 0xe2, 0x10,
    0x47, 0x70, 0x4c, 0x00, 0x47, 0x70, 0x4c, 0x00, 0x47, 0x70, 0x4c, 0x00, 0x47, 0x70, 0x4c, 0x00,
    0x47, 0x70, 0x4c, 0x00, 0x47, 0x70, 0x4c, 0x00, 0x47, 0x70, 0x4c, 0x00, 0x47, 0x70, 0x4c, 0x00,
    0x47, 0x70, 0x4c, 0x00, 0x47, 0x70, 0x4c, 0x00, 0x47, 0x70, 0x4c, 0x00, 0x47, 0x70, 0x4c, 0x00,
    0x47, 0x70, 0x4c, 0x00, 0x47, 0x70, 0x4c, 0x00, 0x47, 0x70, 0x4c, 0x00, 0x47, 0x70, 0x4c, 0x00,
    0x47, 0x70, 0x4c, 0x00, 0x47, 0x70, 0x4c, 0x00, 0x47, 0x70, 0x4c, 0x00, 0x47, 0x70, 0x4c, 0x00,
    0x47, 0x70, 0x4c, 0x00, 0x47, 0x70, 0x4c, 0x00, 0x47, 0x70, 0x4c, 0x00, 0x47, 0x70, 0x4c, 0x00,
    0x47, 0x70, 0x4c, 0x00, 0x47, 0x70, 0x4c, 0x00, 0x47, 0x70, 0x4c, 0x00, 0x47, 0x70, 0x4c, 0x00,
    0x47, 0x70, 0x4c, 0x00, 0x47, 0x70, 0x4c, 0x00, 0x47, 0x70, 0x4c, 0x00, 0x47, 0x70, 0x4c, 0x00,
    0x47, 0x70, 0x4c, 0x00, 0x47, 0x70, 0x4c, 0x00, 0x47, 0x70, 0x4c, 0x00, 0x47, 0x70, 0x4c, 0x00,
    0x47, 0x70, 0x4c, 0x00, 0x47, 0x70, 0x4c, 0x00, 0x47, 0x70, 0x4c, 0x00, 0x47, 0x70, 0x4c, 0x00,
    0x47, 0x70, 0x4c, 0x00, 0x47, 0x70, 0x4c, 0x00, 0x47, 0x70, 0x4c, 0x00, 0x47, 0x70, 0x4c, 0x00,
    0x47, 0x70, 0x4c, 0x00, 0x47, 0x70, 0x4c, 0x00, 0x47, 0x70, 0x4c, 0x00, 0x47, 0x70, 0x4c, 0x00,
    0x47, 0x70, 0x4c, 0x00, 0x47, 0x70, 0x4c, 0x00, 0x47, 0x70, 0x4c, 0x00, 0x47, 0x70, 0x4c, 0x00,
    0x47, 0x70, 0x4c, 0x00, 0x47, 0x70, 0x4c, 0x00, 0x47, 0x70, 0x4c, 0x00, 0x47, 0x70, 0x4c, 0x00,
    0x47, 0x70, 0x4c, 0x00, 0x47, 0x70, 0x4c, 0x00, 0x47, 0x70, 0x4c, 0x00, 0x47, 0x70, 0x4c, 0x00,
    0x47, 0x70, 0x4c, 0x00, 0x47, 0x70, 0x4c, 0x00, 0x47, 0x70, 0x4c, 0x00, 0x47, 0x70, 0x4c, 0x00,
    0x47, 0x70, 0x4c, 0x00, 0xef, 0xec, 0xf0, 0x4a, 0xfd, 0xfc, 0xfd, 0xf7, 0xff, 0xff, 0xff, 0xff,
    0xff, 0xff, 0xff, 0xff, 0xfb, 0xfa, 0xfb, 0xe3, 0xeb, 0xe6, 0xed, 0x2c, 0x47, 0x70, 0x4c, 0x00,
    0x47, 0x70, 0x4c, 0x00, 0x47, 0x70, 0x4c, 0x00, 0x47, 0x70, 0x4c, 0x00, 0xf1, 0xee, 0xf2, 0x52,
    0xfc, 0xfb, 0xfc, 0xef, 0xff, 0xff, 0xff, 0xff, 0xff, 0xff, 0xff, 0xff, 0xfa, 0xf9, 0xfb, 0xd7,
    0xed, 0xe9, 0xef, 0x35, 0x47, 0x70, 0x4c, 0x00, 0x47, 0x70, 0x4c, 0x00, 0x47, 0x70, 0x4c, 0x00,
    0xed, 0xe9, 0xef, 0x35, 0xf8, 0xf6, 0xf9, 0xb6, 0xfd, 0xfd, 0xfd, 0xfd, 0xff, 0xff, 0xff, 0xff,
    0xff, 0xff, 0xff, 0xff, 0xfe, 0xfe, 0xfe, 0xff, 0xfc, 0xfb, 0xfc, 0xef, 0xf9, 0xf7, 0xf9, 0xc1,
    0xf4, 0xf2, 0xf5, 0x82, 0xf1, 0xee, 0xf2, 0x52, 0xed, 0xe9, 0xef, 0x35, 0xd8, 0xce, 0xdb, 0x0a,
    0xeb, 0xe6, 0xed, 0x2c, 0xf7, 0xf5, 0xf8, 0xab, 0xfd, 0xfc, 0xfd, 0xf7, 0xff, 0xff, 0xff, 0xff,
    0xff, 0xff, 0xff, 0xff, 0xff, 0xff, 0xff, 0xff, 0xfe, 0xfe, 0xfe, 0xff, 0xfd, 0xfd, 0xfd, 0xfd,
    0xfc, 0xfb, 0xfc, 0xef, 0xfb, 0xfa, 0xfb, 0xe3, 0xfc, 0xfb, 0xfc, 0xef, 0xfd, 0xfc, 0xfd, 0xf7,
    0xfe, 0xfe, 0xfe, 0xff, 0xff, 0xff, 0xff, 0xff, 0xff, 0xff, 0xff, 0xff, 0xff, 0xff, 0xff, 0xff,
    0xfd, 0xfc, 0xfd, 0xf7, 0xf7, 0xf5, 0xf7, 0xa2, 0xe8, 0xe3, 0xea, 0x22, 0x47, 0x70, 0x4c, 0x00,
    0x47, 0x70, 0x4c, 0x00, 0x47, 0x70, 0x4c, 0x00, 0x47, 0x70, 0x4c, 0x00, 0x47, 0x70, 0x4c, 0x00,
    0x47, 0x70, 0x4c, 0x00, 0xeb, 0xe6, 0xed, 0x2c, 0xfb, 0xfa, 0xfb, 0xe3, 0xff, 0xff, 0xff, 0xff,
    0xff, 0xff, 0xff, 0xff, 0xfd, 0xfc, 0xfd, 0xf7, 0xf1, 0xee, 0xf2, 0x52, 0x47, 0x70, 0x4c, 0x00,
    0x47, 0x70, 0x4c, 0x00, 0x47, 0x70, 0x4c, 0x00, 0x47, 0x70, 0x4c, 0x00, 0x47, 0x70, 0x4c, 0x00,
    0x47, 0x70, 0x4c, 0x00, 0x47, 0x70, 0x4c, 0x00, 0x47, 0x70, 0x4c, 0x00, 0x47, 0x70, 0x4c, 0x00,
    0x47, 0x70, 0x4c, 0x00, 0x47, 0x70, 0x4c, 0x00, 0x47, 0x70, 0x4c, 0x00, 0x47, 0x70, 0x4c, 0x00,
    0x47, 0x70, 0x4c, 0x00, 0x47, 0x70, 0x4c, 0x00, 0x47, 0x70, 0x4c, 0x00, 0x47, 0x70, 0x4c, 0x00,
    0x47, 0x70, 0x4c, 0x00, 0x47, 0x70, 0x4c, 0x00, 0x47, 0x70, 0x4c, 0x00, 0x47, 0x70, 0x4c, 0x00,
    0x47, 0x70, 0x4c, 0x00, 0x47, 0x70, 0x4c, 0x00, 0x47, 0x70, 0x4c, 0x00, 0x47, 0x70, 0x4c, 0x00,
    0x47, 0x70, 0x4c, 0x00, 0x47, 0x70, 0x4c, 0x00, 0x47, 0x70, 0x4c, 0x00, 0x47, 0x70, 0x4c, 0x00,
    0x47, 0x70, 0x4c, 0x00, 0x47, 0x70, 0x4c, 0x00, 0x47, 0x70, 0x4c, 0x00, 0x47, 0x70, 0x4c, 0x00,
    0x47, 0x70, 0x4c, 0x00, 0x47, 0x70, 0x4c, 0x00, 0x47, 0x70, 0x4c, 0x00, 0x47, 0x70, 0x4c, 0x00,
    0x47, 0x70, 0x4c, 0x00, 0x47, 0x70, 0x4c, 0x00, 0x47, 0x70, 0x4c, 0x00, 0x47, 0x70, 0x4c, 0x00,
    0x47, 0x70, 0x4c, 0x00, 0x47, 0x70, 0x4c, 0x00, 0x47, 0x70, 0x4c, 0x00, 0x47, 0x70, 0x4c, 0x00,
    0x47, 0x70, 0x4c, 0x00, 0x47, 0x70, 0x4c, 0x00, 0x47, 0x70, 0x4c, 0x00, 0x47, 0x70, 0x4c, 0x00,
    0x47, 0x70, 0x4c, 0x00, 0x47, 0x70, 0x4c, 0x00, 0x47, 0x70, 0x4c, 0x00, 0x47, 0x70, 0x4c, 0x00,
    0x47, 0x70, 0x4c, 0x00, 0x47, 0x70, 0x4c, 0x00, 0x47, 0x70, 0x4c, 0x00, 0x47, 0x70, 0x4c, 0x00,
    0x47, 0x70, 0x4c, 0x00, 0x47, 0x70, 0x4c, 0x00, 0x47, 0x70, 0x4c, 0x00, 0x47, 0x70, 0x4c, 0x00,
    0x47, 0x70, 0x4c, 0x00, 0x47, 0x70, 0x4c, 0x00, 0x47, 0x70, 0x4c, 0x00, 0x47, 0x70, 0x4c, 0x00,
    0x47, 0x70, 0x4c, 0x00, 0xc8, 0xbb, 0xcc, 0x05, 0xf7, 0xf5, 0xf7, 0xa2, 0xfe, 0xfe, 0xfe, 0xff,
    0xff, 0xff, 0xff, 0xff, 0xfe, 0xfe, 0xfe, 0xff, 0xf7, 0xf5, 0xf8, 0xab, 0xd8, 0xce, 0xdb, 0x0a,
    0x47, 0x70, 0x4c, 0x00, 0x47, 0x70, 0x4c, 0x00, 0x47, 0x70, 0x4c, 0x00, 0x53, 0x3a, 0x5c, 0x01,
    0xf3, 0xf0, 0xf4, 0x6d, 0xfd, 0xfc, 0xfd, 0xf7, 0xff, 0xff, 0xff, 0xff, 0xff, 0xff, 0xff, 0xff,
    0xfa, 0xf9, 0xfb, 0xd7, 0xef, 0xec, 0xf0, 0x4a, 0x47, 0x70, 0x4c, 0x00, 0x47, 0x70, 0x4c, 0x00,
    0x47, 0x70, 0x4c, 0x00, 0xe0, 0xd8, 0xe2, 0x10, 0xf3, 0xf0, 0xf4, 0x6d, 0xfa, 0xf9, 0xfb, 0xd7,
    0xfe, 0xfe, 0xfe, 0xff, 0xff, 0xff, 0xff, 0xff, 0xff, 0xff, 0xff, 0xff, 0xff, 0xff, 0xff, 0xff,
    0xfe, 0xfe, 0xfe, 0xff, 0xfd, 0xfd, 0xfd, 0xfd, 0xfc, 0xfb, 0xfc, 0xef, 0xf7, 0xf5, 0xf8, 0xab,
    0xeb, 0xe6, 0xed, 0x2c, 0xc8, 0xbb, 0xcc, 0x05, 0xf1, 0xee, 0xf2, 0x52, 0xf9, 0xf7, 0xf9, 0xc1,
    0xfd, 0xfc, 0xfd, 0xf7, 0xff, 0xff, 0xff, 0xff, 0xff, 0xff, 0xff, 0xff, 0xff, 0xff, 0xff, 0xff,
    0xff, 0xff, 0xff, 0xff, 0xff, 0xff, 0xff, 0xff, 0xff, 0xff, 0xff, 0xff, 0xff, 0xff, 0xff, 0xff,
    0xff, 0xff, 0xff, 0xff, 0xfe, 0xfe, 0xfe, 0xff, 0xfc, 0xfb, 0xfc, 0xef, 0xf7, 0xf5, 0xf8, 0xab,
    0xef, 0xec, 0xf0, 0x4a, 0xd8, 0xce, 0xdb, 0x0a, 0xeb, 0xe6, 0xed, 0x2c, 0xe4, 0xde, 0xe6, 0x18,
    0x47, 0x70, 0x4c, 0x00, 0x47, 0x70, 0x4c, 0x00, 0x47, 0x70, 0x4c, 0x00, 0x47, 0x70, 0x4c, 0x00,
    0xe0, 0xd8, 0xe2, 0x10, 0xf8, 0xf6, 0xf9, 0xb6, 0xfe, 0xfe, 0xfe, 0xff, 0xff, 0xff, 0xff, 0xff,
    0xff, 0xff, 0xff, 0xff, 0xf7, 0xf5, 0xf8, 0xab, 0xd8, 0xce, 0xdb, 0x0a, 0x47, 0x70, 0x4c, 0x00,
    0x47, 0x70, 0x4c, 0x00, 0x47, 0x70, 0x4c, 0x00, 0x47, 0x70, 0x4c, 0x00, 0x47, 0x70, 0x4c, 0x00,
    0x47, 0x70, 0x4c, 0x00, 0x47, 0x70, 0x4c, 0x00, 0x47, 0x70, 0x4c, 0x00, 0x47, 0x70, 0x4c, 0x00,
    0x47, 0x70, 0x4c, 0x00, 0x47, 0x70, 0x4c, 0x00, 0x47, 0x70, 0x4c, 0x00, 0x47, 0x70, 0x4c, 0x00,
    0x47, 0x70, 0x4c, 0x00, 0x47, 0x70, 0x4c, 0x00, 0x47, 0x70, 0x4c, 0x00, 0x47, 0x70, 0x4c, 0x00,
    0x47, 0x70, 0x4c, 0x00, 0x47, 0x70, 0x4c, 0x00, 0x47, 0x70, 0x4c, 0x00, 0x47, 0x70, 0x4c, 0x00,
    0x47, 0x70, 0x4c, 0x00, 0x47, 0x70, 0x4c, 0x00, 0x47, 0x70, 0x4c, 0x00, 0x47, 0x70, 0x4c, 0x00,
    0x47, 0x70, 0x4c, 0x00, 0x47, 0x70, 0x4c, 0x00, 0x47, 0x70, 0x4c, 0x00, 0x47, 0x70, 0x4c, 0x00,
    0x47, 0x70, 0x4c, 0x00, 0x47, 0x70, 0x4c, 0x00, 0x47, 0x70, 0x4c, 0x00, 0x47, 0x70, 0x4c, 0x00,
    0x47, 0x70, 0x4c, 0x00, 0x47, 0x70, 0x4c, 0x00, 0x47, 0x70, 0x4c, 0x00, 0x47, 0x70, 0x4c, 0x00,
    0x47, 0x70, 0x4c, 0x00, 0x47, 0x70, 0x4c, 0x00, 0x47, 0x70, 0x4c, 0x00, 0x47, 0x70, 0x4c, 0x00,
    0x47, 0x70, 0x4c, 0x00, 0x47, 0x70, 0x4c, 0x00, 0x47, 0x70, 0x4c, 0x00, 0x47, 0x70, 0x4c, 0x00,
    0x47, 0x70, 0x4c, 0x00, 0x47, 0x70, 0x4c, 0x00, 0x47, 0x70, 0x4c, 0x00, 0x47, 0x70, 0x4c, 0x00,
    0x47, 0x70, 0x4c, 0x00, 0x47, 0x70, 0x4c, 0x00, 0x47, 0x70, 0x4c, 0x00, 0x47, 0x70, 0x4c, 0x00,
    0x47, 0x70, 0x4c, 0x00, 0x47, 0x70, 0x4c, 0x00, 0x47, 0x70, 0x4c, 0x00, 0x47, 0x70, 0x4c, 0x00,
    0x47, 0x70, 0x4c, 0x00, 0x47, 0x70, 0x4c, 0x00, 0x47, 0x70, 0x4c, 0x00, 0x47, 0x70, 0x4c, 0x00,
    0x47, 0x70, 0x4c, 0x00, 0x47, 0x70, 0x4c, 0x00, 0x47, 0x70, 0x4c, 0x00, 0x47, 0x70, 0x4c, 0x00,
    0x47, 0x70, 0x4c, 0x00, 0x47, 0x70, 0x4c, 0x00, 0xeb, 0xe6, 0xed, 0x2c, 0xfa, 0xf9, 0xfb, 0xd7,
    0xff, 0xff, 0xff, 0xff, 0xff, 0xff, 0xff, 0xff, 0xfd, 0xfd, 0xfd, 0xfd, 0xf4, 0xf1, 0xf5, 0x78,
    0x9c, 0x86, 0xa3, 0x02, 0x47, 0x70, 0x4c, 0x00, 0x47, 0x70, 0x4c, 0x00, 0x47, 0x70, 0x4c, 0x00,
    0xc8, 0xbb, 0xcc, 0x05, 0xf4, 0xf1, 0xf5, 0x78, 0xfd, 0xfc, 0xfd, 0xf7, 0xff, 0xff, 0xff, 0xff,
    0xff, 0xff, 0xff, 0xff, 0xfb, 0xfa, 0xfb, 0xe3, 0xf3, 0xf0, 0xf4, 0x6d, 0xd8, 0xce, 0xdb, 0x0a,
    0x47, 0x70, 0x4c, 0x00, 0x47, 0x70, 0x4c, 0x00, 0x47, 0x70, 0x4c, 0x00, 0xe8, 0xe3, 0xea, 0x22,
    0xf4, 0xf1, 0xf5, 0x78, 0xf9, 0xf7, 0xf9, 0xc1, 0xfd, 0xfc, 0xfd, 0xf7, 0xfe, 0xfe, 0xfe, 0xff,
    0xff, 0xff, 0xff, 0xff, 0xff, 0xff, 0xff, 0xff, 0xff, 0xff, 0xff, 0xff, 0xff, 0xff, 0xff, 0xff,
    0xfb, 0xfa, 0xfb, 0xe3, 0xf4, 0xf2, 0xf5, 0x82, 0xe8, 0xe3, 0xea, 0x22, 0xe0, 0xd8, 0xe2, 0x10,
    0xef, 0xec, 0xf0, 0x4a, 0xf6, 0xf3, 0xf6, 0x8d, 0xf9, 0xf7, 0xf9, 0xc1, 0xfa, 0xf9, 0xfb, 0xd7,
    0xfc, 0xfb, 0xfc, 0xef, 0xfc, 0xfb, 0xfc, 0xef, 0xfb, 0xfa, 0xfb, 0xe3, 0xfa, 0xf9, 0xfb, 0xd7,
    0xf8, 0xf6, 0xf9, 0xb6, 0xf4, 0xf1, 0xf5, 0x78, 0xed, 0xe9, 0xef, 0x35, 0xc8, 0xbb, 0xcc, 0x05,
    0xe8, 0xe3, 0xea, 0x22, 0xf4, 0xf2, 0xf5, 0x82, 0xf1, 0xee, 0xf2, 0x60, 0xd8, 0xce, 0xdb, 0x0a,
    0x47, 0x70, 0x4c, 0x00, 0x47, 0x70, 0x4c, 0x00, 0x47, 0x70, 0x4c, 0x00, 0x9c, 0x86, 0xa3, 0x02,
    0xf4, 0xf2, 0xf5, 0x82, 0xfd, 0xfd, 0xfd, 0xfd, 0xff, 0xff, 0xff, 0xff, 0xff, 0xff, 0xff, 0xff,
    0xfb, 0xfa, 0xfb, 0xe3, 0xeb, 0xe6, 0xed, 0x2c, 0x47, 0x70, 0x4c, 0x00, 0x47, 0x70, 0x4c, 0x00,
    0x47, 0x70, 0x4c, 0x00, 0x47, 0x70, 0x4c, 0x00, 0x47, 0x70, 0x4c, 0x00, 0x47, 0x70, 0x4c, 0x00,
    0x47, 0x70, 0x4c, 0x00, 0x47, 0x70, 0x4c, 0x00, 0x47, 0x70, 0x4c, 0x00, 0x47, 0x70, 0x4c, 0x00,
    0x47, 0x70, 0x4c, 0x00, 0x47, 0x70, 0x4c, 0x00, 0x47, 0x70, 0x4c, 0x00, 0x47, 0x70, 0x4c, 0x00,
    0x47, 0x70, 0x4c, 0x00, 0x47, 0x70, 0x4c, 0x00, 0x47, 0x70, 0x4c, 0x00, 0x47, 0x70, 0x4c, 0x00,
    0x47, 0x70, 0x4c, 0x00, 0x47, 0x70, 0x4c, 0x00, 0x47, 0x70, 0x4c, 0x00, 0x47, 0x70, 0x4c, 0x00,
    0x47, 0x70, 0x4c, 0x00, 0x47, 0x70, 0x4c, 0x00, 0x47, 0x70, 0x4c, 0x00, 0x47, 0x70, 0x4c, 0x00,
    0x47, 0x70, 0x4c, 0x00, 0x47, 0x70, 0x4c, 0x00, 0x47, 0x70, 0x4c, 0x00, 0x47, 0x70, 0x4c, 0x00,
    0x47, 0x70, 0x4c, 0x00, 0x47, 0x70, 0x4c, 0x00, 0x47, 0x70, 0x4c, 0x00, 0x47, 0x70, 0x4c, 0x00,
    0x47, 0x70, 0x4c, 0x00, 0x47, 0x70, 0x4c, 0x00, 0x47, 0x70, 0x4c, 0x00, 0x47, 0x70, 0x4c, 0x00,
    0x47, 0x70, 0x4c, 0x00, 0x47, 0x70, 0x4c, 0x00, 0x47, 0x70, 0x4c, 0x00, 0x47, 0x70, 0x4c, 0x00,
    0x47, 0x70, 0x4c, 0x00, 0x47, 0x70, 0x4c, 0x00, 0x47, 0x70, 0x4c, 0x00, 0x47, 0x70, 0x4c, 0x00,
    0x47, 0x70, 0x4c, 0x00, 0x47, 0x70, 0x4c, 0x00, 0x47, 0x70, 0x4c, 0x00, 0x47, 0x70, 0x4c, 0x00,
    0x47, 0x70, 0x4c, 0x00, 0x47, 0x70, 0x4c, 0x00, 0x47, 0x70, 0x4c, 0x00, 0x47, 0x70, 0x4c, 0x00,
    0x47, 0x70, 0x4c, 0x00, 0x47, 0x70, 0x4c, 0x00, 0x47, 0x70, 0x4c, 0x00, 0x47, 0x70, 0x4c, 0x00,
    0x47, 0x70, 0x4c, 0x00, 0x47, 0x70, 0x4c, 0x00, 0x47, 0x70, 0x4c, 0x00, 0x47, 0x70, 0x4c, 0x00,
    0x47, 0x70, 0x4c, 0x00, 0x47, 0x70, 0x4c, 0x00, 0x47, 0x70, 0x4c, 0x00, 0x47, 0x70, 0x4c, 0x00,
    0x47, 0x70, 0x4c, 0x00, 0x47, 0x70, 0x4c, 0x00, 0x47, 0x70, 0x4c, 0x00, 0xf1, 0xee, 0xf2, 0x60,
    0xfd, 0xfc, 0xfd, 0xf7, 0xff, 0xff, 0xff, 0xff, 0xff, 0xff, 0xff, 0xff, 0xfc, 0xfb, 0xfc, 0xef,
    0xf1, 0xee, 0xf2, 0x60, 0x47, 0x70, 0x4c, 0x00, 0x47, 0x70, 0x4c, 0x00, 0x47, 0x70, 0x4c, 0x00,
    0x47, 0x70, 0x4c, 0x00, 0xc8, 0xbb, 0xcc, 0x05, 0xf4, 0xf1, 0xf5, 0x78, 0xfd, 0xfc, 0xfd, 0xf7,
    0xff, 0xff, 0xff, 0xff, 0xff, 0xff, 0xff, 0xff, 0xfd, 0xfc, 0xfd, 0xf7, 0xf7, 0xf5, 0xf7, 0xa2,
    0xeb, 0xe6, 0xed, 0x2c, 0x47, 0x70, 0x4c, 0x00, 0x47, 0x70, 0x4c, 0x00, 0x47, 0x70, 0x4c, 0x00,
    0x47, 0x70, 0x4c, 0x00, 0xe0, 0xd8, 0xe2, 0x10, 0xee, 0xea, 0xef, 0x3f, 0xf4, 0xf2, 0xf5, 0x82,
    0xf8, 0xf6, 0xf9, 0xb6, 0xfa, 0xf9, 0xfb, 0xd7, 0xfb, 0xfa, 0xfb, 0xe3, 0xfc, 0xfb, 0xfc, 0xef,
    0xfc, 0xfb, 0xfc, 0xef, 0xfb, 0xfa, 0xfb, 0xe3, 0xf8, 0xf6, 0xf9, 0xb6, 0xee, 0xea, 0xef, 0x3f,
    0x47, 0x70, 0x4c, 0x00, 0x47, 0x70, 0x4c, 0x00, 0xd8, 0xce, 0xdb, 0x0a, 0xe4, 0xde, 0xe6, 0x18,
    0xeb, 0xe6, 0xed, 0x2c, 0xeb, 0xe6, 0xed, 0x2c, 0xe8, 0xe3, 0xea, 0x22, 0xe0, 0xd8, 0xe2, 0x10,
    0xc8, 0xbb, 0xcc, 0x05, 0xe0, 0xd8, 0xe2, 0x10, 0xee, 0xea, 0xef, 0x3f, 0xf6, 0xf3, 0xf6, 0x8d,
    0xfa, 0xf8, 0xfa, 0xcc, 0xf4, 0xf1, 0xf5, 0x78, 0xd8, 0xce, 0xdb, 0x0a, 0x47, 0x70, 0x4c, 0x00,
    0x47, 0x70, 0x4c, 0x00, 0x47, 0x70, 0x4c, 0x00, 0x47, 0x70, 0x4c, 0x00, 0xf1, 0xee, 0xf2, 0x60,
    0xfc, 0xfb, 0xfc, 0xef, 0xff, 0xff, 0xff, 0xff, 0xff, 0xff, 0xff, 0xff, 0xfd, 0xfc, 0xfd, 0xf7,
    0xf3, 0xf0, 0xf4, 0x6d, 0x47, 0x70, 0x4c, 0x00, 0x47, 0x70, 0x4c, 0x00, 0x47, 0x70, 0x4c, 0x00,
    0x47, 0x70, 0x4c, 0x00, 0x47, 0x70, 0x4c, 0x00, 0x47, 0x70, 0x4c, 0x00, 0x47, 0x70, 0x4c, 0x00,
    0x47, 0x70, 0x4c, 0x00, 0x47, 0x70, 0x4c, 0x00, 0x47, 0x70, 0x4c, 0x00, 0x47, 0x70, 0x4c, 0x00,
    0x47, 0x70, 0x4c, 0x00, 0x47, 0x70, 0x4c, 0x00, 0x47, 0x70, 0x4c, 0x00, 0x47, 0x70, 0x4c, 0x00,
    0x47, 0x70, 0x4c, 0x00, 0x47, 0x70, 0x4c, 0x00, 0x47, 0x70, 0x4c, 0x00, 0x47, 0x70, 0x4c, 0x00,
    0x47, 0x70, 0x4c, 0x00, 0x47, 0x70, 0x4c, 0x00, 0x47, 0x70, 0x4c, 0x00, 0x47, 0x70, 0x4c, 0x00,
    0x47, 0x70, 0x4c, 0x00, 0x47, 0x70, 0x4c, 0x00, 0x47, 0x70, 0x4c, 0x00, 0x47, 0x70, 0x4c, 0x00,
    0x47, 0x70, 0x4c, 0x00, 0x47, 0x70, 0x4c, 0x00, 0x47, 0x70, 0x4c, 0x00, 0x47, 0x70, 0x4c, 0x00,
    0x47, 0x70, 0x4c, 0x00, 0x47, 0x70, 0x4c, 0x00, 0x47, 0x70, 0x4c, 0x00, 0x47, 0x70, 0x4c, 0x00,
    0x47, 0x70, 0x4c, 0x00, 0x47, 0x70, 0x4c, 0x00, 0x47, 0x70, 0x4c, 0x00, 0x47, 0x70, 0x4c, 0x00,
    0x47, 0x70, 0x4c, 0x00, 0x47, 0x70, 0x4c, 0x00, 0x47, 0x70, 0x4c, 0x00, 0x47, 0x70, 0x4c, 0x00,
    0x47, 0x70, 0x4c, 0x00, 0x47, 0x70, 0x4c, 0x00, 0x47, 0x70, 0x4c, 0x00, 0x47, 0x70, 0x4c, 0x00,
    0x47, 0x70, 0x4c, 0x00, 0x47, 0x70, 0x4c, 0x00, 0x47, 0x70, 0x4c, 0x00, 0x47, 0x70, 0x4c, 0x00,
    0x47, 0x70, 0x4c, 0x00, 0x47, 0x70, 0x4c, 0x00, 0x47, 0x70, 0x4c, 0x00, 0x47, 0x70, 0x4c, 0x00,
    0x47, 0x70, 0x4c, 0x00, 0x47, 0x70, 0x4c, 0x00, 0x47, 0x70, 0x4c, 0x00, 0x47, 0x70, 0x4c, 0x00,
    0x47, 0x70, 0x4c, 0x00, 0x47, 0x70, 0x4c, 0x00, 0x47, 0x70, 0x4c, 0x00, 0x47, 0x70, 0x4c, 0x00,
    0x47, 0x70, 0x4c, 0x00, 0x47, 0x70, 0x4c, 0x00, 0x47, 0x70, 0x4c, 0x00, 0x47, 0x70, 0x4c, 0x00,
    0x47, 0x70, 0x4c, 0x00, 0x47, 0x70, 0x4c, 0x00, 0x47, 0x70, 0x4c, 0x00, 0xc8, 0xbb, 0xcc, 0x05,
    0xf6, 0xf4, 0xf7, 0x99, 0xfe, 0xfe, 0xfe, 0xff, 0xff, 0xff, 0xff, 0xff, 0xff, 0xff, 0xff, 0xff,
    0xfb, 0xfa, 0xfb, 0xe3, 0xf1, 0xee, 0xf2, 0x52, 0x47, 0x70, 0x4c, 0x00, 0x47, 0x70, 0x4c, 0x00,
    0x47, 0x70, 0x4c, 0x00, 0x47, 0x70, 0x4c, 0x00, 0x9c, 0x86, 0xa3, 0x02, 0xf1, 0xee, 0xf2, 0x60,
    0xfb, 0xfa, 0xfb, 0xe3, 0xff, 0xff, 0xff, 0xff, 0xff, 0xff, 0xff, 0xff, 0xfe, 0xfe, 0xfe, 0xff,
    0xfb, 0xfa, 0xfb, 0xe3, 0xf4, 0xf1, 0xf5, 0x78, 0xe8, 0xe3, 0xea, 0x22, 0x47, 0x70, 0x4c, 0x00,
    0x47, 0x70, 0x4c, 0x00, 0x47, 0x70, 0x4c, 0x00, 0x47, 0x70, 0x4c, 0x00, 0x47, 0x70, 0x4c, 0x00,
    0xc8, 0xbb, 0xcc, 0x05, 0xe4, 0xde, 0xe6, 0x18, 0xe8, 0xe3, 0xea, 0x22, 0xeb, 0xe6, 0xed, 0x2c,
    0xeb, 0xe6, 0xed, 0x2c, 0xeb, 0xe6, 0xed, 0x2c, 0xe4, 0xde, 0xe6, 0x18, 0xd8, 0xce, 0xdb, 0x0a,
    0x47, 0x70, 0x4c, 0x00, 0x47, 0x70, 0x4c, 0x00, 0x47, 0x70, 0x4c, 0x00, 0x47, 0x70, 0x4c, 0x00,
    0x47, 0x70, 0x4c, 0x00, 0xe4, 0xde, 0xe6, 0x18, 0xf1, 0xee, 0xf2, 0x60, 0xf4, 0xf2, 0xf5, 0x82,
    0xf7, 0xf5, 0xf7, 0xa2, 0xfa, 0xf8, 0xfa, 0xcc, 0xfd, 0xfc, 0xfd, 0xf7, 0xfc, 0xfb, 0xfc, 0xef,
    0xf1, 0xee, 0xf2, 0x60, 0x9c, 0x86, 0xa3, 0x02, 0x47, 0x70, 0x4c, 0x00, 0x47, 0x70, 0x4c, 0x00,
    0x47, 0x70, 0x4c, 0x00, 0x47, 0x70, 0x4c, 0x00, 0xef, 0xec, 0xf0, 0x4a, 0xfb, 0xfa, 0xfb, 0xe3,
    0xff, 0xff, 0xff, 0xff, 0xff, 0xff, 0xff, 0xff, 0xfe, 0xfe, 0xfe, 0xff, 0xf6, 0xf4, 0xf7, 0x99,
    0xc8, 0xbb, 0xcc, 0x05, 0x47, 0x70, 0x4c, 0x00, 0x47, 0x70, 0x4c, 0x00, 0x47, 0x70, 0x4c, 0x00,
    0x47, 0x70, 0x4c, 0x00, 0x47, 0x70, 0x4c, 0x00, 0x47, 0x70, 0x4c, 0x00, 0x47, 0x70, 0x4c, 0x00,
    0x47, 0x70, 0x4c, 0x00, 0x47, 0x70, 0x4c, 0x00, 0x47, 0x70, 0x4c, 0x00, 0x47, 0x70, 0x4c, 0x00,
    0x47, 0x70, 0x4c, 0x00, 0x47, 0x70, 0x4c, 0x00, 0x47, 0x70, 0x4c, 0x00, 0x47, 0x70, 0x4c, 0x00,
    0x47, 0x70, 0x4c, 0x00, 0x47, 0x70, 0x4c, 0x00, 0x47, 0x70, 0x4c, 0x00, 0x47, 0x70, 0x4c, 0x00,
    0x47, 0x70, 0x4c, 0x00, 0x47, 0x70, 0x4c, 0x00, 0x47, 0x70, 0x4c, 0x00, 0x47, 0x70, 0x4c, 0x00,
    0x47, 0x70, 0x4c, 0x00, 0x47, 0x70, 0x4c, 0x00, 0x47, 0x70, 0x4c, 0x00, 0x47, 0x70, 0x4c, 0x00,
    0x47, 0x70, 0x4c, 0x00, 0x47, 0x70, 0x4c, 0x00, 0x47, 0x70, 0x4c, 0x00, 0x47, 0x70, 0x4c, 0x00,
    0x47, 0x70, 0x4c, 0x00, 0x47, 0x70, 0x4c, 0x00, 0x47, 0x70, 0x4c, 0x00, 0x47, 0x70, 0x4c, 0x00,
    0x47, 0x70, 0x4c, 0x00, 0x47, 0x70, 0x4c, 0x00, 0x47, 0x70, 0x4c, 0x00, 0x47, 0x70, 0x4c, 0x00,
    0x47, 0x70, 0x4c, 0x00, 0x47, 0x70, 0x4c, 0x00, 0x47, 0x70, 0x4c, 0x00, 0x47, 0x70, 0x4c, 0x00,
    0x47, 0x70, 0x4c, 0x00, 0x47, 0x70, 0x4c, 0x00, 0x47, 0x70, 0x4c, 0x00, 0x47, 0x70, 0x4c, 0x00,
    0x47, 0x70, 0x4c, 0x00, 0x47, 0x70, 0x4c, 0x00, 0x47, 0x70, 0x4c, 0x00, 0x47, 0x70, 0x4c, 0x00,
    0x47, 0x70, 0x4c, 0x00, 0x47, 0x70, 0x4c, 0x00, 0x47, 0x70, 0x4c, 0x00, 0x47, 0x70, 0x4c, 0x00,
    0x47, 0x70, 0x4c, 0x00, 0x47, 0x70, 0x4c, 0x00, 0x47, 0x70, 0x4c, 0x00, 0x47, 0x70, 0x4c, 0x00,
    0x47, 0x70, 0x4c, 0x00, 0x47, 0x70, 0x4c, 0x00, 0x47, 0x70, 0x4c, 0x00, 0x47, 0x70, 0x4c, 0x00,
    0x47, 0x70, 0x4c, 0x00, 0x47, 0x70, 0x4c, 0x00, 0x47, 0x70, 0x4c, 0x00, 0x47, 0x70, 0x4c, 0x00,
    0x47, 0x70, 0x4c, 0x00, 0x47, 0x70, 0x4c, 0x00, 0x47, 0x70, 0x4c, 0x00, 0x47, 0x70, 0x4c, 0x00,
    0xe4, 0xde, 0xe6, 0x18, 0xf8, 0xf6, 0xf9, 0xb6, 0xfe, 0xfe, 0xfe, 0xff, 0xff, 0xff, 0xff, 0xff,
    0xff, 0xff, 0xff, 0xff, 0xfb, 0xfa, 0xfb, 0xe3, 0xf1, 0xee, 0xf2, 0x52, 0x47, 0x70, 0x4c, 0x00,
    0x47, 0x70, 0x4c, 0x00, 0x47, 0x70, 0x4c, 0x00, 0x47, 0x70, 0x4c, 0x00, 0x47, 0x70, 0x4c, 0x00,
    0xee, 0xea, 0xef, 0x3f, 0xf9, 0xf7, 0xf9, 0xc1, 0xfe, 0xfe, 0xfe, 0xff, 0xff, 0xff, 0xff, 0xff,
    0xff, 0xff, 0xff, 0xff, 0xfe, 0xfe, 0xfe, 0xff, 0xfa, 0xf9, 0xfb, 0xd7, 0xf4, 0xf2, 0xf5, 0x82,
    0xed, 0xe9, 0xef, 0x35, 0xd8, 0xce, 0xdb, 0x0a, 0x47, 0x70, 0x4c, 0x00, 0x47, 0x70, 0x4c, 0x00,
    0x47, 0x70, 0x4c, 0x00, 0x47, 0x70, 0x4c, 0x00, 0x47, 0x70, 0x4c, 0x00, 0x47, 0x70, 0x4c, 0x00,
    0x47, 0x70, 0x4c, 0x00, 0x47, 0x70, 0x4c, 0x00, 0x47, 0x70, 0x4c, 0x00, 0x47, 0x70, 0x4c, 0x00,
    0x47, 0x70, 0x4c, 0x00, 0x47, 0x70, 0x4c, 0x00, 0xc8, 0xbb, 0xcc, 0x05, 0xeb, 0xe6, 0xed, 0x2c,
    0xf4, 0xf1, 0xf5, 0x78, 0xfa, 0xf8, 0xfa, 0xcc, 0xfd, 0xfd, 0xfd, 0xfd, 0xfe, 0xfe, 0xfe, 0xff,
    0xff, 0xff, 0xff, 0xff, 0xfe, 0xfe, 0xfe, 0xff, 0xfa, 0xf8, 0xfa, 0xcc, 0xee, 0xea, 0xef, 0x3f,
    0x47, 0x70, 0x4c, 0x00, 0x47, 0x70, 0x4c, 0x00, 0x47, 0x70, 0x4c, 0x00, 0x47, 0x70, 0x4c, 0x00,
    0x9c, 0x86, 0xa3, 0x02, 0xef, 0xec, 0xf0, 0x4a, 0xfb, 0xfa, 0xfb, 0xe3, 0xff, 0xff, 0xff, 0xff,
    0xff, 0xff, 0xff, 0xff, 0xff, 0xff, 0xff, 0xff, 0xf8, 0xf6, 0xf9, 0xb6, 0xe4, 0xde, 0xe6, 0x18,
    0x47, 0x70, 0x4c, 0x00, 0x47, 0x70, 0x4c, 0x00, 0x47, 0x70, 0x4c, 0x00, 0x47, 0x70, 0x4c, 0x00,
    0x47, 0x70, 0x4c, 0x00, 0x47, 0x70, 0x4c, 0x00, 0x47, 0x70, 0x4c, 0x00, 0x47, 0x70, 0x4c, 0x00,
    0x47, 0x70, 0x4c, 0x00, 0x47, 0x70, 0x4c, 0x00, 0x47, 0x70, 0x4c, 0x00, 0x47, 0x70, 0x4c, 0x00,
    0x47, 0x70, 0x4c, 0x00, 0x47, 0x70, 0x4c, 0x00, 0x47, 0x70, 0x4c, 0x00, 0x47, 0x70, 0x4c, 0x00,
    0x47, 0x70, 0x4c, 0x00, 0x47, 0x70, 0x4c, 0x00, 0x47, 0x70, 0x4c, 0x00, 0x47, 0x70, 0x4c, 0x00,
    0x47, 0x70, 0x4c, 0x00, 0x47, 0x70, 0x4c, 0x00, 0x47, 0x70, 0x4c, 0x00, 0x47, 0x70, 0x4c, 0x00,
    0x47, 0x70, 0x4c, 0x00, 0x47, 0x70, 0x4c, 0x00, 0x47, 0x70, 0x4c, 0x00, 0x47, 0x70, 0x4c, 0x00,
    0x47, 0x70, 0x4c, 0x00, 0x47, 0x70, 0x4c, 0x00, 0x47, 0x70, 0x4c, 0x00, 0x47, 0x70, 0x4c, 0x00,
    0x47, 0x70, 0x4c, 0x00, 0x47, 0x70, 0x4c, 0x00, 0x47, 0x70, 0x4c, 0x00, 0x47, 0x70, 0x4c, 0x00,
    0x47, 0x70, 0x4c, 0x00, 0x47, 0x70, 0x4c, 0x00, 0x47, 0x70, 0x4c, 0x00, 0x47, 0x70, 0x4c, 0x00,
    0x47, 0x70, 0x4c, 0x00, 0x47, 0x70, 0x4c, 0x00, 0x47, 0x70, 0x4c, 0x00, 0x47, 0x70, 0x4c, 0x00,
    0x47, 0x70, 0x4c, 0x00, 0x47, 0x70, 0x4c, 0x00, 0x47, 0x70, 0x4c, 0x00, 0x47, 0x70, 0x4c, 0x00,
    0x47, 0x70, 0x4c, 0x00, 0x47, 0x70, 0x4c, 0x00, 0x47, 0x70, 0x4c, 0x00, 0x47, 0x70, 0x4c, 0x00,
    0x47, 0x70, 0x4c, 0x00, 0x47, 0x70, 0x4c, 0x00, 0x47, 0x70, 0x4c, 0x00, 0x47, 0x70, 0x4c, 0x00,
    0x47, 0x70, 0x4c, 0x00, 0x47, 0x70, 0x4c, 0x00, 0x47, 0x70, 0x4c, 0x00, 0x47, 0x70, 0x4c, 0x00,
    0x47, 0x70, 0x4c, 0x00, 0x47, 0x70, 0x4c, 0x00, 0x47, 0x70, 0x4c, 0x00, 0x47, 0x70, 0x4c, 0x00,
    0x47, 0x70, 0x4c, 0x00, 0x47, 0x70, 0x4c, 0x00, 0x47, 0x70, 0x4c, 0x00, 0x47, 0x70, 0x4c, 0x00,
    0x47, 0x70, 0x4c, 0x00, 0x47, 0x70, 0x4c, 0x00, 0x47, 0x70, 0x4c, 0x00, 0x47, 0x70, 0x4c, 0x00,
    0x47, 0x70, 0x4c, 0x00, 0xeb, 0xe6, 0xed, 0x2c, 0xfb, 0xfa, 0xfb, 0xe3, 0xff, 0xff, 0xff, 0xff,
    0xff, 0xff, 0xff, 0xff, 0xff, 0xff, 0xff, 0xff, 0xfb, 0xfa, 0xfb, 0xe3, 0xf1, 0xee, 0xf2, 0x60,
    0x53, 0x3a, 0x5c, 0x01, 0x47, 0x70, 0x4c, 0x00, 0x47, 0x70, 0x4c, 0x00, 0x47, 0x70, 0x4c, 0x00,
    0x47, 0x70, 0x4c, 0x00, 0xe4, 0xde, 0xe6, 0x18, 0xf4, 0xf2, 0xf5, 0x82, 0xfb, 0xfa, 0xfb, 0xe3,
    0xfe, 0xfe, 0xfe, 0xff, 0xff, 0xff, 0xff, 0xff, 0xff, 0xff, 0xff, 0xff, 0xfe, 0xfe, 0xfe, 0xff,
    0xfc, 0xfb, 0xfc, 0xef, 0xf8, 0xf6, 0xf9, 0xb6, 0xf4, 0xf1, 0xf5, 0x78, 0xef, 0xec, 0xf0, 0x4a,
    0xeb, 0xe6, 0xed, 0x2c, 0xe4, 0xde, 0xe6, 0x18, 0xd8, 0xce, 0xdb, 0x0a, 0xc8, 0xbb, 0xcc, 0x05,
    0xc8, 0xbb, 0xcc, 0x05, 0xd8, 0xce, 0xdb, 0x0a, 0xe0, 0xd8, 0xe2, 0x10, 0xe8, 0xe3, 0xea, 0x22,
    0xee, 0xea, 0xef, 0x3f, 0xf4, 0xf1, 0xf5, 0x78, 0xf7, 0xf5, 0xf8, 0xab, 0xfb, 0xfa, 0xfb, 0xe3,
    0xfe, 0xfe, 0xfe, 0xff, 0xff, 0xff, 0xff, 0xff, 0xff, 0xff, 0xff, 0xff, 0xfe, 0xfe, 0xfe, 0xff,
    0xfc, 0xfb, 0xfc, 0xef, 0xf6, 0xf3, 0xf6, 0x8d, 0xe4, 0xde, 0xe6, 0x18, 0x47, 0x70, 0x4c, 0x00,
    0x47, 0x70, 0x4c, 0x00, 0x47, 0x70, 0x4c, 0x00, 0x47, 0x70, 0x4c, 0x00, 0x47, 0x70, 0x4c, 0x00,
    0xf1, 0xee, 0xf2, 0x52, 0xfb, 0xfa, 0xfb, 0xe3, 0xff, 0xff, 0xff, 0xff, 0xff, 0xff, 0xff, 0xff,
    0xff, 0xff, 0xff, 0xff, 0xfa, 0xf8, 0xfa, 0xcc, 0xeb, 0xe6, 0xed, 0x2c, 0x47, 0x70, 0x4c, 0x00,
    0x47, 0x70, 0x4c, 0x00, 0x47, 0x70, 0x4c, 0x00, 0x47, 0x70, 0x4c, 0x00, 0x47, 0x70, 0x4c, 0x00,
    0x47, 0x70, 0x4c, 0x00, 0x47, 0x70, 0x4c, 0x00, 0x47, 0x70, 0x4c, 0x00, 0x47, 0x70, 0x4c, 0x00,
    0x47, 0x70, 0x4c, 0x00, 0x47, 0x70, 0x4c, 0x00, 0x47, 0x70, 0x4c, 0x00, 0x47, 0x70, 0x4c, 0x00,
    0x47, 0x70, 0x4c, 0x00, 0x47, 0x70, 0x4c, 0x00, 0x47, 0x70, 0x4c, 0x00, 0x47, 0x70, 0x4c, 0x00,
    0x47, 0x70, 0x4c, 0x00, 0x47, 0x70, 0x4c, 0x00, 0x47, 0x70, 0x4c, 0x00, 0x47, 0x70, 0x4c, 0x00,
    0x47, 0x70, 0x4c, 0x00, 0x47, 0x70, 0x4c, 0x00, 0x47, 0x70, 0x4c, 0x00, 0x47, 0x70, 0x4c, 0x00,
    0x47, 0x70, 0x4c, 0x00, 0x47, 0x70, 0x4c, 0x00, 0x47, 0x70, 0x4c, 0x00, 0x47, 0x70, 0x4c, 0x00,
    0x47, 0x70, 0x4c, 0x00, 0x47, 0x70, 0x4c, 0x00, 0x47, 0x70, 0x4c, 0x00, 0x47, 0x70, 0x4c, 0x00,
    0x47, 0x70, 0x4c, 0x00, 0x47, 0x70, 0x4c, 0x00, 0x47, 0x70, 0x4c, 0x00, 0x47, 0x70, 0x4c, 0x00,
    0x47, 0x70, 0x4c, 0x00, 0x47, 0x70, 0x4c, 0x00, 0x47, 0x70, 0x4c, 0x00, 0x47, 0x70, 0x4c, 0x00,
    0x47, 0x70, 0x4c, 0x00, 0x47, 0x70, 0x4c, 0x00, 0x47, 0x70, 0x4c, 0x00, 0x47, 0x70, 0x4c, 0x00,
    0x47, 0x70, 0x4c, 0x00, 0x47, 0x70, 0x4c, 0x00, 0x47, 0x70, 0x4c, 0x00, 0x47, 0x70, 0x4c, 0x00,
    0x47, 0x70, 0x4c, 0x00, 0x47, 0x70, 0x4c, 0x00, 0x47, 0x70, 0x4c, 0x00, 0x47, 0x70, 0x4c, 0x00,
    0x47, 0x70, 0x4c, 0x00, 0x47, 0x70, 0x4c, 0x00, 0x47, 0x70, 0x4c, 0x00, 0x47, 0x70, 0x4c, 0x00,
    0x47, 0x70, 0x4c, 0x00, 0x47, 0x70, 0x4c, 0x00, 0x47, 0x70, 0x4c, 0x00, 0x47, 0x70, 0x4c, 0x00,
    0x47, 0x70, 0x4c, 0x00, 0x47, 0x70, 0x4c, 0x00, 0x47, 0x70, 0x4c, 0x00, 0x47, 0x70, 0x4c, 0x00,
    0x47, 0x70, 0x4c, 0x00, 0x47, 0x70, 0x4c, 0x00, 0x47, 0x70, 0x4c, 0x00, 0x47, 0x70, 0x4c, 0x00,
    0x47, 0x70, 0x4c, 0x00, 0x47, 0x70, 0x4c, 0x00, 0x47, 0x70, 0x4c, 0x00, 0x47, 0x70, 0x4c, 0x00,
    0x47, 0x70, 0x4c, 0x00, 0xf1, 0xee, 0xf2, 0x52, 0xfc, 0xfb, 0xfc, 0xef, 0xff, 0xff, 0xff, 0xff,
    0xff, 0xff, 0xff, 0xff, 0xff, 0xff, 0xff, 0xff, 0xff, 0xff, 0xff, 0xff, 0xfc, 0xfb, 0xfc, 0xef,
    0xf4, 0xf1, 0xf5, 0x78, 0xd8, 0xce, 0xdb, 0x0a, 0x47, 0x70, 0x4c, 0x00, 0x47, 0x70, 0x4c, 0x00,
    0x47, 0x70, 0x4c, 0x00, 0x47, 0x70, 0x4c, 0x00, 0x47, 0x70, 0x4c, 0x00, 0xeb, 0xe6, 0xed, 0x2c,
    0xf6, 0xf4, 0xf7, 0x99, 0xfc, 0xfb, 0xfc, 0xef, 0xfe, 0xfe, 0xfe, 0xff, 0xff, 0xff, 0xff, 0xff,
    0xff, 0xff, 0xff, 0xff, 0xff, 0xff, 0xff, 0xff, 0xfe, 0xfe, 0xfe, 0xff, 0xfd, 0xfc, 0xfd, 0xf7,
    0xfb, 0xfa, 0xfb, 0xe3, 0xfa, 0xf9, 0xfb, 0xd7, 0xf9, 0xf7, 0xf9, 0xc1, 0xf8, 0xf6, 0xf9, 0xb6,
    0xf8, 0xf6, 0xf9, 0xb6, 0xf9, 0xf7, 0xf9, 0xc1, 0xfa, 0xf8, 0xfa, 0xcc, 0xfb, 0xfa, 0xfb, 0xe3,
    0xfd, 0xfc, 0xfd, 0xf7, 0xfe, 0xfe, 0xfe, 0xff, 0xff, 0xff, 0xff, 0xff, 0xff, 0xff, 0xff, 0xff,
    0xff, 0xff, 0xff, 0xff, 0xfe, 0xfe, 0xfe, 0xff, 0xfc, 0xfb, 0xfc, 0xef, 0xf7, 0xf5, 0xf7, 0xa2,
    0xed, 0xe9, 0xef, 0x35, 0x53, 0x3a, 0x5c, 0x01, 0x47, 0x70, 0x4c, 0x00, 0x47, 0x70, 0x4c, 0x00,
    0x47, 0x70, 0x4c, 0x00, 0x47, 0x70, 0x4c, 0x00, 0xc8, 0xbb, 0xcc, 0x05, 0xf3, 0xf0, 0xf4, 0x6d,
    0xfc, 0xfb, 0xfc, 0xef, 0xff, 0xff, 0xff, 0xff, 0xff, 0xff, 0xff, 0xff, 0xff, 0xff, 0xff, 0xff,
    0xfa, 0xf9, 0xfb, 0xd7, 0xed, 0xe9, 0xef, 0x35, 0x47, 0x70, 0x4c, 0x00, 0x47, 0x70, 0x4c, 0x00,
    0x47, 0x70, 0x4c, 0x00, 0x47, 0x70, 0x4c, 0x00, 0x47, 0x70, 0x4c, 0x00, 0x47, 0x70, 0x4c, 0x00,
    0x47, 0x70, 0x4c, 0x00, 0x47, 0x70, 0x4c, 0x00, 0x47, 0x70, 0x4c, 0x00, 0x47, 0x70, 0x4c, 0x00,
    0x47, 0x70, 0x4c, 0x00, 0x47, 0x70, 0x4c, 0x00, 0x47, 0x70, 0x4c, 0x00, 0x47, 0x70, 0x4c, 0x00,
    0x47, 0x70, 0x4c, 0x00, 0x47, 0x70, 0x4c, 0x00, 0x47, 0x70, 0x4c, 0x00, 0x47, 0x70, 0x4c, 0x00,
    0x47, 0x70, 0x4c, 0x00, 0x47, 0x70, 0x4c, 0x00, 0x47, 0x70, 0x4c, 0x00, 0x47, 0x70, 0x4c, 0x00,
    0x47, 0x70, 0x4c, 0x00, 0x47, 0x70, 0x4c, 0x00, 0x47, 0x70, 0x4c, 0x00, 0x47, 0x70, 0x4c, 0x00,
    0x47, 0x70, 0x4c, 0x00, 0x47, 0x70, 0x4c, 0x00, 0x47, 0x70, 0x4c, 0x00, 0x47, 0x70, 0x4c, 0x00,
    0x47, 0x70, 0x4c, 0x00, 0x47, 0x70, 0x4c, 0x00, 0x47, 0x70, 0x4c, 0x00, 0x47, 0x70, 0x4c, 0x00,
    0x47, 0x70, 0x4c, 0x00, 0x47, 0x70, 0x4c, 0x00, 0x47, 0x70, 0x4c, 0x00, 0x47, 0x70, 0x4c, 0x00,
    0x47, 0x70, 0x4c, 0x00, 0x47, 0x70, 0x4c, 0x00, 0x47, 0x70, 0x4c, 0x00, 0x47, 0x70, 0x4c, 0x00,
    0x47, 0x70, 0x4c, 0x00, 0x47, 0x70, 0x4c, 0x00, 0x47, 0x70, 0x4c, 0x00, 0x47, 0x70, 0x4c, 0x00,
    0x47, 0x70, 0x4c, 0x00, 0x47, 0x70, 0x4c, 0x00, 0x47, 0x70, 0x4c, 0x00, 0x47, 0x70, 0x4c, 0x00,
    0x47, 0x70, 0x4c, 0x00, 0x47, 0x70, 0x4c, 0x00, 0x47, 0x70, 0x4c, 0x00, 0x47, 0x70, 0x4c, 0x00,
    0x47, 0x70, 0x4c, 0x00, 0x47, 0x70, 0x4c, 0x00, 0x47, 0x70, 0x4c, 0x00, 0x47, 0x70, 0x4c, 0x00,
    0x47, 0x70, 0x4c, 0x00, 0x47, 0x70, 0x4c, 0x00, 0x47, 0x70, 0x4c, 0x00, 0x47, 0x70, 0x4c, 0x00,
    0x47, 0x70, 0x4c, 0x00, 0x47, 0x70, 0x4c, 0x00, 0x47, 0x70, 0x4c, 0x00, 0x47, 0x70, 0x4c, 0x00,
    0x47, 0x70, 0x4c, 0x00, 0x47, 0x70, 0x4c, 0x00, 0x47, 0x70, 0x4c, 0x00, 0x47, 0x70, 0x4c, 0x00,
    0x47, 0x70, 0x4c, 0x00, 0x47, 0x70, 0x4c, 0x00, 0x47, 0x70, 0x4c, 0x00, 0x47, 0x70, 0x4c, 0x00,
    0xef, 0xec, 0xf0, 0x4a, 0xfb, 0xfa, 0xfb, 0xe3, 0xff, 0xff, 0xff, 0xff, 0xfb, 0xfa, 0xfb, 0xe3,
    0xfa, 0xf9, 0xfb, 0xd7, 0xff, 0xff, 0xff, 0xff, 0xff, 0xff, 0xff, 0xff, 0xff, 0xff, 0xff, 0xff,
    0xfd, 0xfd, 0xfd, 0xfd, 0xf6, 0xf4, 0xf7, 0x99, 0xe8, 0xe3, 0xea, 0x22, 0x47, 0x70, 0x4c, 0x00,
    0x47, 0x70, 0x4c, 0x00, 0x47, 0x70, 0x4c, 0x00, 0x47, 0x70, 0x4c, 0x00, 0x47, 0x70, 0x4c, 0x00,
    0x9c, 0x86, 0xa3, 0x02, 0xed, 0xe9, 0xef, 0x35, 0xf6, 0xf3, 0xf6, 0x8d, 0xfa, 0xf9, 0xfb, 0xd7,
    0xfd, 0xfc, 0xfd, 0xf7, 0xff, 0xff, 0xff, 0xff, 0xff, 0xff, 0xff, 0xff, 0xff, 0xff, 0xff, 0xff,
    0xff, 0xff, 0xff, 0xff, 0xff, 0xff, 0xff, 0xff, 0xff, 0xff, 0xff, 0xff, 0xff, 0xff, 0xff, 0xff,
    0xff, 0xff, 0xff, 0xff, 0xff, 0xff, 0xff, 0xff, 0xff, 0xff, 0xff, 0xff, 0xff, 0xff, 0xff, 0xff,
    0xff, 0xff, 0xff, 0xff, 0xff, 0xff, 0xff, 0xff, 0xff, 0xff, 0xff, 0xff, 0xfd, 0xfd, 0xfd, 0xfd,
    0xfa, 0xf9, 0xfb, 0xd7, 0xf6, 0xf3, 0xf6, 0x8d, 0xed, 0xe9, 0xef, 0x35, 0xc8, 0xbb, 0xcc, 0x05,
    0x47, 0x70, 0x4c, 0x00, 0x47, 0x70, 0x4c, 0x00, 0x47, 0x70, 0x4c, 0x00, 0x47, 0x70, 0x4c, 0x00,
    0x47, 0x70, 0x4c, 0x00, 0xe8, 0xe3, 0xea, 0x22, 0xf6, 0xf4, 0xf7, 0x99, 0xfd, 0xfc, 0xfd, 0xf7,
    0xff, 0xff, 0xff, 0xff, 0xff, 0xff, 0xff, 0xff, 0xff, 0xff, 0xff, 0xff, 0xfa, 0xf9, 0xfb, 0xd7,
    0xed, 0xe9, 0xef, 0x35, 0x47, 0x70, 0x4c, 0x00, 0x47, 0x70, 0x4c, 0x00, 0x47, 0x70, 0x4c, 0x00,
    0x47, 0x70, 0x4c, 0x00, 0x47, 0x70, 0x4c, 0x00, 0x47, 0x70, 0x4c, 0x00, 0x47, 0x70, 0x4c, 0x00,
    0x47, 0x70, 0x4c, 0x00, 0x47, 0x70, 0x4c, 0x00, 0x47, 0x70, 0x4c, 0x00, 0x47, 0x70, 0x4c, 0x00,
    0x47, 0x70, 0x4c, 0x00, 0x47, 0x70, 0x4c, 0x00, 0x47, 0x70, 0x4c, 0x00, 0x47, 0x70, 0x4c, 0x00,
    0x47, 0x70, 0x4c, 0x00, 0x47, 0x70, 0x4c, 0x00, 0x47, 0x70, 0x4c, 0x00, 0x47, 0x70, 0x4c, 0x00,
    0x47, 0x70, 0x4c, 0x00, 0x47, 0x70, 0x4c, 0x00, 0x47, 0x70, 0x4c, 0x00, 0x47, 0x70, 0x4c, 0x00,
    0x47, 0x70, 0x4c, 0x00, 0x47, 0x70, 0x4c, 0x00, 0x47, 0x70, 0x4c, 0x00, 0x47, 0x70, 0x4c, 0x00,
    0x47, 0x70, 0x4c, 0x00, 0x47, 0x70, 0x4c, 0x00, 0x47, 0x70, 0x4c, 0x00, 0x47, 0x70, 0x4c, 0x00,
    0x47, 0x70, 0x4c, 0x00, 0x47, 0x70, 0x4c, 0x00, 0x47, 0x70, 0x4c, 0x00, 0x47, 0x70, 0x4c, 0x00,
    0x47, 0x70, 0x4c, 0x00, 0x47, 0x70, 0x4c, 0x00, 0x47, 0x70, 0x4c, 0x00, 0x47, 0x70, 0x4c, 0x00,
    0x47, 0x70, 0x4c, 0x00, 0x47, 0x70, 0x4c, 0x00, 0x47, 0x70, 0x4c, 0x00, 0x47, 0x70, 0x4c, 0x00,
    0x47, 0x70, 0x4c, 0x00, 0x47, 0x70, 0x4c, 0x00, 0x47, 0x70, 0x4c, 0x00, 0x47, 0x70, 0x4c, 0x00,
    0x47, 0x70, 0x4c, 0x00, 0x47, 0x70, 0x4c, 0x00, 0x47, 0x70, 0x4c, 0x00, 0x47, 0x70, 0x4c, 0x00,
    0x47, 0x70, 0x4c, 0x00, 0x47, 0x70, 0x4c, 0x00, 0x47, 0x70, 0x4c, 0x00, 0x47, 0x70, 0x4c, 0x00,
    0x47, 0x70, 0x4c, 0x00, 0x47, 0x70, 0x4c, 0x00, 0x47, 0x70, 0x4c, 0x00, 0x47, 0x70, 0x4c, 0x00,
    0x47, 0x70, 0x4c, 0x00, 0x47, 0x70, 0x4c, 0x00, 0x47, 0x70, 0x4c, 0x00, 0x47, 0x70, 0x4c, 0x00,
    0x47, 0x70, 0x4c, 0x00, 0x47, 0x70, 0x4c, 0x00, 0x47, 0x70, 0x4c, 0x00, 0x47, 0x70, 0x4c, 0x00,
    0x47, 0x70, 0x4c, 0x00, 0x47, 0x70, 0x4c, 0x00, 0x47, 0x70, 0x4c, 0x00, 0x47, 0x70, 0x4c, 0x00,
    0x47, 0x70, 0x4c, 0x00, 0x47, 0x70, 0x4c, 0x00, 0x47, 0x70, 0x4c, 0x00, 0xef, 0xec, 0xf0, 0x4a,
    0xfb, 0xfa, 0xfb, 0xe3, 0xff, 0xff, 0xff, 0xff, 0xfb, 0xfa, 0xfb, 0xe3, 0xee, 0xea, 0xef, 0x3f,
    0xeb, 0xe6, 0xed, 0x2c, 0xf9, 0xf7, 0xf9, 0xc1, 0xfe, 0xfe, 0xfe, 0xff, 0xff, 0xff, 0xff, 0xff,
    0xff, 0xff, 0xff, 0xff, 0xfe, 0xfe, 0xfe, 0xff, 0xfa, 0xf8, 0xfa, 0xcc, 0xf1, 0xee, 0xf2, 0x52,
    0xc8, 0xbb, 0xcc, 0x05, 0x47, 0x70, 0x4c, 0x00, 0x47, 0x70, 0x4c, 0x00, 0x47, 0x70, 0x4c, 0x00,
    0x47, 0x70, 0x4c, 0x00, 0x47, 0x70, 0x4c, 0x00, 0x47, 0x70, 0x4c, 0x00, 0xe4, 0xde, 0xe6, 0x18,
    0xf1, 0xee, 0xf2, 0x52, 0xf6, 0xf3, 0xf6, 0x8d, 0xf9, 0xf7, 0xf9, 0xc1, 0xfb, 0xfa, 0xfb, 0xe3,
    0xfd, 0xfc, 0xfd, 0xf7, 0xfd, 0xfd, 0xfd, 0xfd, 0xfe, 0xfe, 0xfe, 0xff, 0xfe, 0xfe, 0xfe, 0xff,
    0xfe, 0xfe, 0xfe, 0xff, 0xfe, 0xfe, 0xfe, 0xff, 0xfe, 0xfe, 0xfe, 0xff, 0xfd, 0xfc, 0xfd, 0xf7,
    0xfb, 0xfa, 0xfb, 0xe3, 0xfa, 0xf8, 0xfa, 0xcc, 0xf6, 0xf4, 0xf7, 0x99, 0xf1, 0xee, 0xf2, 0x52,
    0xe4, 0xde, 0xe6, 0x18, 0x47, 0x70, 0x4c, 0x00, 0x47, 0x70, 0x4c, 0x00, 0x47, 0x70, 0x4c, 0x00,
    0x47, 0x70, 0x4c, 0x00, 0x47, 0x70, 0x4c, 0x00, 0x47, 0x70, 0x4c, 0x00, 0x9c, 0x86, 0xa3, 0x02,
    0xef, 0xec, 0xf0, 0x4a, 0xfa, 0xf8, 0xfa, 0xcc, 0xfe, 0xfe, 0xfe, 0xff, 0xff, 0xff, 0xff, 0xff,
    0xff, 0xff, 0xff, 0xff, 0xfe, 0xfe, 0xfe, 0xff, 0xf9, 0xf7, 0xf9, 0xc1, 0xeb, 0xe6, 0xed, 0x2c,
    0x47, 0x70, 0x4c, 0x00, 0x47, 0x70, 0x4c, 0x00, 0x47, 0x70, 0x4c, 0x00, 0x47, 0x70, 0x4c, 0x00,
    0x47, 0x70, 0x4c, 0x00, 0x47, 0x70, 0x4c, 0x00, 0x47, 0x70, 0x4c, 0x00, 0x47, 0x70, 0x4c, 0x00,
    0x47, 0x70, 0x4c, 0x00, 0x47, 0x70, 0x4c, 0x00, 0x47, 0x70, 0x4c, 0x00, 0x47, 0x70, 0x4c, 0x00,
    0x47, 0x70, 0x4c, 0x00, 0x47, 0x70, 0x4c, 0x00, 0x47, 0x70, 0x4c, 0x00, 0x47, 0x70, 0x4c, 0x00,
    0x47, 0x70, 0x4c, 0x00, 0x47, 0x70, 0x4c, 0x00, 0x47, 0x70, 0x4c, 0x00, 0x47, 0x70, 0x4c, 0x00,
    0x47, 0x70, 0x4c, 0x00, 0x47, 0x70, 0x4c, 0x00, 0x47, 0x70, 0x4c, 0x00, 0x47, 0x70, 0x4c, 0x00,
    0x47, 0x70, 0x4c, 0x00, 0x47, 0x70, 0x4c, 0x00, 0x47, 0x70, 0x4c, 0x00, 0x47, 0x70, 0x4c, 0x00,
    0x47, 0x70, 0x4c, 0x00, 0x47, 0x70, 0x4c, 0x00, 0x47, 0x70, 0x4c, 0x00, 0x47, 0x70, 0x4c, 0x00,
    0x47, 0x70, 0x4c, 0x00, 0x47, 0x70, 0x4c, 0x00, 0x47, 0x70, 0x4c, 0x00, 0x47, 0x70, 0x4c, 0x00,
    0x47, 0x70, 0x4c, 0x00, 0x47, 0x70, 0x4c, 0x00, 0x47, 0x70, 0x4c, 0x00, 0x47, 0x70, 0x4c, 0x00,
    0x47, 0x70, 0x4c, 0x00, 0x47, 0x70, 0x4c, 0x00, 0x47, 0x70, 0x4c, 0x00, 0x47, 0x70, 0x4c, 0x00,
    0x47, 0x70, 0x4c, 0x00, 0x47, 0x70, 0x4c, 0x00, 0x47, 0x70, 0x4c, 0x00, 0x47, 0x70, 0x4c, 0x00,
    0x47, 0x70, 0x4c, 0x00, 0x47, 0x70, 0x4c, 0x00, 0x47, 0x70, 0x4c, 0x00, 0x47, 0x70, 0x4c, 0x00,
    0x47, 0x70, 0x4c, 0x00, 0x47, 0x70, 0x4c, 0x00, 0x47, 0x70, 0x4c, 0x00, 0x47, 0x70, 0x4c, 0x00,
    0x47, 0x70, 0x4c, 0x00, 0x47, 0x70, 0x4c, 0x00, 0x47, 0x70, 0x4c, 0x00, 0x47, 0x70, 0x4c, 0x00,
    0x47, 0x70, 0x4c, 0x00, 0x47, 0x70, 0x4c, 0x00, 0x47, 0x70, 0x4c, 0x00, 0x47, 0x70, 0x4c, 0x00,
    0x47, 0x70, 0x4c, 0x00, 0x47, 0x70, 0x4c, 0x00, 0x47, 0x70, 0x4c, 0x00, 0x47, 0x70, 0x4c, 0x00,
    0x47, 0x70, 0x4c, 0x00, 0x47, 0x70, 0x4c, 0x00, 0xe4, 0xde, 0xe6, 0x18, 0xf1, 0xee, 0xf2, 0x60,
    0xf6, 0xf3, 0xf6, 0x8d, 0xf4, 0xf2, 0xf5, 0x82, 0xf3, 0xf0, 0xf4, 0x6d, 0xfb, 0xfa, 0xfb, 0xe3,
    0xff, 0xff, 0xff, 0xff, 0xfb, 0xfa, 0xfb, 0xe3, 0xef, 0xec, 0xf0, 0x4a, 0x47, 0x70, 0x4c, 0x00,
    0x47, 0x70, 0x4c, 0x00, 0xe4, 0xde, 0xe6, 0x18, 0xf7, 0xf5, 0xf7, 0xa2, 0xfd, 0xfd, 0xfd, 0xfd,
    0xff, 0xff, 0xff, 0xff, 0xff, 0xff, 0xff, 0xff, 0xff, 0xff, 0xff, 0xff, 0xfc, 0xfb, 0xfc, 0xef,
    0xf6, 0xf4, 0xf7, 0x99, 0xeb, 0xe6, 0xed, 0x2c, 0x47, 0x70, 0x4c, 0x00, 0x47, 0x70, 0x4c, 0x00,
    0x47, 0x70, 0x4c, 0x00, 0x47, 0x70, 0x4c, 0x00, 0x47, 0x70, 0x4c, 0x00, 0x47, 0x70, 0x4c, 0x00,
    0x47, 0x70, 0x4c, 0x00, 0x47, 0x70, 0x4c, 0x00, 0xd8, 0xce, 0xdb, 0x0a, 0xe8, 0xe3, 0xea, 0x22,
    0xee, 0xea, 0xef, 0x3f, 0xf1, 0xee, 0xf2, 0x52, 0xf3, 0xf0, 0xf4, 0x6d, 0xf4, 0xf1, 0xf5, 0x78,
    0xf4, 0xf1, 0xf5, 0x78, 0xf3, 0xf0, 0xf4, 0x6d, 0xf1, 0xee, 0xf2, 0x60, 0xef, 0xec, 0xf0, 0x4a,
    0xeb, 0xe6, 0xed, 0x2c, 0xe0, 0xd8, 0xe2, 0x10, 0x47, 0x70, 0x4c, 0x00, 0x47, 0x70, 0x4c, 0x00,
    0x47, 0x70, 0x4c, 0x00, 0x47, 0x70, 0x4c, 0x00, 0x47, 0x70, 0x4c, 0x00, 0x47, 0x70, 0x4c, 0x00,
    0x47, 0x70, 0x4c, 0x00, 0x47, 0x70, 0x4c, 0x00, 0xeb, 0xe6, 0xed, 0x2c, 0xf6, 0xf4, 0xf7, 0x99,
    0xfc, 0xfb, 0xfc, 0xef, 0xff, 0xff, 0xff, 0xff, 0xff, 0xff, 0xff, 0xff, 0xff, 0xff, 0xff, 0xff,
    0xfd, 0xfd, 0xfd, 0xfd, 0xf7, 0xf5, 0xf7, 0xa2, 0xe8, 0xe3, 0xea, 0x22, 0x47, 0x70, 0x4c, 0x00,
    0x47, 0x70, 0x4c, 0x00, 0x47, 0x70, 0x4c, 0x00, 0x47, 0x70, 0x4c, 0x00, 0x47, 0x70, 0x4c, 0x00,
    0x47, 0x70, 0x4c, 0x00, 0x47, 0x70, 0x4c, 0x00, 0x47, 0x70, 0x4c, 0x00, 0x47, 0x70, 0x4c, 0x00,
    0x47, 0x70, 0x4c, 0x00, 0x47, 0x70, 0x4c, 0x00, 0x47, 0x70, 0x4c, 0x00, 0x47, 0x70, 0x4c, 0x00,
    0x47, 0x70, 0x4c, 0x00, 0x47, 0x70, 0x4c, 0x00, 0x47, 0x70, 0x4c, 0x00, 0x47, 0x70, 0x4c, 0x00,
    0x47, 0x70, 0x4c, 0x00, 0x47, 0x70, 0x4c, 0x00, 0x47, 0x70, 0x4c, 0x00, 0x47, 0x70, 0x4c, 0x00,
    0x47, 0x70, 0x4c, 0x00, 0x47, 0x70, 0x4c, 0x00, 0x47, 0x70, 0x4c, 0x00, 0x47, 0x70, 0x4c, 0x00,
    0x47, 0x70, 0x4c, 0x00, 0x47, 0x70, 0x4c, 0x00, 0x47, 0x70, 0x4c, 0x00, 0x47, 0x70, 0x4c, 0x00,
    0x47, 0x70, 0x4c, 0x00, 0x47, 0x70, 0x4c, 0x00, 0x47, 0x70, 0x4c, 0x00, 0x47, 0x70, 0x4c, 0x00,
    0x47, 0x70, 0x4c, 0x00, 0x47, 0x70, 0x4c, 0x00, 0x47, 0x70, 0x4c, 0x00, 0x47, 0x70, 0x4c, 0x00,
    0x47, 0x70, 0x4c, 0x00, 0x47, 0x70, 0x4c, 0x00, 0x47, 0x70, 0x4c, 0x00, 0x47, 0x70, 0x4c, 0x00,
    0x47, 0x70, 0x4c, 0x00, 0x47, 0x70, 0x4c, 0x00, 0x47, 0x70, 0x4c, 0x00, 0x47, 0x70, 0x4c, 0x00,
    0x47, 0x70, 0x4c, 0x00, 0x47, 0x70, 0x4c, 0x00, 0x47, 0x70, 0x4c, 0x00, 0x47, 0x70, 0x4c, 0x00,
    0x47, 0x70, 0x4c, 0x00, 0x47, 0x70, 0x4c, 0x00, 0x47, 0x70, 0x4c, 0x00, 0x47, 0x70, 0x4c, 0x00,
    0x47, 0x70, 0x4c, 0x00, 0x47, 0x70, 0x4c, 0x00, 0x47, 0x70, 0x4c, 0x00, 0x47, 0x70, 0x4c, 0x00,
    0x47, 0x70, 0x4c, 0x00, 0x47, 0x70, 0x4c, 0x00, 0x47, 0x70, 0x4c, 0x00, 0x47, 0x70, 0x4c, 0x00,
    0x47, 0x70, 0x4c, 0x00, 0x47, 0x70, 0x4c, 0x00, 0x47, 0x70, 0x4c, 0x00, 0x47, 0x70, 0x4c, 0x00,
    0x47, 0x70, 0x4c, 0x00, 0x47, 0x70, 0x4c, 0x00, 0x47, 0x70, 0x4c, 0x00, 0x47, 0x70, 0x4c, 0x00,
    0x47, 0x70, 0x4c, 0x00, 0xe8, 0xe3, 0xea, 0x22, 0xf8, 0xf6, 0xf9, 0xb6, 0xfd, 0xfd, 0xfd, 0xfd,
    0xfe, 0xfe, 0xfe, 0xff, 0xfe, 0xfe, 0xfe, 0xff, 0xfe, 0xfe, 0xfe, 0xff, 0xff, 0xff, 0xff, 0xff,
    0xfb, 0xfa, 0xfb, 0xe3, 0xf1, 0xee, 0xf2, 0x52, 0x47, 0x70, 0x4c, 0x00, 0x47, 0x70, 0x4c, 0x00,
    0x47, 0x70, 0x4c, 0x00, 0x9c, 0x86, 0xa3, 0x02, 0xd8, 0xce, 0xdb, 0x0a, 0xf4, 0xf1, 0xf5, 0x78,
    0xfc, 0xfb, 0xfc, 0xef, 0xff, 0xff, 0xff, 0xff, 0xff, 0xff, 0xff, 0xff, 0xff, 0xff, 0xff, 0xff,
    0xfe, 0xfe, 0xfe, 0xff, 0xfb, 0xfa, 0xfb, 0xe3, 0xf6, 0xf3, 0xf6, 0x8d, 0xeb, 0xe6, 0xed, 0x2c,
    0x9c, 0x86, 0xa3, 0x02, 0x47, 0x70, 0x4c, 0x00, 0x47, 0x70, 0x4c, 0x00, 0x47, 0x70, 0x4c, 0x00,
    0x47, 0x70, 0x4c, 0x00, 0x47, 0x70, 0x4c, 0x00, 0x47, 0x70, 0x4c, 0x00, 0x47, 0x70, 0x4c, 0x00,
    0x47, 0x70, 0x4c, 0x00, 0x47, 0x70, 0x4c, 0x00, 0x47, 0x70, 0x4c, 0x00, 0x47, 0x70, 0x4c, 0x00,
    0x53, 0x3a, 0x5c, 0x01, 0x47, 0x70, 0x4c, 0x00, 0x47, 0x70, 0x4c, 0x00, 0x47, 0x70, 0x4c, 0x00,
    0x47, 0x70, 0x4c, 0x00, 0x47, 0x70, 0x4c, 0x00, 0x47, 0x70, 0x4c, 0x00, 0x47, 0x70, 0x4c, 0x00,
    0x47, 0x70, 0x4c, 0x00, 0x47, 0x70, 0x4c, 0x00, 0x47, 0x70, 0x4c, 0x00, 0x53, 0x3a, 0x5c, 0x01,
    0xeb, 0xe6, 0xed, 0x2c, 0xf4, 0xf2, 0xf5, 0x82, 0xfb, 0xfa, 0xfb, 0xe3, 0xfe, 0xfe, 0xfe, 0xff,
    0xff, 0xff, 0xff, 0xff, 0xff, 0xff, 0xff, 0xff, 0xff, 0xff, 0xff, 0xff, 0xfc, 0xfb, 0xfc, 0xef,
    0xf4, 0xf1, 0xf5, 0x78, 0xd8, 0xce, 0xdb, 0x0a, 0x47, 0x70, 0x4c, 0x00, 0x47, 0x70, 0x4c, 0x00,
    0x47, 0x70, 0x4c, 0x00, 0x47, 0x70, 0x4c, 0x00, 0x47, 0x70, 0x4c, 0x00, 0x47, 0x70, 0x4c, 0x00,
    0x47, 0x70, 0x4c, 0x00, 0x47, 0x70, 0x4c, 0x00, 0x47, 0x70, 0x4c, 0x00, 0x47, 0x70, 0x4c, 0x00,
    0x47, 0x70, 0x4c, 0x00, 0x47, 0x70, 0x4c, 0x00, 0x47, 0x70, 0x4c, 0x00, 0x47, 0x70, 0x4c, 0x00,
    0x47, 0x70, 0x4c, 0x00, 0x47, 0x70, 0x4c, 0x00, 0x47, 0x70, 0x4c, 0x00, 0x47, 0x70, 0x4c, 0x00,
    0x47, 0x70, 0x4c, 0x00, 0x47, 0x70, 0x4c, 0x00, 0x47, 0x70, 0x4c, 0x00, 0x47, 0x70, 0x4c, 0x00,
    0x47, 0x70, 0x4c, 0x00, 0x47, 0x70, 0x4c, 0x00, 0x47, 0x70, 0x4c, 0x00, 0x47, 0x70, 0x4c, 0x00,
    0x47, 0x70, 0x4c, 0x00, 0x47, 0x70, 0x4c, 0x00, 0x47, 0x70, 0x4c, 0x00, 0x47, 0x70, 0x4c, 0x00,
    0x47, 0x70, 0x4c, 0x00, 0x47, 0x70, 0x4c, 0x00, 0x47, 0x70, 0x4c, 0x00, 0x47, 0x70, 0x4c, 0x00,
    0x47, 0x70, 0x4c, 0x00, 0x47, 0x70, 0x4c, 0x00, 0x47, 0x70, 0x4c, 0x00, 0x47, 0x70, 0x4c, 0x00,
    0x47, 0x70, 0x4c, 0x00, 0x47, 0x70, 0x4c, 0x00, 0x47, 0x70, 0x4c, 0x00, 0x47, 0x70, 0x4c, 0x00,
    0x47, 0x70, 0x4c, 0x00, 0x47, 0x70, 0x4c, 0x00, 0x47, 0x70, 0x4c, 0x00, 0x47, 0x70, 0x4c, 0x00,
    0x47, 0x70, 0x4c, 0x00, 0x47, 0x70, 0x4c, 0x00, 0x47, 0x70, 0x4c, 0x00, 0x47, 0x70, 0x4c, 0x00,
    0x47, 0x70, 0x4c, 0x00, 0x47, 0x70, 0x4c, 0x00, 0x47, 0x70, 0x4c, 0x00, 0x47, 0x70, 0x4c, 0x00,
    0x47, 0x70, 0x4c, 0x00, 0x47, 0x70, 0x4c, 0x00, 0x47, 0x70, 0x4c, 0x00, 0x47, 0x70, 0x4c, 0x00,
    0x47, 0x70, 0x4c, 0x00, 0x47, 0x70, 0x4c, 0x00, 0x47, 0x70, 0x4c, 0x00, 0x47, 0x70, 0x4c, 0x00,
    0x47, 0x70, 0x4c, 0x00, 0x47, 0x70, 0x4c, 0x00, 0x47, 0x70, 0x4c, 0x00, 0x47, 0x70, 0x4c, 0x00,
    0x47, 0x70, 0x4c, 0x00, 0x47, 0x70, 0x4c, 0x00, 0x47, 0x70, 0x4c, 0x00, 0x47, 0x70, 0x4c, 0x00,
    0xc8, 0xbb, 0xcc, 0x05, 0xf7, 0xf5, 0xf7, 0xa2, 0xfe, 0xfe, 0xfe, 0xff, 0xff, 0xff, 0xff, 0xff,
    0xff, 0xff, 0xff, 0xff, 0xff, 0xff, 0xff, 0xff, 0xff, 0xff, 0xff, 0xff, 0xfe, 0xfe, 0xfe, 0xff,
    0xf4, 0xf2, 0xf5, 0x82, 0x47, 0x70, 0x4c, 0x00, 0x47, 0x70, 0x4c, 0x00, 0x47, 0x70, 0x4c, 0x00,
    0x47, 0x70, 0x4c, 0x00, 0x47, 0x70, 0x4c, 0x00, 0x47, 0x70, 0x4c, 0x00, 0x47, 0x70, 0x4c, 0x00,
    0xee, 0xea, 0xef, 0x3f, 0xf9, 0xf7, 0xf9, 0xc1, 0xfe, 0xfe, 0xfe, 0xff, 0xff, 0xff, 0xff, 0xff,
    0xff, 0xff, 0xff, 0xff, 0xff, 0xff, 0xff, 0xff, 0xfe, 0xfe, 0xfe, 0xff, 0xfb, 0xfa, 0xfb, 0xe3,
    0xf7, 0xf5, 0xf7, 0xa2, 0xf1, 0xee, 0xf2, 0x52, 0xe4, 0xde, 0xe6, 0x18, 0x47, 0x70, 0x4c, 0x00,
    0x47, 0x70, 0x4c, 0x00, 0x47, 0x70, 0x4c, 0x00, 0x47, 0x70, 0x4c, 0x00, 0x47, 0x70, 0x4c, 0x00,
    0x47, 0x70, 0x4c, 0x00, 0x47, 0x70, 0x4c, 0x00, 0x47, 0x70, 0x4c, 0x00, 0x47, 0x70, 0x4c, 0x00,
    0x47, 0x70, 0x4c, 0x00, 0x47, 0x70, 0x4c, 0x00, 0x47, 0x70, 0x4c, 0x00, 0x47, 0x70, 0x4c, 0x00,
    0x47, 0x70, 0x4c, 0x00, 0x47, 0x70, 0x4c, 0x00, 0x47, 0x70, 0x4c, 0x00, 0x47, 0x70, 0x4c, 0x00,
    0x47, 0x70, 0x4c, 0x00, 0xe0, 0xd8, 0xe2, 0x10, 0xef, 0xec, 0xf0, 0x4a, 0xf6, 0xf4, 0xf7, 0x99,
    0xfb, 0xfa, 0xfb, 0xe3, 0xfe, 0xfe, 0xfe, 0xff, 0xff, 0xff, 0xff, 0xff, 0xff, 0xff, 0xff, 0xff,
    0xff, 0xff, 0xff, 0xff, 0xfe, 0xfe, 0xfe, 0xff, 0xf9, 0xf7, 0xf9, 0xc1, 0xef, 0xec, 0xf0, 0x4a,
    0x47, 0x70, 0x4c, 0x00, 0x47, 0x70, 0x4c, 0x00, 0x47, 0x70, 0x4c, 0x00, 0x47, 0x70, 0x4c, 0x00,
    0x47, 0x70, 0x4c, 0x00, 0x47, 0x70, 0x4c, 0x00, 0x47, 0x70, 0x4c, 0x00, 0x47, 0x70, 0x4c, 0x00,
    0x47, 0x70, 0x4c, 0x00, 0x47, 0x70, 0x4c, 0x00, 0x47, 0x70, 0x4c, 0x00, 0x47, 0x70, 0x4c, 0x00,
    0x47, 0x70, 0x4c, 0x00, 0x47, 0x70, 0x4c, 0x00, 0x47, 0x70, 0x4c, 0x00, 0x47, 0x70, 0x4c, 0x00,
    0x47, 0x70, 0x4c, 0x00, 0x47, 0x70, 0x4c, 0x00, 0x47, 0x70, 0x4c, 0x00, 0x47, 0x70, 0x4c, 0x00,
    0x47, 0x70, 0x4c, 0x00, 0x47, 0x70, 0x4c, 0x00, 0x47, 0x70, 0x4c, 0x00, 0x47, 0x70, 0x4c, 0x00,
    0x47, 0x70, 0x4c, 0x00, 0x47, 0x70, 0x4c, 0x00, 0x47, 0x70, 0x4c, 0x00, 0x47, 0x70, 0x4c, 0x00,
    0x47, 0x70, 0x4c, 0x00, 0x47, 0x70, 0x4c, 0x00, 0x47, 0x70, 0x4c, 0x00, 0x47, 0x70, 0x4c, 0x00,
    0x47, 0x70, 0x4c, 0x00, 0x47, 0x70, 0x4c, 0x00, 0x47, 0x70, 0x4c, 0x00, 0x47, 0x70, 0x4c, 0x00,
    0x47, 0x70, 0x4c, 0x00, 0x47, 0x70, 0x4c, 0x00, 0x47, 0x70, 0x4c, 0x00, 0x47, 0x70, 0x4c, 0x00,
    0x47, 0x70, 0x4c, 0x00, 0x47, 0x70, 0x4c, 0x00, 0x47, 0x70, 0x4c, 0x00, 0x47, 0x70, 0x4c, 0x00,
    0x47, 0x70, 0x4c, 0x00, 0x47, 0x70, 0x4c, 0x00, 0x47, 0x70, 0x4c, 0x00, 0x47, 0x70, 0x4c, 0x00,
    0x47, 0x70, 0x4c, 0x00, 0x47, 0x70, 0x4c, 0x00, 0x47, 0x70, 0x4c, 0x00, 0x47, 0x70, 0x4c, 0x00,
    0x47, 0x70, 0x4c, 0x00, 0x47, 0x70, 0x4c, 0x00, 0x47, 0x70, 0x4c, 0x00, 0x47, 0x70, 0x4c, 0x00,
    0x47, 0x70, 0x4c, 0x00, 0x47, 0x70, 0x4c, 0x00, 0x47, 0x70, 0x4c, 0x00, 0x47, 0x70, 0x4c, 0x00,
    0x47, 0x70, 0x4c, 0x00, 0x47, 0x70, 0x4c, 0x00, 0x47, 0x70, 0x4c, 0x00, 0x47, 0x70, 0x4c, 0x00,
    0x47, 0x70, 0x4c, 0x00, 0x47, 0x70, 0x4c, 0x00, 0x47, 0x70, 0x4c, 0x00, 0x47, 0x70, 0x4c, 0x00,
    0x47, 0x70, 0x4c, 0x00, 0x47, 0x70, 0x4c, 0x00, 0x47, 0x70, 0x4c, 0x00, 0x47, 0x70, 0x4c, 0x00,
    0xe8, 0xe3, 0xea, 0x22, 0xfb, 0xfa, 0xfb, 0xe3, 0xff, 0xff, 0xff, 0xff, 0xff, 0xff, 0xff, 0xff,
    0xff, 0xff, 0xff, 0xff, 0xff, 0xff, 0xff, 0xff, 0xff, 0xff, 0xff, 0xff, 0xfe, 0xfe, 0xfe, 0xff,
    0xf6, 0xf3, 0xf6, 0x8d, 0x47, 0x70, 0x4c, 0x00, 0x47, 0x70, 0x4c, 0x00, 0x47, 0x70, 0x4c, 0x00,
    0x47, 0x70, 0x4c, 0x00, 0x47, 0x70, 0x4c, 0x00, 0x47, 0x70, 0x4c, 0x00, 0x47, 0x70, 0x4c, 0x00,
    0x47, 0x70, 0x4c, 0x00, 0xe0, 0xd8, 0xe2, 0x10, 0xf4, 0xf1, 0xf5, 0x78, 0xfa, 0xf9, 0xfb, 0xd7,
    0xfe, 0xfe, 0xfe, 0xff, 0xff, 0xff, 0xff, 0xff, 0xff, 0xff, 0xff, 0xff, 0xff, 0xff, 0xff, 0xff,
    0xff, 0xff, 0xff, 0xff, 0xfd, 0xfc, 0xfd, 0xf7, 0xfa, 0xf9, 0xfb, 0xd7, 0xf6, 0xf4, 0xf7, 0x99,
    0xf1, 0xee, 0xf2, 0x60, 0xeb, 0xe6, 0xed, 0x2c, 0xe0, 0xd8, 0xe2, 0x10, 0xc8, 0xbb, 0xcc, 0x05,
    0x47, 0x70, 0x4c, 0x00, 0x47, 0x70, 0x4c, 0x00, 0x47, 0x70, 0x4c, 0x00, 0x47, 0x70, 0x4c, 0x00,
    0x47, 0x70, 0x4c, 0x00, 0x47, 0x70, 0x4c, 0x00, 0x47, 0x70, 0x4c, 0x00, 0x47, 0x70, 0x4c, 0x00,
    0x9c, 0x86, 0xa3, 0x02, 0xe0, 0xd8, 0xe2, 0x10, 0xe8, 0xe3, 0xea, 0x22, 0xf1, 0xee, 0xf2, 0x52,
    0xf6, 0xf3, 0xf6, 0x8d, 0xfa, 0xf8, 0xfa, 0xcc, 0xfd, 0xfc, 0xfd, 0xf7, 0xff, 0xff, 0xff, 0xff,
    0xff, 0xff, 0xff, 0xff, 0xff, 0xff, 0xff, 0xff, 0xff, 0xff, 0xff, 0xff, 0xfe, 0xfe, 0xfe, 0xff,
    0xfb, 0xfa, 0xfb, 0xe3, 0xf4, 0xf1, 0xf5, 0x78, 0xe4, 0xde, 0xe6, 0x18, 0x47, 0x70, 0x4c, 0x00,
    0x47, 0x70, 0x4c, 0x00, 0x47, 0x70, 0x4c, 0x00, 0x47, 0x70, 0x4c, 0x00, 0x47, 0x70, 0x4c, 0x00,
    0x47, 0x70, 0x4c, 0x00, 0x47, 0x70, 0x4c, 0x00, 0x47, 0x70, 0x4c, 0x00, 0x47, 0x70, 0x4c, 0x00,
    0x47, 0x70, 0x4c, 0x00, 0x47, 0x70, 0x4c, 0x00, 0x47, 0x70, 0x4c, 0x00, 0x47, 0x70, 0x4c, 0x00,
    0x47, 0x70, 0x4c, 0x00, 0x47, 0x70, 0x4c, 0x00, 0x47, 0x70, 0x4c, 0x00, 0x47, 0x70, 0x4c, 0x00,
    0x47, 0x70, 0x4c, 0x00, 0x47, 0x70, 0x4c, 0x00, 0x47, 0x70, 0x4c, 0x00, 0x47, 0x70, 0x4c, 0x00,
    0x47, 0x70, 0x4c, 0x00, 0x47, 0x70, 0x4c, 0x00, 0x47, 0x70, 0x4c, 0x00, 0x47, 0x70, 0x4c, 0x00,
    0x47, 0x70, 0x4c, 0x00, 0x47, 0x70, 0x4c, 0x00, 0x47, 0x70, 0x4c, 0x00, 0x47, 0x70, 0x4c, 0x00,
    0x47, 0x70, 0x4c, 0x00, 0x47, 0x70, 0x4c, 0x00, 0x47, 0x70, 0x4c, 0x00, 0x47, 0x70, 0x4c, 0x00,
    0x47, 0x70, 0x4c, 0x00, 0x47, 0x70, 0x4c, 0x00, 0x47, 0x70, 0x4c, 0x00, 0x47, 0x70, 0x4c, 0x00,
    0x47, 0x70, 0x4c, 0x00, 0x47, 0x70, 0x4c, 0x00, 0x47, 0x70, 0x4c, 0x00, 0x47, 0x70, 0x4c, 0x00,
    0x47, 0x70, 0x4c, 0x00, 0x47, 0x70, 0x4c, 0x00, 0x47, 0x70, 0x4c, 0x00, 0x47, 0x70, 0x4c, 0x00,
    0x47, 0x70, 0x4c, 0x00, 0x47, 0x70, 0x4c, 0x00, 0x47, 0x70, 0x4c, 0x00, 0x47, 0x70, 0x4c, 0x00,
    0x47, 0x70, 0x4c, 0x00, 0x47, 0x70, 0x4c, 0x00, 0x47, 0x70, 0x4c, 0x00, 0x47, 0x70, 0x4c, 0x00,
    0x47, 0x70, 0x4c, 0x00, 0x47, 0x70, 0x4c, 0x00, 0x47, 0x70, 0x4c, 0x00, 0x47, 0x70, 0x4c, 0x00,
    0x47, 0x70, 0x4c, 0x00, 0x47, 0x70, 0x4c, 0x00, 0x47, 0x70, 0x4c, 0x00, 0x47, 0x70, 0x4c, 0x00,
    0x47, 0x70, 0x4c, 0x00, 0x47, 0x70, 0x4c, 0x00, 0x47, 0x70, 0x4c, 0x00, 0x47, 0x70, 0x4c, 0x00,
    0x47, 0x70, 0x4c, 0x00, 0x47, 0x70, 0x4c, 0x00, 0x47, 0x70, 0x4c, 0x00, 0x47, 0x70, 0x4c, 0x00,
    0x47, 0x70, 0x4c, 0x00, 0x47, 0x70, 0x4c, 0x00, 0x47, 0x70, 0x4c, 0x00, 0x47, 0x70, 0x4c, 0x00,
    0xeb, 0xe6, 0xed, 0x2c, 0xfc, 0xfb, 0xfc, 0xef, 0xff, 0xff, 0xff, 0xff, 0xff, 0xff, 0xff, 0xff,
    0xff, 0xff, 0xff, 0xff, 0xff, 0xff, 0xff, 0xff, 0xff, 0xff, 0xff, 0xff, 0xff, 0xff, 0xff, 0xff,
    0xf6, 0xf4, 0xf7, 0x99, 0x47, 0x70, 0x4c, 0x00, 0x47, 0x70, 0x4c, 0x00, 0x47, 0x70, 0x4c, 0x00,
    0x47, 0x70, 0x4c, 0x00, 0x47, 0x70, 0x4c, 0x00, 0x47, 0x70, 0x4c, 0x00, 0x47, 0x70, 0x4c, 0x00,
    0x47, 0x70, 0x4c, 0x00, 0x47, 0x70, 0x4c, 0x00, 0x47, 0x70, 0x4c, 0x00, 0xe8, 0xe3, 0xea, 0x22,
    0xf6, 0xf3, 0xf6, 0x8d, 0xfb, 0xfa, 0xfb, 0xe3, 0xfe, 0xfe, 0xfe, 0xff, 0xff, 0xff, 0xff, 0xff,
    0xff, 0xff, 0xff, 0xff, 0xff, 0xff, 0xff, 0xff, 0xff, 0xff, 0xff, 0xff, 0xfe, 0xfe, 0xfe, 0xff,
    0xfd, 0xfd, 0xfd, 0xfd, 0xfc, 0xfb, 0xfc, 0xef, 0xfa, 0xf8, 0xfa, 0xcc, 0xf7, 0xf5, 0xf8, 0xab,
    0xf6, 0xf3, 0xf6, 0x8d, 0xf4, 0xf1, 0xf5, 0x78, 0xf3, 0xf0, 0xf4, 0x6d, 0xf1, 0xee, 0xf2, 0x60,
    0xf1, 0xee, 0xf2, 0x60, 0xf3, 0xf0, 0xf4, 0x6d, 0xf4, 0xf1, 0xf5, 0x78, 0xf6, 0xf3, 0xf6, 0x8d,
    0xf7, 0xf5, 0xf8, 0xab, 0xfa, 0xf8, 0xfa, 0xcc, 0xfb, 0xfa, 0xfb, 0xe3, 0xfd, 0xfc, 0xfd, 0xf7,
    0xfe, 0xfe, 0xfe, 0xff, 0xff, 0xff, 0xff, 0xff, 0xff, 0xff, 0xff, 0xff, 0xff, 0xff, 0xff, 0xff,
    0xff, 0xff, 0xff, 0xff, 0xfe, 0xfe, 0xfe, 0xff, 0xfb, 0xfa, 0xfb, 0xe3, 0xf6, 0xf3, 0xf6, 0x8d,
    0xeb, 0xe6, 0xed, 0x2c, 0x47, 0x70, 0x4c, 0x00, 0x47, 0x70, 0x4c, 0x00, 0x47, 0x70, 0x4c, 0x00,
    0x47, 0x70, 0x4c, 0x00, 0x47, 0x70, 0x4c, 0x00, 0x47, 0x70, 0x4c, 0x00, 0x47, 0x70, 0x4c, 0x00,
    0x47, 0x70, 0x4c, 0x00, 0x47, 0x70, 0x4c, 0x00, 0x47, 0x70, 0x4c, 0x00, 0x47, 0x70, 0x4c, 0x00,
    0x47, 0x70, 0x4c, 0x00, 0x47, 0x70, 0x4c, 0x00, 0x47, 0x70, 0x4c, 0x00, 0x47, 0x70, 0x4c, 0x00,
    0x47, 0x70, 0x4c, 0x00, 0x47, 0x70, 0x4c, 0x00, 0x47, 0x70, 0x4c, 0x00, 0x47, 0x70, 0x4c, 0x00,
    0x47, 0x70, 0x4c, 0x00, 0x47, 0x70, 0x4c, 0x00, 0x47, 0x70, 0x4c, 0x00, 0x47, 0x70, 0x4c, 0x00,
    0x47, 0x70, 0x4c, 0x00, 0x47, 0x70, 0x4c, 0x00, 0x47, 0x70, 0x4c, 0x00, 0x47, 0x70, 0x4c, 0x00,
    0x47, 0x70, 0x4c, 0x00, 0x47, 0x70, 0x4c, 0x00, 0x47, 0x70, 0x4c, 0x00, 0x47, 0x70, 0x4c, 0x00,
    0x47, 0x70, 0x4c, 0x00, 0x47, 0x70, 0x4c, 0x00, 0x47, 0x70, 0x4c, 0x00, 0x47, 0x70, 0x4c, 0x00,
    0x47, 0x70, 0x4c, 0x00, 0x47, 0x70, 0x4c, 0x00, 0x47, 0x70, 0x4c, 0x00, 0x47, 0x70, 0x4c, 0x00,
    0x47, 0x70, 0x4c, 0x00, 0x47, 0x70, 0x4c, 0x00, 0x47, 0x70, 0x4c, 0x00, 0x47, 0x70, 0x4c, 0x00,
    0x47, 0x70, 0x4c, 0x00, 0x47, 0x70, 0x4c, 0x00, 0x47, 0x70, 0x4c, 0x00, 0x47, 0x70, 0x4c, 0x00,
    0x47, 0x70, 0x4c, 0x00, 0x47, 0x70, 0x4c, 0x00, 0x47, 0x70, 0x4c, 0x00, 0x47, 0x70, 0x4c, 0x00,
    0x47, 0x70, 0x4c, 0x00, 0x47, 0x70, 0x4c, 0x00, 0x47, 0x70, 0x4c, 0x00, 0x47, 0x70, 0x4c, 0x00,
    0x47, 0x70, 0x4c, 0x00, 0x47, 0x70, 0x4c, 0x00, 0x47, 0x70, 0x4c, 0x00, 0x47, 0x70, 0x4c, 0x00,
    0x47, 0x70, 0x4c, 0x00, 0x47, 0x70, 0x4c, 0x00, 0x47, 0x70, 0x4c, 0x00, 0x47, 0x70, 0x4c, 0x00,
    0x47, 0x70, 0x4c, 0x00, 0x47, 0x70, 0x4c, 0x00, 0x47, 0x70, 0x4c, 0x00, 0x47, 0x70, 0x4c, 0x00,
    0x47, 0x70, 0x4c, 0x00, 0x47, 0x70, 0x4c, 0x00, 0x47, 0x70, 0x4c, 0x00, 0x47, 0x70, 0x4c, 0x00,
    0x47, 0x70, 0x4c, 0x00, 0x47, 0x70, 0x4c, 0x00, 0x47, 0x70, 0x4c, 0x00, 0x47, 0x70, 0x4c, 0x00,
    0xe4, 0xde, 0xe6, 0x18, 0xfa, 0xf8, 0xfa, 0xcc, 0xff, 0xff, 0xff, 0xff, 0xff, 0xff, 0xff, 0xff,
    0xff, 0xff, 0xff, 0xff, 0xff, 0xff, 0xff, 0xff, 0xff, 0xff, 0xff, 0xff, 0xfe, 0xfe, 0xfe, 0xff,
    0xf3, 0xf0, 0xf4, 0x6d, 0x47, 0x70, 0x4c, 0x00, 0x47, 0x70, 0x4c, 0x00, 0x47, 0x70, 0x4c, 0x00,
    0x47, 0x70, 0x4c, 0x00, 0x47, 0x70, 0x4c, 0x00, 0x47, 0x70, 0x4c, 0x00, 0x47, 0x70, 0x4c, 0x00,
    0x47, 0x70, 0x4c, 0x00, 0x47, 0x70, 0x4c, 0x00, 0x47, 0x70, 0x4c, 0x00, 0x47, 0x70, 0x4c, 0x00,
    0x47, 0x70, 0x4c, 0x00, 0xe8, 0xe3, 0xea, 0x22, 0xf4, 0xf1, 0xf5, 0x78, 0xfa, 0xf8, 0xfa, 0xcc,
    0xfd, 0xfc, 0xfd, 0xf7, 0xff, 0xff, 0xff, 0xff, 0xff, 0xff, 0xff, 0xff, 0xff, 0xff, 0xff, 0xff,
    0xff, 0xff, 0xff, 0xff, 0xff, 0xff, 0xff, 0xff, 0xff, 0xff, 0xff, 0xff, 0xff, 0xff, 0xff, 0xff,
    0xff, 0xff, 0xff, 0xff, 0xfe, 0xfe, 0xfe, 0xff, 0xfe, 0xfe, 0xfe, 0xff, 0xfe, 0xfe, 0xfe, 0xff,
    0xfe, 0xfe, 0xfe, 0xff, 0xfe, 0xfe, 0xfe, 0xff, 0xfe, 0xfe, 0xfe, 0xff, 0xfe, 0xfe, 0xfe, 0xff,
    0xff, 0xff, 0xff, 0xff, 0xff, 0xff, 0xff, 0xff, 0xff, 0xff, 0xff, 0xff, 0xff, 0xff, 0xff, 0xff,
    0xff, 0xff, 0xff, 0xff, 0xff, 0xff, 0xff, 0xff, 0xff, 0xff, 0xff, 0xff, 0xfd, 0xfd, 0xfd, 0xfd,
    0xfa, 0xf9, 0xfb, 0xd7, 0xf4, 0xf2, 0xf5, 0x82, 0xeb, 0xe6, 0xed, 0x2c, 0x47, 0x70, 0x4c, 0x00,
    0x47, 0x70, 0x4c, 0x00, 0x47, 0x70, 0x4c, 0x00, 0x47, 0x70, 0x4c, 0x00, 0x47, 0x70, 0x4c, 0x00,
    0x47, 0x70, 0x4c, 0x00, 0x47, 0x70, 0x4c, 0x00, 0x47, 0x70, 0x4c, 0x00, 0x47, 0x70, 0x4c, 0x00,
    0x47, 0x70, 0x4c, 0x00, 0x47, 0x70, 0x4c, 0x00, 0x47, 0x70, 0x4c, 0x00, 0x47, 0x70, 0x4c, 0x00,
    0x47, 0x70, 0x4c, 0x00, 0x47, 0x70, 0x4c, 0x00, 0x47, 0x70, 0x4c, 0x00, 0x47, 0x70, 0x4c, 0x00,
    0x47, 0x70, 0x4c, 0x00, 0x47, 0x70, 0x4c, 0x00, 0x47, 0x70, 0x4c, 0x00, 0x47, 0x70, 0x4c, 0x00,
    0x47, 0x70, 0x4c, 0x00, 0x47, 0x70, 0x4c, 0x00, 0x47, 0x70, 0x4c, 0x00, 0x47, 0x70, 0x4c, 0x00,
    0x47, 0x70, 0x4c, 0x00, 0x47, 0x70, 0x4c, 0x00, 0x47, 0x70, 0x4c, 0x00, 0x47, 0x70, 0x4c, 0x00,
    0x47, 0x70, 0x4c, 0x00, 0x47, 0x70, 0x4c, 0x00, 0x47, 0x70, 0x4c, 0x00, 0x47, 0x70, 0x4c, 0x00,
    0x47, 0x70, 0x4c, 0x00, 0x47, 0x70, 0x4c, 0x00, 0x47, 0x70, 0x4c, 0x00, 0x47, 0x70, 0x4c, 0x00,
    0x47, 0x70, 0x4c, 0x00, 0x47, 0x70, 0x4c, 0x00, 0x47, 0x70, 0x4c, 0x00, 0x47, 0x70, 0x4c, 0x00,
    0x47, 0x70, 0x4c, 0x00, 0x47, 0x70, 0x4c, 0x00, 0x47, 0x70, 0x4c, 0x00, 0x47, 0x70, 0x4c, 0x00,
    0x47, 0x70, 0x4c, 0x00, 0x47, 0x70, 0x4c, 0x00, 0x47, 0x70, 0x4c, 0x00, 0x47, 0x70, 0x4c, 0x00,
    0x47, 0x70, 0x4c, 0x00, 0x47, 0x70, 0x4c, 0x00, 0x47, 0x70, 0x4c, 0x00, 0x47, 0x70, 0x4c, 0x00,
    0x47, 0x70, 0x4c, 0x00, 0x47, 0x70, 0x4c, 0x00, 0x47, 0x70, 0x4c, 0x00, 0x47, 0x70, 0x4c, 0x00,
    0x47, 0x70, 0x4c, 0x00, 0x47, 0x70, 0x4c, 0x00, 0x47, 0x70, 0x4c, 0x00, 0x47, 0x70, 0x4c, 0x00,
    0x47, 0x70, 0x4c, 0x00, 0x47, 0x70, 0x4c, 0x00, 0x47, 0x70, 0x4c, 0x00, 0x47, 0x70, 0x4c, 0x00,
    0x47, 0x70, 0x4c, 0x00, 0x47, 0x70, 0x4c, 0x00, 0x47, 0x70, 0x4c, 0x00, 0x47, 0x70, 0x4c, 0x00,
    0x47, 0x70, 0x4c, 0x00, 0x47, 0x70, 0x4c, 0x00, 0x47, 0x70, 0x4c, 0x00, 0x47, 0x70, 0x4c, 0x00,
    0x47, 0x70, 0x4c, 0x00, 0x47, 0x70, 0x4c, 0x00, 0x47, 0x70, 0x4c, 0x00, 0x47, 0x70, 0x4c, 0x00,
    0x47, 0x70, 0x4c, 0x00, 0xf1, 0xee, 0xf2, 0x60, 0xfd, 0xfc, 0xfd, 0xf7, 0xff, 0xff, 0xff, 0xff,
    0xff, 0xff, 0xff, 0xff, 0xff, 0xff, 0xff, 0xff, 0xff, 0xff, 0xff, 0xff, 0xf9, 0xf7, 0xf9, 0xc1,
    0xe4, 0xde, 0xe6, 0x18, 0x47, 0x70, 0x4c, 0x00, 0x47, 0x70, 0x4c, 0x00, 0x47, 0x70, 0x4c, 0x00,
    0x47, 0x70, 0x4c, 0x00, 0x47, 0x70, 0x4c, 0x00, 0x47, 0x70, 0x4c, 0x00, 0x47, 0x70, 0x4c, 0x00,
    0x47, 0x70, 0x4c, 0x00, 0x47, 0x70, 0x4c, 0x00, 0x47, 0x70, 0x4c, 0x00, 0x47, 0x70, 0x4c, 0x00,
    0x47, 0x70, 0x4c, 0x00, 0x9c, 0x86, 0xa3, 0x02, 0x53, 0x3a, 0x5c, 0x01, 0xe4, 0xde, 0xe6, 0x18,
    0xf1, 0xee, 0xf2, 0x52, 0xf6, 0xf4, 0xf7, 0x99, 0xfa, 0xf9, 0xfb, 0xd7, 0xfd, 0xfc, 0xfd, 0xf7,
    0xfe, 0xfe, 0xfe, 0xff, 0xff, 0xff, 0xff, 0xff, 0xff, 0xff, 0xff, 0xff, 0xff, 0xff, 0xff, 0xff,
    0xff, 0xff, 0xff, 0xff, 0xff, 0xff, 0xff, 0xff, 0xff, 0xff, 0xff, 0xff, 0xff, 0xff, 0xff, 0xff,
    0xff, 0xff, 0xff, 0xff, 0xff, 0xff, 0xff, 0xff, 0xff, 0xff, 0xff, 0xff, 0xff, 0xff, 0xff, 0xff,
    0xff, 0xff, 0xff, 0xff, 0xff, 0xff, 0xff, 0xff, 0xfe, 0xfe, 0xfe, 0xff, 0xfe, 0xfe, 0xfe, 0xff,
    0xfd, 0xfc, 0xfd, 0xf7, 0xfa, 0xf9, 0xfb, 0xd7, 0xf6, 0xf4, 0xf7, 0x99, 0xf1, 0xee, 0xf2, 0x52,
    0xe4, 0xde, 0xe6, 0x18, 0x47, 0x70, 0x4c, 0x00, 0x47, 0x70, 0x4c, 0x00, 0x47, 0x70, 0x4c, 0x00,
    0x47, 0x70, 0x4c, 0x00, 0x47, 0x70, 0x4c, 0x00, 0x47, 0x70, 0x4c, 0x00, 0x47, 0x70, 0x4c, 0x00,
    0x47, 0x70, 0x4c, 0x00, 0x47, 0x70, 0x4c, 0x00, 0x47, 0x70, 0x4c, 0x00, 0x47, 0x70, 0x4c, 0x00,
    0x47, 0x70, 0x4c, 0x00, 0x47, 0x70, 0x4c, 0x00, 0x47, 0x70, 0x4c, 0x00, 0x47, 0x70, 0x4c, 0x00,
    0x47, 0x70, 0x4c, 0x00, 0x47, 0x70, 0x4c, 0x00, 0x47, 0x70, 0x4c, 0x00, 0x47, 0x70, 0x4c, 0x00,
    0x47, 0x70, 0x4c, 0x00, 0x47, 0x70, 0x4c, 0x00, 0x47, 0x70, 0x4c, 0x00, 0x47, 0x70, 0x4c, 0x00,
    0x47, 0x70, 0x4c, 0x00, 0x47, 0x70, 0x4c, 0x00, 0x47, 0x70, 0x4c, 0x00, 0x47, 0x70, 0x4c, 0x00,
    0x47, 0x70, 0x4c, 0x00, 0x47, 0x70, 0x4c, 0x00, 0x47, 0x70, 0x4c, 0x00, 0x47, 0x70, 0x4c, 0x00,
    0x47, 0x70, 0x4c, 0x00, 0x47, 0x70, 0x4c, 0x00, 0x47, 0x70, 0x4c, 0x00, 0x47, 0x70, 0x4c, 0x00,
    0x47, 0x70, 0x4c, 0x00, 0x47, 0x70, 0x4c, 0x00, 0x47, 0x70, 0x4c, 0x00, 0x47, 0x70, 0x4c, 0x00,
    0x47, 0x70, 0x4c, 0x00, 0x47, 0x70, 0x4c, 0x00, 0x47, 0x70, 0x4c, 0x00, 0x47, 0x70, 0x4c, 0x00,
    0x47, 0x70, 0x4c, 0x00, 0x47, 0x70, 0x4c, 0x00, 0x47, 0x70, 0x4c, 0x00, 0x47, 0x70, 0x4c, 0x00,
    0x47, 0x70, 0x4c, 0x00, 0x47, 0x70, 0x4c, 0x00, 0x47, 0x70, 0x4c, 0x00, 0x47, 0x70, 0x4c, 0x00,
    0x47, 0x70, 0x4c, 0x00, 0x47, 0x70, 0x4c, 0x00, 0x47, 0x70, 0x4c, 0x00, 0x47, 0x70, 0x4c, 0x00,
    0x47, 0x70, 0x4c, 0x00, 0x47, 0x70, 0x4c, 0x00, 0x47, 0x70, 0x4c, 0x00, 0x47, 0x70, 0x4c, 0x00,
    0x47, 0x70, 0x4c, 0x00, 0x47, 0x70, 0x4c, 0x00, 0x47, 0x70, 0x4c, 0x00, 0x47, 0x70, 0x4c, 0x00,
    0x47, 0x70, 0x4c, 0x00, 0x47, 0x70, 0x4c, 0x00, 0x47, 0x70, 0x4c, 0x00, 0x47, 0x70, 0x4c, 0x00,
    0x47, 0x70, 0x4c, 0x00, 0x47, 0x70, 0x4c, 0x00, 0x47, 0x70, 0x4c, 0x00, 0x47, 0x70, 0x4c, 0x00,
    0x47, 0x70, 0x4c, 0x00, 0x47, 0x70, 0x4c, 0x00, 0x47, 0x70, 0x4c, 0x00, 0x47, 0x70, 0x4c, 0x00,
    0x47, 0x70, 0x4c, 0x00, 0x47, 0x70, 0x4c, 0x00, 0x47, 0x70, 0x4c, 0x00, 0x47, 0x70, 0x4c, 0x00,
    0x47, 0x70, 0x4c, 0x00, 0xc8, 0xbb, 0xcc, 0x05, 0xf1, 0xee, 0xf2, 0x60, 0xfa, 0xf8, 0xfa, 0xcc,
    0xfc, 0xfb, 0xfc, 0xef, 0xfb, 0xfa, 0xfb, 0xe3, 0xf7, 0xf5, 0xf8, 0xab, 0xeb, 0xe6, 0xed, 0x2c,
    0x47, 0x70, 0x4c, 0x00, 0x47, 0x70, 0x4c, 0x00, 0x47, 0x70, 0x4c, 0x00, 0x47, 0x70, 0x4c, 0x00,
    0x47, 0x70, 0x4c, 0x00, 0x47, 0x70, 0x4c, 0x00, 0x47, 0x70, 0x4c, 0x00, 0x47, 0x70, 0x4c, 0x00,
    0x47, 0x70, 0x4c, 0x00, 0x47, 0x70, 0x4c, 0x00, 0x47, 0x70, 0x4c, 0x00, 0x47, 0x70, 0x4c, 0x00,
    0x47, 0x70, 0x4c, 0x00, 0x47, 0x70, 0x4c, 0x00, 0x47, 0x70, 0x4c, 0x00, 0x47, 0x70, 0x4c, 0x00,
    0x47, 0x70, 0x4c, 0x00, 0x53, 0x3a, 0x5c, 0x01, 0xe4, 0xde, 0xe6, 0x18, 0xee, 0xea, 0xef, 0x3f,
    0xf4, 0xf1, 0xf5, 0x78, 0xf7, 0xf5, 0xf7, 0xa2, 0xfa, 0xf8, 0xfa, 0xcc, 0xfb, 0xfa, 0xfb, 0xe3,
    0xfc, 0xfb, 0xfc, 0xef, 0xfd, 0xfc, 0xfd, 0xf7, 0xfd, 0xfd, 0xfd, 0xfd, 0xff, 0xff, 0xff, 0xff,
    0xff, 0xff, 0xff, 0xff, 0xfd, 0xfd, 0xfd, 0xfd, 0xfd, 0xfc, 0xfd, 0xf7, 0xfc, 0xfb, 0xfc, 0xef,
    0xfb, 0xfa, 0xfb, 0xe3, 0xfa, 0xf8, 0xfa, 0xcc, 0xf7, 0xf5, 0xf8, 0xab, 0xf4, 0xf1, 0xf5, 0x78,
    0xef, 0xec, 0xf0, 0x4a, 0xe4, 0xde, 0xe6, 0x18, 0x53, 0x3a, 0x5c, 0x01, 0x47, 0x70, 0x4c, 0x00,
    0x47, 0x70, 0x4c, 0x00, 0x47, 0x70, 0x4c, 0x00, 0x47, 0x70, 0x4c, 0x00, 0x47, 0x70, 0x4c, 0x00,
    0x47, 0x70, 0x4c, 0x00, 0x47, 0x70, 0x4c, 0x00, 0x47, 0x70, 0x4c, 0x00, 0x47, 0x70, 0x4c, 0x00,
    0x47, 0x70, 0x4c, 0x00, 0x47, 0x70, 0x4c, 0x00, 0x47, 0x70, 0x4c, 0x00, 0x47, 0x70, 0x4c, 0x00,
    0x47, 0x70, 0x4c, 0x00, 0x47, 0x70, 0x4c, 0x00, 0x47, 0x70, 0x4c, 0x00, 0x47, 0x70, 0x4c, 0x00,
    0x47, 0x70, 0x4c, 0x00, 0x47, 0x70, 0x4c, 0x00, 0x47, 0x70, 0x4c, 0x00, 0x47, 0x70, 0x4c, 0x00,
    0x47, 0x70, 0x4c, 0x00, 0x47, 0x70, 0x4c, 0x00, 0x47, 0x70, 0x4c, 0x00, 0x47, 0x70, 0x4c, 0x00,
    0x47, 0x70, 0x4c, 0x00, 0x47, 0x70, 0x4c, 0x00, 0x47, 0x70, 0x4c, 0x00, 0x47, 0x70, 0x4c, 0x00,
    0x47, 0x70, 0x4c, 0x00, 0x47, 0x70, 0x4c, 0x00, 0x47, 0x70, 0x4c, 0x00, 0x47, 0x70, 0x4c, 0x00,
    0x47, 0x70, 0x4c, 0x00, 0x47, 0x70, 0x4c, 0x00, 0x47, 0x70, 0x4c, 0x00, 0x47, 0x70, 0x4c, 0x00,
    0x47, 0x70, 0x4c, 0x00, 0x47, 0x70, 0x4c, 0x00, 0x47, 0x70, 0x4c, 0x00, 0x47, 0x70, 0x4c, 0x00,
    0x47, 0x70, 0x4c, 0x00, 0x47, 0x70, 0x4c, 0x00, 0x47, 0x70, 0x4c, 0x00, 0x47, 0x70, 0x4c, 0x00,
    0x47, 0x70, 0x4c, 0x00, 0x47, 0x70, 0x4c, 0x00, 0x47, 0x70, 0x4c, 0x00, 0x47, 0x70, 0x4c, 0x00,
    0x47, 0x70, 0x4c, 0x00, 0x47, 0x70, 0x4c, 0x00, 0x47, 0x70, 0x4c, 0x00, 0x47, 0x70, 0x4c, 0x00,
    0x47, 0x70, 0x4c, 0x00, 0x47, 0x70, 0x4c, 0x00, 0x47, 0x70, 0x4c, 0x00, 0x47, 0x70, 0x4c, 0x00,
    0x47, 0x70, 0x4c, 0x00, 0x47, 0x70, 0x4c, 0x00, 0x47, 0x70, 0x4c, 0x00, 0x47, 0x70, 0x4c, 0x00,
    0x47, 0x70, 0x4c, 0x00, 0x47, 0x70, 0x4c, 0x00, 0x47, 0x70, 0x4c, 0x00, 0x47, 0x70, 0x4c, 0x00,
    0x47, 0x70, 0x4c, 0x00, 0x47, 0x70, 0x4c, 0x00, 0x47, 0x70, 0x4c, 0x00, 0x47, 0x70, 0x4c, 0x00,
    0x47, 0x70, 0x4c, 0x00, 0x47, 0x70, 0x4c, 0x00, 0x47, 0x70, 0x4c, 0x00, 0x47, 0x70, 0x4c, 0x00,
    0x47, 0x70, 0x4c, 0x00, 0x47, 0x70, 0x4c, 0x00, 0x47, 0x70, 0x4c, 0x00, 0x47, 0x70, 0x4c, 0x00,
    0x47, 0x70, 0x4c, 0x00, 0x47, 0x70, 0x4c, 0x00, 0x47, 0x70, 0x4c, 0x00, 0x47, 0x70, 0x4c, 0x00,
    0x47, 0x70, 0x4c, 0x00, 0x47, 0x70, 0x4c, 0x00, 0x47, 0x70, 0x4c, 0x00, 0xe0, 0xd8, 0xe2, 0x10,
    0xeb, 0xe6, 0xed, 0x2c, 0xe8, 0xe3, 0xea, 0x22, 0xc8, 0xbb, 0xcc, 0x05, 0x47, 0x70, 0x4c, 0x00,
    0x47, 0x70, 0x4c, 0x00, 0x47, 0x70, 0x4c, 0x00, 0x47, 0x70, 0x4c, 0x00, 0x47, 0x70, 0x4c, 0x00,
    0x47, 0x70, 0x4c, 0x00, 0x47, 0x70, 0x4c, 0x00, 0x47, 0x70, 0x4c, 0x00, 0x47, 0x70, 0x4c, 0x00,
    0x47, 0x70, 0x4c, 0x00, 0x47, 0x70, 0x4c, 0x00, 0x47, 0x70, 0x4c, 0x00, 0x47, 0x70, 0x4c, 0x00,
    0x47, 0x70, 0x4c, 0x00, 0x47, 0x70, 0x4c, 0x00, 0x47, 0x70, 0x4c, 0x00, 0x47, 0x70, 0x4c, 0x00,
    0x47, 0x70, 0x4c, 0x00, 0x47, 0x70, 0x4c, 0x00, 0x47, 0x70, 0x4c, 0x00, 0x47, 0x70, 0x4c, 0x00,
    0x47, 0x70, 0x4c, 0x00, 0x9c, 0x86, 0xa3, 0x02, 0xe0, 0xd8, 0xe2, 0x10, 0xe8, 0xe3, 0xea, 0x22,
    0xed, 0xe9, 0xef, 0x35, 0xee, 0xea, 0xef, 0x3f, 0xf4, 0xf2, 0xf5, 0x82, 0xfd, 0xfd, 0xfd, 0xfd,
    0xfd, 0xfd, 0xfd, 0xfd, 0xf4, 0xf2, 0xf5, 0x82, 0xee, 0xea, 0xef, 0x3f, 0xed, 0xe9, 0xef, 0x35,
    0xe8, 0xe3, 0xea, 0x22, 0xe0, 0xd8, 0xe2, 0x10, 0x9c, 0x86, 0xa3, 0x02, 0x47, 0x70, 0x4c, 0x00,
    0x47, 0x70, 0x4c, 0x00, 0x47, 0x70, 0x4c, 0x00, 0x47, 0x70, 0x4c, 0x00, 0x47, 0x70, 0x4c, 0x00,
    0x47, 0x70, 0x4c, 0x00, 0x47, 0x70, 0x4c, 0x00, 0x47, 0x70, 0x4c, 0x00, 0x47, 0x70, 0x4c, 0x00,
    0x47, 0x70, 0x4c, 0x00, 0x47, 0x70, 0x4c, 0x00, 0x47, 0x70, 0x4c, 0x00, 0x47, 0x70, 0x4c, 0x00,
    0x47, 0x70, 0x4c, 0x00, 0x47, 0x70, 0x4c, 0x00, 0x47, 0x70, 0x4c, 0x00, 0x47, 0x70, 0x4c, 0x00,
    0x47, 0x70, 0x4c, 0x00, 0x47, 0x70, 0x4c, 0x00, 0x47, 0x70, 0x4c, 0x00, 0x47, 0x70, 0x4c, 0x00,
    0x47, 0x70, 0x4c, 0x00, 0x47, 0x70, 0x4c, 0x00, 0x47, 0x70, 0x4c, 0x00, 0x47, 0x70, 0x4c, 0x00,
    0x47, 0x70, 0x4c, 0x00, 0x47, 0x70, 0x4c, 0x00, 0x47, 0x70, 0x4c, 0x00, 0x47, 0x70, 0x4c, 0x00,
    0x47, 0x70, 0x4c, 0x00, 0x47, 0x70, 0x4c, 0x00, 0x47, 0x70, 0x4c, 0x00, 0x47, 0x70, 0x4c, 0x00,
    0x47, 0x70, 0x4c, 0x00, 0x47, 0x70, 0x4c, 0x00, 0x47, 0x70, 0x4c, 0x00, 0x47, 0x70, 0x4c, 0x00,
    0x47, 0x70, 0x4c, 0x00, 0x47, 0x70, 0x4c, 0x00, 0x47, 0x70, 0x4c, 0x00, 0x47, 0x70, 0x4c, 0x00,
    0x47, 0x70, 0x4c, 0x00, 0x47, 0x70, 0x4c, 0x00, 0x47, 0x70, 0x4c, 0x00, 0x47, 0x70, 0x4c, 0x00,
    0x47, 0x70, 0x4c, 0x00, 0x47, 0x70, 0x4c, 0x00, 0x47, 0x70, 0x4c, 0x00, 0x47, 0x70, 0x4c, 0x00,
    0x47, 0x70, 0x4c, 0x00, 0x47, 0x70, 0x4c, 0x00, 0x47, 0x70, 0x4c, 0x00, 0x47, 0x70, 0x4c, 0x00,
    0x47, 0x70, 0x4c, 0x00, 0x47, 0x70, 0x4c, 0x00, 0x47, 0x70, 0x4c, 0x00, 0x47, 0x70, 0x4c, 0x00,
    0x47, 0x70, 0x4c, 0x00, 0x47, 0x70, 0x4c, 0x00, 0x47, 0x70, 0x4c, 0x00, 0x47, 0x70, 0x4c, 0x00,
    0x47, 0x70, 0x4c, 0x00, 0x47, 0x70, 0x4c, 0x00, 0x47, 0x70, 0x4c, 0x00, 0x47, 0x70, 0x4c, 0x00,
    0x47, 0x70, 0x4c, 0x00, 0x47, 0x70, 0x4c, 0x00, 0x47, 0x70, 0x4c, 0x00, 0x47, 0x70, 0x4c, 0x00,
    0x47, 0x70, 0x4c, 0x00, 0x47, 0x70, 0x4c, 0x00, 0x47, 0x70, 0x4c, 0x00, 0x47, 0x70, 0x4c, 0x00,
    0x47, 0x70, 0x4c, 0x00, 0x47, 0x70, 0x4c, 0x00, 0x47, 0x70, 0x4c, 0x00, 0x47, 0x70, 0x4c, 0x00,
    0x47, 0x70, 0x4c, 0x00, 0x47, 0x70, 0x4c, 0x00, 0x47, 0x70, 0x4c, 0x00, 0x47, 0x70, 0x4c, 0x00,
    0x47, 0x70, 0x4c, 0x00, 0x47, 0x70, 0x4c, 0x00, 0x47, 0x70, 0x4c, 0x00, 0x47, 0x70, 0x4c, 0x00,
    0x47, 0x70, 0x4c, 0x00, 0x47, 0x70, 0x4c, 0x00, 0x47, 0x70, 0x4c, 0x00, 0x9c, 0x86, 0xa3, 0x02,
    0x9c, 0x86, 0xa3, 0x02, 0x9c, 0x86, 0xa3, 0x02, 0x47, 0x70, 0x4c, 0x00, 0x47, 0x70, 0x4c, 0x00,
    0x47, 0x70, 0x4c, 0x00, 0x47, 0x70, 0x4c, 0x00, 0x47, 0x70, 0x4c, 0x00, 0x47, 0x70, 0x4c, 0x00,
    0x47, 0x70, 0x4c, 0x00, 0x47, 0x70, 0x4c, 0x00, 0x47, 0x70, 0x4c, 0x00, 0x47, 0x70, 0x4c, 0x00,
    0x47, 0x70, 0x4c, 0x00, 0x47, 0x70, 0x4c, 0x00, 0x47, 0x70, 0x4c, 0x00, 0x47, 0x70, 0x4c, 0x00,
    0x47, 0x70, 0x4c, 0x00, 0x47, 0x70, 0x4c, 0x00, 0x47, 0x70, 0x4c, 0x00, 0x47, 0x70, 0x4c, 0x00,
    0x47, 0x70, 0x4c, 0x00, 0x47, 0x70, 0x4c, 0x00, 0x47, 0x70, 0x4c, 0x00, 0x47, 0x70, 0x4c, 0x00,
    0x47, 0x70, 0x4c, 0x00, 0x47, 0x70, 0x4c, 0x00, 0x47, 0x70, 0x4c, 0x00, 0x47, 0x70, 0x4c, 0x00,
    0x47, 0x70, 0x4c, 0x00, 0x47, 0x70, 0x4c, 0x00, 0xef, 0xec, 0xf0, 0x4a, 0xfd, 0xfd, 0xfd, 0xfd,
    0xfd, 0xfd, 0xfd, 0xfd, 0xf1, 0xee, 0xf2, 0x52, 0x47, 0x70, 0x4c, 0x00, 0x47, 0x70, 0x4c, 0x00,
    0x47, 0x70, 0x4c, 0x00, 0x47, 0x70, 0x4c, 0x00, 0x47, 0x70, 0x4c, 0x00, 0x47, 0x70, 0x4c, 0x00,
    0x47, 0x70, 0x4c, 0x00, 0x47, 0x70, 0x4c, 0x00, 0x47, 0x70, 0x4c, 0x00, 0x47, 0x70, 0x4c, 0x00,
    0x47, 0x70, 0x4c, 0x00, 0x47, 0x70, 0x4c, 0x00, 0x47, 0x70, 0x4c, 0x00, 0x47, 0x70, 0x4c, 0x00,
    0x47, 0x70, 0x4c, 0x00, 0x47, 0x70, 0x4c, 0x00, 0x47, 0x70, 0x4c, 0x00, 0x47, 0x70, 0x4c, 0x00,
    0x47, 0x70, 0x4c, 0x00, 0x47, 0x70, 0x4c, 0x00, 0x47, 0x70, 0x4c, 0x00, 0x47, 0x70, 0x4c, 0x00,
    0x47, 0x70, 0x4c, 0x00, 0x47, 0x70, 0x4c, 0x00, 0x47, 0x70, 0x4c, 0x00, 0x47, 0x70, 0x4c, 0x00,
    0x47, 0x70, 0x4c, 0x00, 0x47, 0x70, 0x4c, 0x00, 0x47, 0x70, 0x4c, 0x00, 0x47, 0x70, 0x4c, 0x00,
    0x47, 0x70, 0x4c, 0x00, 0x47, 0x70, 0x4c, 0x00, 0x47, 0x70, 0x4c, 0x00, 0x47, 0x70, 0x4c, 0x00,
    0x47, 0x70, 0x4c, 0x00, 0x47, 0x70, 0x4c, 0x00, 0x47, 0x70, 0x4c, 0x00, 0x47, 0x70, 0x4c, 0x00,
    0x47, 0x70, 0x4c, 0x00, 0x47, 0x70, 0x4c, 0x00, 0x47, 0x70, 0x4c, 0x00, 0x47, 0x70, 0x4c, 0x00,
    0x47, 0x70, 0x4c, 0x00, 0x47, 0x70, 0x4c, 0x00, 0x47, 0x70, 0x4c, 0x00, 0x47, 0x70, 0x4c, 0x00,
    0x47, 0x70, 0x4c, 0x00, 0x47, 0x70, 0x4c, 0x00, 0x47, 0x70, 0x4c, 0x00, 0x47, 0x70, 0x4c, 0x00,
    0x47, 0x70, 0x4c, 0x00, 0x47, 0x70, 0x4c, 0x00, 0x47, 0x70, 0x4c, 0x00, 0x47, 0x70, 0x4c, 0x00,
    0x47, 0x70, 0x4c, 0x00, 0x47, 0x70, 0x4c, 0x00, 0x47, 0x70, 0x4c, 0x00, 0x47, 0x70, 0x4c, 0x00,
    0x47, 0x70, 0x4c, 0x00, 0x47, 0x70, 0x4c, 0x00, 0x47, 0x70, 0x4c, 0x00, 0x47, 0x70, 0x4c, 0x00,
    0x47, 0x70, 0x4c, 0x00, 0x47, 0x70, 0x4c, 0x00, 0x47, 0x70, 0x4c, 0x00, 0x47, 0x70, 0x4c, 0x00,
    0x47, 0x70, 0x4c, 0x00, 0x47, 0x70, 0x4c, 0x00, 0x47, 0x70, 0x4c, 0x00, 0x47, 0x70, 0x4c, 0x00,
    0x47, 0x70, 0x4c, 0x00, 0x47, 0x70, 0x4c, 0x00, 0x47, 0x70, 0x4c, 0x00, 0x47, 0x70, 0x4c, 0x00,
    0x47, 0x70, 0x4c, 0x00, 0x47, 0x70, 0x4c, 0x00, 0x47, 0x70, 0x4c, 0x00, 0x47, 0x70, 0x4c, 0x00,
    0x47, 0x70, 0x4c, 0x00, 0x47, 0x70, 0x4c, 0x00, 0x47, 0x70, 0x4c, 0x00, 0x47, 0x70, 0x4c, 0x00,
    0x47, 0x70, 0x4c, 0x00, 0x47, 0x70, 0x4c, 0x00, 0x47, 0x70, 0x4c, 0x00, 0x47, 0x70, 0x4c, 0x00,
    0x47, 0x70, 0x4c, 0x00, 0x47, 0x70, 0x4c, 0x00, 0x47, 0x70, 0x4c, 0x00, 0x47, 0x70, 0x4c, 0x00,
    0x47, 0x70, 0x4c, 0x00, 0x47, 0x70, 0x4c, 0x00, 0x47, 0x70, 0x4c, 0x00, 0x47, 0x70, 0x4c, 0x00,
    0x47, 0x70, 0x4c, 0x00, 0x47, 0x70, 0x4c, 0x00, 0x47, 0x70, 0x4c, 0x00, 0x47, 0x70, 0x4c, 0x00,
    0x47, 0x70, 0x4c, 0x00, 0x47, 0x70, 0x4c, 0x00, 0x47, 0x70, 0x4c, 0x00, 0x47, 0x70, 0x4c, 0x00,
    0x47, 0x70, 0x4c, 0x00, 0x47, 0x70, 0x4c, 0x00, 0x47, 0x70, 0x4c, 0x00, 0x47, 0x70, 0x4c, 0x00,
    0x47, 0x70, 0x4c, 0x00, 0x47, 0x70, 0x4c, 0x00, 0x47, 0x70, 0x4c, 0x00, 0x47, 0x70, 0x4c, 0x00,
    0x47, 0x70, 0x4c, 0x00, 0x47, 0x70, 0x4c, 0x00, 0x47, 0x70, 0x4c, 0x00, 0x47, 0x70, 0x4c, 0x00,
    0x47, 0x70, 0x4c, 0x00, 0x47, 0x70, 0x4c, 0x00, 0x47, 0x70, 0x4c, 0x00, 0x47, 0x70, 0x4c, 0x00,
    0x47, 0x70, 0x4c, 0x00, 0x47, 0x70, 0x4c, 0x00, 0x47, 0x70, 0x4c, 0x00, 0x47, 0x70, 0x4c, 0x00,
    0x47, 0x70, 0x4c, 0x00, 0x47, 0x70, 0x4c, 0x00, 0xf1, 0xee, 0xf2, 0x52, 0xfd, 0xfd, 0xfd, 0xfd,
    0xfd, 0xfd, 0xfd, 0xfd, 0xf1, 0xee, 0xf2, 0x52, 0x47, 0x70, 0x4c, 0x00, 0x47, 0x70, 0x4c, 0x00,
    0x47, 0x70, 0x4c, 0x00, 0x47, 0x70, 0x4c, 0x00, 0x47, 0x70, 0x4c, 0x00, 0x47, 0x70, 0x4c, 0x00,
    0x47, 0x70, 0x4c, 0x00, 0x47, 0x70, 0x4c, 0x00, 0x47, 0x70, 0x4c, 0x00, 0x47, 0x70, 0x4c, 0x00,
    0x47, 0x70, 0x4c, 0x00, 0x47, 0x70, 0x4c, 0x00, 0x47, 0x70, 0x4c, 0x00, 0x47, 0x70, 0x4c, 0x00,
    0x47, 0x70, 0x4c, 0x00, 0x47, 0x70, 0x4c, 0x00, 0x47, 0x70, 0x4c, 0x00, 0x47, 0x70, 0x4c, 0x00,
    0x47, 0x70, 0x4c, 0x00, 0x47, 0x70, 0x4c, 0x00, 0x47, 0x70, 0x4c, 0x00, 0x47, 0x70, 0x4c, 0x00,
    0x47, 0x70, 0x4c, 0x00, 0x47, 0x70, 0x4c, 0x00, 0x47, 0x70, 0x4c, 0x00, 0x47, 0x70, 0x4c, 0x00,
    0x47, 0x70, 0x4c, 0x00, 0x47, 0x70, 0x4c, 0x00, 0x47, 0x70, 0x4c, 0x00, 0x47, 0x70, 0x4c, 0x00,
    0x47, 0x70, 0x4c, 0x00, 0x47, 0x70, 0x4c, 0x00, 0x47, 0x70, 0x4c, 0x00, 0x47, 0x70, 0x4c, 0x00,
    0x47, 0x70, 0x4c, 0x00, 0x47, 0x70, 0x4c, 0x00, 0x47, 0x70, 0x4c, 0x00, 0x47, 0x70, 0x4c, 0x00,
    0x47, 0x70, 0x4c, 0x00, 0x47, 0x70, 0x4c, 0x00, 0x47, 0x70, 0x4c, 0x00, 0x47, 0x70, 0x4c, 0x00,
    0x47, 0x70, 0x4c, 0x00, 0x47, 0x70, 0x4c, 0x00, 0x47, 0x70, 0x4c, 0x00, 0x47, 0x70, 0x4c, 0x00,
    0x47, 0x70, 0x4c, 0x00, 0x47, 0x70, 0x4c, 0x00, 0x47, 0x70, 0x4c, 0x00, 0x47, 0x70, 0x4c, 0x00,
    0x47, 0x70, 0x4c, 0x00, 0x47, 0x70, 0x4c, 0x00, 0x47, 0x70, 0x4c, 0x00, 0x47, 0x70, 0x4c, 0x00,
    0x47, 0x70, 0x4c, 0x00, 0x47, 0x70, 0x4c, 0x00, 0x47, 0x70, 0x4c, 0x00, 0x47, 0x70, 0x4c, 0x00,
    0x47, 0x70, 0x4c, 0x00, 0x47, 0x70, 0x4c, 0x00, 0x47, 0x70, 0x4c, 0x00, 0x47, 0x70, 0x4c, 0x00,
    0x47, 0x70, 0x4c, 0x00, 0x47, 0x70, 0x4c, 0x00, 0x47, 0x70, 0x4c, 0x00, 0x47, 0x70, 0x4c, 0x00,
    0x47, 0x70, 0x4c, 0x00, 0x47, 0x70, 0x4c, 0x00, 0x47, 0x70, 0x4c, 0x00, 0x47, 0x70, 0x4c, 0x00,
    0x47, 0x70, 0x4c, 0x00, 0x47, 0x70, 0x4c, 0x00, 0x47, 0x70, 0x4c, 0x00, 0x47, 0x70, 0x4c, 0x00,
    0x47, 0x70, 0x4c, 0x00, 0x47, 0x70, 0x4c, 0x00, 0x47, 0x70, 0x4c, 0x00, 0x47, 0x70, 0x4c, 0x00,
    0x47, 0x70, 0x4c, 0x00, 0x47, 0x70, 0x4c, 0x00, 0x47, 0x70, 0x4c, 0x00, 0x47, 0x70, 0x4c, 0x00,
    0x47, 0x70, 0x4c, 0x00, 0x47, 0x70, 0x4c, 0x00, 0x47, 0x70, 0x4c, 0x00, 0x47, 0x70, 0x4c, 0x00,
    0x47, 0x70, 0x4c, 0x00, 0x47, 0x70, 0x4c, 0x00, 0x47, 0x70, 0x4c, 0x00, 0x47, 0x70, 0x4c, 0x00,
    0x47, 0x70, 0x4c, 0x00, 0x47, 0x70, 0x4c, 0x00, 0x47, 0x70, 0x4c, 0x00, 0x47, 0x70, 0x4c, 0x00,
    0x47, 0x70, 0x4c, 0x00, 0x47, 0x70, 0x4c, 0x00, 0x47, 0x70, 0x4c, 0x00, 0x47, 0x70, 0x4c, 0x00,
    0x47, 0x70, 0x4c, 0x00, 0x47, 0x70, 0x4c, 0x00, 0x47, 0x70, 0x4c, 0x00, 0x47, 0x70, 0x4c, 0x00,
    0x47, 0x70, 0x4c, 0x00, 0x47, 0x70, 0x4c, 0x00, 0x47, 0x70, 0x4c, 0x00, 0x47, 0x70, 0x4c, 0x00,
    0x47, 0x70, 0x4c, 0x00, 0x47, 0x70, 0x4c, 0x00, 0x47, 0x70, 0x4c, 0x00, 0x47, 0x70, 0x4c, 0x00,
    0x47, 0x70, 0x4c, 0x00, 0x47, 0x70, 0x4c, 0x00, 0x47, 0x70, 0x4c, 0x00, 0x47, 0x70, 0x4c, 0x00,
    0x47, 0x70, 0x4c, 0x00, 0x47, 0x70, 0x4c, 0x00, 0x47, 0x70, 0x4c, 0x00, 0x47, 0x70, 0x4c, 0x00,
    0x47, 0x70, 0x4c, 0x00, 0x47, 0x70, 0x4c, 0x00, 0x47, 0x70, 0x4c, 0x00, 0x47, 0x70, 0x4c, 0x00,
    0x47, 0x70, 0x4c, 0x00, 0x47, 0x70, 0x4c, 0x00, 0xef, 0xec, 0xf0, 0x4a, 0xfd, 0xfd, 0xfd, 0xfd,
    0xfd, 0xfd, 0xfd, 0xfd, 0xf1, 0xee, 0xf2, 0x52, 0x47, 0x70, 0x4c, 0x00, 0x47, 0x70, 0x4c, 0x00,
    0x47, 0x70, 0x4c, 0x00, 0x47, 0x70, 0x4c, 0x00, 0x47, 0x70, 0x4c, 0x00, 0x47, 0x70, 0x4c, 0x00,
    0x47, 0x70, 0x4c, 0x00, 0x47, 0x70, 0x4c, 0x00, 0x47, 0x70, 0x4c, 0x00, 0x47, 0x70, 0x4c, 0x00,
    0x47, 0x70, 0x4c, 0x00, 0x47, 0x70, 0x4c, 0x00, 0x47, 0x70, 0x4c, 0x00, 0x47, 0x70, 0x4c, 0x00,
    0x47, 0x70, 0x4c, 0x00, 0x47, 0x70, 0x4c, 0x00, 0x47, 0x70, 0x4c, 0x00, 0x47, 0x70, 0x4c, 0x00,
    0x47, 0x70, 0x4c, 0x00, 0x47, 0x70, 0x4c, 0x00, 0x47, 0x70, 0x4c, 0x00, 0x47, 0x70, 0x4c, 0x00,
    0x47, 0x70, 0x4c, 0x00, 0x47, 0x70, 0x4c, 0x00, 0x47, 0x70, 0x4c, 0x00, 0x47, 0x70, 0x4c, 0x00,
    0x47, 0x70, 0x4c, 0x00, 0x47, 0x70, 0x4c, 0x00, 0x47, 0x70, 0x4c, 0x00, 0x47, 0x70, 0x4c, 0x00,
    0x47, 0x70, 0x4c, 0x00, 0x47, 0x70, 0x4c, 0x00, 0x47, 0x70, 0x4c, 0x00, 0x47, 0x70, 0x4c, 0x00,
    0x47, 0x70, 0x4c, 0x00, 0x47, 0x70, 0x4c, 0x00, 0x47, 0x70, 0x4c, 0x00, 0x47, 0x70, 0x4c, 0x00,
    0x47, 0x70, 0x4c, 0x00, 0x47, 0x70, 0x4c, 0x00, 0x47, 0x70, 0x4c, 0x00, 0x47, 0x70, 0x4c, 0x00,
    0x47, 0x70, 0x4c, 0x00, 0x47, 0x70, 0x4c, 0x00, 0x47, 0x70, 0x4c, 0x00, 0x47, 0x70, 0x4c, 0x00,
    0x47, 0x70, 0x4c, 0x00, 0x47, 0x70, 0x4c, 0x00, 0x47, 0x70, 0x4c, 0x00, 0x47, 0x70, 0x4c, 0x00,
    0x47, 0x70, 0x4c, 0x00, 0x47, 0x70, 0x4c, 0x00, 0x47, 0x70, 0x4c, 0x00, 0x47, 0x70, 0x4c, 0x00,
    0x47, 0x70, 0x4c, 0x00, 0x47, 0x70, 0x4c, 0x00, 0x47, 0x70, 0x4c, 0x00, 0x47, 0x70, 0x4c, 0x00,
    0x47, 0x70, 0x4c, 0x00, 0x47, 0x70, 0x4c, 0x00, 0x47, 0x70, 0x4c, 0x00, 0x47, 0x70, 0x4c, 0x00,
    0x47, 0x70, 0x4c, 0x00, 0x47, 0x70, 0x4c, 0x00, 0x47, 0x70, 0x4c, 0x00, 0x47, 0x70, 0x4c, 0x00,
    0x47, 0x70, 0x4c, 0x00, 0x47, 0x70, 0x4c, 0x00, 0x47, 0x70, 0x4c, 0x00, 0x47, 0x70, 0x4c, 0x00,
    0x47, 0x70, 0x4c, 0x00, 0x47, 0x70, 0x4c, 0x00, 0x47, 0x70, 0x4c, 0x00, 0x47, 0x70, 0x4c, 0x00,
    0x47, 0x70, 0x4c, 0x00, 0x47, 0x70, 0x4c, 0x00, 0x47, 0x70, 0x4c, 0x00, 0x47, 0x70, 0x4c, 0x00,
    0x47, 0x70, 0x4c, 0x00, 0x47, 0x70, 0x4c, 0x00, 0x47, 0x70, 0x4c, 0x00, 0x47, 0x70, 0x4c, 0x00,
    0x47, 0x70, 0x4c, 0x00, 0x47, 0x70, 0x4c, 0x00, 0x47, 0x70, 0x4c, 0x00, 0x47, 0x70, 0x4c, 0x00,
    0x47, 0x70, 0x4c, 0x00, 0x47, 0x70, 0x4c, 0x00, 0x47, 0x70, 0x4c, 0x00, 0x47, 0x70, 0x4c, 0x00,
    0x47, 0x70, 0x4c, 0x00, 0x47, 0x70, 0x4c, 0x00, 0x47, 0x70, 0x4c, 0x00, 0x47, 0x70, 0x4c, 0x00,
    0x47, 0x70, 0x4c, 0x00, 0x47, 0x70, 0x4c, 0x00, 0x47, 0x70, 0x4c, 0x00, 0x47, 0x70, 0x4c, 0x00,
    0x47, 0x70, 0x4c, 0x00, 0x47, 0x70, 0x4c, 0x00, 0x47, 0x70, 0x4c, 0x00, 0x47, 0x70, 0x4c, 0x00,
    0x47, 0x70, 0x4c, 0x00, 0x47, 0x70, 0x4c, 0x00, 0x47, 0x70, 0x4c, 0x00, 0x47, 0x70, 0x4c, 0x00,
    0x47, 0x70, 0x4c, 0x00, 0x47, 0x70, 0x4c, 0x00, 0x47, 0x70, 0x4c, 0x00, 0x47, 0x70, 0x4c, 0x00,
    0x47, 0x70, 0x4c, 0x00, 0x47, 0x70, 0x4c, 0x00, 0x47, 0x70, 0x4c, 0x00, 0x47, 0x70, 0x4c, 0x00,
    0x47, 0x70, 0x4c, 0x00, 0x47, 0x70, 0x4c, 0x00, 0x47, 0x70, 0x4c, 0x00, 0x47, 0x70, 0x4c, 0x00,
    0x47, 0x70, 0x4c, 0x00, 0x47, 0x70, 0x4c, 0x00, 0x47, 0x70, 0x4c, 0x00, 0x47, 0x70, 0x4c, 0x00,
    0x47, 0x70, 0x4c, 0x00, 0x47, 0x70, 0x4c, 0x00, 0xf1, 0xee, 0xf2, 0x52, 0xfd, 0xfd, 0xfd, 0xfd,
    0xfd, 0xfd, 0xfd, 0xfd, 0xf1, 0xee, 0xf2, 0x52, 0x47, 0x70, 0x4c, 0x00, 0x47, 0x70, 0x4c, 0x00,
    0x47, 0x70, 0x4c, 0x00, 0x47, 0x70, 0x4c, 0x00, 0x47, 0x70, 0x4c, 0x00, 0x47, 0x70, 0x4c, 0x00,
    0x47, 0x70, 0x4c, 0x00, 0x47, 0x70, 0x4c, 0x00, 0x47, 0x70, 0x4c, 0x00, 0x47, 0x70, 0x4c, 0x00,
    0x47, 0x70, 0x4c, 0x00, 0x47, 0x70, 0x4c, 0x00, 0x47, 0x70, 0x4c, 0x00, 0x47, 0x70, 0x4c, 0x00,
    0x47, 0x70, 0x4c, 0x00, 0x47, 0x70, 0x4c, 0x00, 0x47, 0x70, 0x4c, 0x00, 0x47, 0x70, 0x4c, 0x00,
    0x47, 0x70, 0x4c, 0x00, 0x47, 0x70, 0x4c, 0x00, 0x47, 0x70, 0x4c, 0x00, 0x47, 0x70, 0x4c, 0x00,
    0x47, 0x70, 0x4c, 0x00, 0x47, 0x70, 0x4c, 0x00, 0x47, 0x70, 0x4c, 0x00, 0x47, 0x70, 0x4c, 0x00,
    0x47, 0x70, 0x4c, 0x00, 0x47, 0x70, 0x4c, 0x00, 0x47, 0x70, 0x4c, 0x00, 0x47, 0x70, 0x4c, 0x00,
    0x47, 0x70, 0x4c, 0x00, 0x47, 0x70, 0x4c, 0x00, 0x47, 0x70, 0x4c, 0x00, 0x47, 0x70, 0x4c, 0x00,
    0x47, 0x70, 0x4c, 0x00, 0x47, 0x70, 0x4c, 0x00, 0x47, 0x70, 0x4c, 0x00, 0x47, 0x70, 0x4c, 0x00,
    0x47, 0x70, 0x4c, 0x00, 0x47, 0x70, 0x4c, 0x00, 0x47, 0x70, 0x4c, 0x00, 0x47, 0x70, 0x4c, 0x00,
    0x47, 0x70, 0x4c, 0x00, 0x47, 0x70, 0x4c, 0x00, 0x47, 0x70, 0x4c, 0x00, 0x47, 0x70, 0x4c, 0x00,
    0x47, 0x70, 0x4c, 0x00, 0x47, 0x70, 0x4c, 0x00, 0x47, 0x70, 0x4c, 0x00, 0x47, 0x70, 0x4c, 0x00,
    0x47, 0x70, 0x4c, 0x00, 0x47, 0x70, 0x4c, 0x00, 0x47, 0x70, 0x4c, 0x00, 0x47, 0x70, 0x4c, 0x00,
    0x47, 0x70, 0x4c, 0x00, 0x47, 0x70, 0x4c, 0x00, 0x47, 0x70, 0x4c, 0x00, 0x47, 0x70, 0x4c, 0x00,
    0x47, 0x70, 0x4c, 0x00, 0x47, 0x70, 0x4c, 0x00, 0x47, 0x70, 0x4c, 0x00, 0x47, 0x70, 0x4c, 0x00,
    0x47, 0x70, 0x4c, 0x00, 0x47, 0x70, 0x4c, 0x00, 0x47, 0x70, 0x4c, 0x00, 0x47, 0x70, 0x4c, 0x00,
    0x47, 0x70, 0x4c, 0x00, 0x47, 0x70, 0x4c, 0x00, 0x47, 0x70, 0x4c, 0x00, 0x47, 0x70, 0x4c, 0x00,
    0x47, 0x70, 0x4c, 0x00, 0x47, 0x70, 0x4c, 0x00, 0x47, 0x70, 0x4c, 0x00, 0x47, 0x70, 0x4c, 0x00,
    0x47, 0x70, 0x4c, 0x00, 0x47, 0x70, 0x4c, 0x00, 0x47, 0x70, 0x4c, 0x00, 0x47, 0x70, 0x4c, 0x00,
    0x47, 0x70, 0x4c, 0x00, 0x47, 0x70, 0x4c, 0x00, 0x47, 0x70, 0x4c, 0x00, 0x47, 0x70, 0x4c, 0x00,
    0x47, 0x70, 0x4c, 0x00, 0x47, 0x70, 0x4c, 0x00, 0x47, 0x70, 0x4c, 0x00, 0x47, 0x70, 0x4c, 0x00,
    0x47, 0x70, 0x4c, 0x00, 0x47, 0x70, 0x4c, 0x00, 0x47, 0x70, 0x4c, 0x00, 0x47, 0x70, 0x4c, 0x00,
    0x47, 0x70, 0x4c, 0x00, 0x47, 0x70, 0x4c, 0x00, 0x47, 0x70, 0x4c, 0x00, 0x47, 0x70, 0x4c, 0x00,
    0x47, 0x70, 0x4c, 0x00, 0x47, 0x70, 0x4c, 0x00, 0x47, 0x70, 0x4c, 0x00, 0x47, 0x70, 0x4c, 0x00,
    0x47, 0x70, 0x4c, 0x00, 0x47, 0x70, 0x4c, 0x00, 0x47, 0x70, 0x4c, 0x00, 0x47, 0x70, 0x4c, 0x00,
    0x47, 0x70, 0x4c, 0x00, 0x47, 0x70, 0x4c, 0x00, 0x47, 0x70, 0x4c, 0x00, 0x47, 0x70, 0x4c, 0x00,
    0x47, 0x70, 0x4c, 0x00, 0x47, 0x70, 0x4c, 0x00, 0x47, 0x70, 0x4c, 0x00, 0x47, 0x70, 0x4c, 0x00,
    0x47, 0x70, 0x4c, 0x00, 0x47, 0x70, 0x4c, 0x00, 0x47, 0x70, 0x4c, 0x00, 0x47, 0x70, 0x4c, 0x00,
    0x47, 0x70, 0x4c, 0x00, 0x47, 0x70, 0x4c, 0x00, 0x47, 0x70, 0x4c, 0x00, 0x47, 0x70, 0x4c, 0x00,
    0x47, 0x70, 0x4c, 0x00, 0x47, 0x70, 0x4c, 0x00, 0x47, 0x70, 0x4c, 0x00, 0x47, 0x70, 0x4c, 0x00,
    0x47, 0x70, 0x4c, 0x00, 0x47, 0x70, 0x4c, 0x00, 0xf1, 0xee, 0xf2, 0x52, 0xfd, 0xfd, 0xfd, 0xfd,
    0xfd, 0xfd, 0xfd, 0xfd, 0xf1, 0xee, 0xf2, 0x52, 0x47, 0x70, 0x4c, 0x00, 0x47, 0x70, 0x4c, 0x00,
    0x47, 0x70, 0x4c, 0x00, 0x47, 0x70, 0x4c, 0x00, 0x47, 0x70, 0x4c, 0x00, 0x47, 0x70, 0x4c, 0x00,
    0x47, 0x70, 0x4c, 0x00, 0x47, 0x70, 0x4c, 0x00, 0x47, 0x70, 0x4c, 0x00, 0x47, 0x70, 0x4c, 0x00,
    0x47, 0x70, 0x4c, 0x00, 0x47, 0x70, 0x4c, 0x00, 0x47, 0x70, 0x4c, 0x00, 0x47, 0x70, 0x4c, 0x00,
    0x47, 0x70, 0x4c, 0x00, 0x47, 0x70, 0x4c, 0x00, 0x47, 0x70, 0x4c, 0x00, 0x47, 0x70, 0x4c, 0x00,
    0x47, 0x70, 0x4c, 0x00, 0x47, 0x70, 0x4c, 0x00, 0x47, 0x70, 0x4c, 0x00, 0x47, 0x70, 0x4c, 0x00,
    0x47, 0x70, 0x4c, 0x00, 0x47, 0x70, 0x4c, 0x00, 0x47, 0x70, 0x4c, 0x00, 0x47, 0x70, 0x4c, 0x00,
    0x47, 0x70, 0x4c, 0x00, 0x47, 0x70, 0x4c, 0x00, 0x47, 0x70, 0x4c, 0x00, 0x47, 0x70, 0x4c, 0x00,
    0x47, 0x70, 0x4c, 0x00, 0x47, 0x70, 0x4c, 0x00, 0x47, 0x70, 0x4c, 0x00, 0x47, 0x70, 0x4c, 0x00,
    0x47, 0x70, 0x4c, 0x00, 0x47, 0x70, 0x4c, 0x00, 0x47, 0x70, 0x4c, 0x00, 0x47, 0x70, 0x4c, 0x00,
    0x47, 0x70, 0x4c, 0x00, 0x47, 0x70, 0x4c, 0x00, 0x47, 0x70, 0x4c, 0x00, 0x47, 0x70, 0x4c, 0x00,
    0x47, 0x70, 0x4c, 0x00, 0x47, 0x70, 0x4c, 0x00, 0x47, 0x70, 0x4c, 0x00, 0x47, 0x70, 0x4c, 0x00,
    0x47, 0x70, 0x4c, 0x00, 0x47, 0x70, 0x4c, 0x00, 0x47, 0x70, 0x4c, 0x00, 0x47, 0x70, 0x4c, 0x00,
    0x47, 0x70, 0x4c, 0x00, 0x47, 0x70, 0x4c, 0x00, 0x47, 0x70, 0x4c, 0x00, 0x47, 0x70, 0x4c, 0x00,
    0x47, 0x70, 0x4c, 0x00, 0x47, 0x70, 0x4c, 0x00, 0x47, 0x70, 0x4c, 0x00, 0x47, 0x70, 0x4c, 0x00,
    0x47, 0x70, 0x4c, 0x00, 0x47, 0x70, 0x4c, 0x00, 0x47, 0x70, 0x4c, 0x00, 0x47, 0x70, 0x4c, 0x00,
    0x47, 0x70, 0x4c, 0x00, 0x47, 0x70, 0x4c, 0x00, 0x47, 0x70, 0x4c, 0x00, 0x47, 0x70, 0x4c, 0x00,
    0x47, 0x70, 0x4c, 0x00, 0x47, 0x70, 0x4c, 0x00, 0x47, 0x70, 0x4c, 0x00, 0x47, 0x70, 0x4c, 0x00,
    0x47, 0x70, 0x4c, 0x00, 0x47, 0x70, 0x4c, 0x00, 0x47, 0x70, 0x4c, 0x00, 0x47, 0x70, 0x4c, 0x00,
    0x47, 0x70, 0x4c, 0x00, 0x47, 0x70, 0x4c, 0x00, 0x47, 0x70, 0x4c, 0x00, 0x47, 0x70, 0x4c, 0x00,
    0x47, 0x70, 0x4c, 0x00, 0x47, 0x70, 0x4c, 0x00, 0x47, 0x70, 0x4c, 0x00, 0x47, 0x70, 0x4c, 0x00,
    0x47, 0x70, 0x4c, 0x00, 0x47, 0x70, 0x4c, 0x00, 0x47, 0x70, 0x4c, 0x00, 0x47, 0x70, 0x4c, 0x00,
    0x47, 0x70, 0x4c, 0x00, 0x47, 0x70, 0x4c, 0x00, 0x47, 0x70, 0x4c, 0x00, 0x47, 0x70, 0x4c, 0x00,
    0x47, 0x70, 0x4c, 0x00, 0x47, 0x70, 0x4c, 0x00, 0x47, 0x70, 0x4c, 0x00, 0x47, 0x70, 0x4c, 0x00,
    0x47, 0x70, 0x4c, 0x00, 0x47, 0x70, 0x4c, 0x00, 0x47, 0x70, 0x4c, 0x00, 0x47, 0x70, 0x4c, 0x00,
    0x47, 0x70, 0x4c, 0x00, 0x47, 0x70, 0x4c, 0x00, 0x47, 0x70, 0x4c, 0x00, 0x47, 0x70, 0x4c, 0x00,
    0x47, 0x70, 0x4c, 0x00, 0x47, 0x70, 0x4c, 0x00, 0x47, 0x70, 0x4c, 0x00, 0x47, 0x70, 0x4c, 0x00,
    0x47, 0x70, 0x4c, 0x00, 0x47, 0x70, 0x4c, 0x00, 0x47, 0x70, 0x4c, 0x00, 0x47, 0x70, 0x4c, 0x00,
    0x47, 0x70, 0x4c, 0x00, 0x47, 0x70, 0x4c, 0x00, 0x47, 0x70, 0x4c, 0x00, 0x47, 0x70, 0x4c, 0x00,
    0x47, 0x70, 0x4c, 0x00, 0x47, 0x70, 0x4c, 0x00, 0x47, 0x70, 0x4c, 0x00, 0x47, 0x70, 0x4c, 0x00,
    0x47, 0x70, 0x4c, 0x00, 0x47, 0x70, 0x4c, 0x00, 0x47, 0x70, 0x4c, 0x00, 0x47, 0x70, 0x4c, 0x00,
    0x47, 0x70, 0x4c, 0x00, 0x47, 0x70, 0x4c, 0x00, 0xf1, 0xee, 0xf2, 0x52, 0xfd, 0xfd, 0xfd, 0xfd,
    0xfd, 0xfd, 0xfd, 0xfd, 0xf1, 0xee, 0xf2, 0x52, 0x47, 0x70, 0x4c, 0x00, 0x47, 0x70, 0x4c, 0x00,
    0x47, 0x70, 0x4c, 0x00, 0x47, 0x70, 0x4c, 0x00, 0x47, 0x70, 0x4c, 0x00, 0x47, 0x70, 0x4c, 0x00,
    0x47, 0x70, 0x4c, 0x00, 0x47, 0x70, 0x4c, 0x00, 0x47, 0x70, 0x4c, 0x00, 0x47, 0x70, 0x4c, 0x00,
    0x47, 0x70, 0x4c, 0x00, 0x47, 0x70, 0x4c, 0x00, 0x47, 0x70, 0x4c, 0x00, 0x47, 0x70, 0x4c, 0x00,
    0x47, 0x70, 0x4c, 0x00, 0x47, 0x70, 0x4c, 0x00, 0x47, 0x70, 0x4c, 0x00, 0x47, 0x70, 0x4c, 0x00,
    0x47, 0x70, 0x4c, 0x00, 0x47, 0x70, 0x4c, 0x00, 0x47, 0x70, 0x4c, 0x00, 0x47, 0x70, 0x4c, 0x00,
    0x47, 0x70, 0x4c, 0x00, 0x47, 0x70, 0x4c, 0x00, 0x47, 0x70, 0x4c, 0x00, 0x47, 0x70, 0x4c, 0x00,
    0x47, 0x70, 0x4c, 0x00, 0x47, 0x70, 0x4c, 0x00, 0x47, 0x70, 0x4c, 0x00, 0x47, 0x70, 0x4c, 0x00,
    0x47, 0x70, 0x4c, 0x00, 0x47, 0x70, 0x4c, 0x00, 0x47, 0x70, 0x4c, 0x00, 0x47, 0x70, 0x4c, 0x00,
    0x47, 0x70, 0x4c, 0x00, 0x47, 0x70, 0x4c, 0x00, 0x47, 0x70, 0x4c, 0x00, 0x47, 0x70, 0x4c, 0x00,
    0x47, 0x70, 0x4c, 0x00, 0x47, 0x70, 0x4c, 0x00, 0x47, 0x70, 0x4c, 0x00, 0x47, 0x70, 0x4c, 0x00,
    0x47, 0x70, 0x4c, 0x00, 0x47, 0x70, 0x4c, 0x00, 0x47, 0x70, 0x4c, 0x00, 0x47, 0x70, 0x4c, 0x00,
    0x47, 0x70, 0x4c, 0x00, 0x47, 0x70, 0x4c, 0x00, 0x47, 0x70, 0x4c, 0x00, 0x47, 0x70, 0x4c, 0x00,
    0x47, 0x70, 0x4c, 0x00, 0x47, 0x70, 0x4c, 0x00, 0x47, 0x70, 0x4c, 0x00, 0x47, 0x70, 0x4c, 0x00,
    0x47, 0x70, 0x4c, 0x00, 0x47, 0x70, 0x4c, 0x00, 0x47, 0x70, 0x4c, 0x00, 0x47, 0x70, 0x4c, 0x00,
    0x47, 0x70, 0x4c, 0x00, 0x47, 0x70, 0x4c, 0x00, 0x47, 0x70, 0x4c, 0x00, 0x47, 0x70, 0x4c, 0x00,
    0x47, 0x70, 0x4c, 0x00, 0x47, 0x70, 0x4c, 0x00, 0x47, 0x70, 0x4c, 0x00, 0x47, 0x70, 0x4c, 0x00,
    0x47, 0x70, 0x4c, 0x00, 0x47, 0x70, 0x4c, 0x00, 0x47, 0x70, 0x4c, 0x00, 0x47, 0x70, 0x4c, 0x00,
    0x47, 0x70, 0x4c, 0x00, 0x47, 0x70, 0x4c, 0x00, 0x47, 0x70, 0x4c, 0x00, 0x47, 0x70, 0x4c, 0x00,
    0x47, 0x70, 0x4c, 0x00, 0x47, 0x70, 0x4c, 0x00, 0x47, 0x70, 0x4c, 0x00, 0x47, 0x70, 0x4c, 0x00,
    0x47, 0x70, 0x4c, 0x00, 0x47, 0x70, 0x4c, 0x00, 0x47, 0x70, 0x4c, 0x00, 0x47, 0x70, 0x4c, 0x00,
    0x47, 0x70, 0x4c, 0x00, 0x47, 0x70, 0x4c, 0x00, 0x47, 0x70, 0x4c, 0x00, 0x47, 0x70, 0x4c, 0x00,
    0x47, 0x70, 0x4c, 0x00, 0x47, 0x70, 0x4c, 0x00, 0x47, 0x70, 0x4c, 0x00, 0x47, 0x70, 0x4c, 0x00,
    0x47, 0x70, 0x4c, 0x00, 0x47, 0x70, 0x4c, 0x00, 0x47, 0x70, 0x4c, 0x00, 0x47, 0x70, 0x4c, 0x00,
    0x47, 0x70, 0x4c, 0x00, 0x47, 0x70, 0x4c, 0x00, 0x47, 0x70, 0x4c, 0x00, 0x47, 0x70, 0x4c, 0x00,
    0x47, 0x70, 0x4c, 0x00, 0x47, 0x70, 0x4c, 0x00, 0x47, 0x70, 0x4c, 0x00, 0x47, 0x70, 0x4c, 0x00,
    0x47, 0x70, 0x4c, 0x00, 0x47, 0x70, 0x4c, 0x00, 0x47, 0x70, 0x4c, 0x00, 0x47, 0x70, 0x4c, 0x00,
    0x47, 0x70, 0x4c, 0x00, 0x47, 0x70, 0x4c, 0x00, 0x47, 0x70, 0x4c, 0x00, 0x47, 0x70, 0x4c, 0x00,
    0x47, 0x70, 0x4c, 0x00, 0x47, 0x70, 0x4c, 0x00, 0x47, 0x70, 0x4c, 0x00, 0x47, 0x70, 0x4c, 0x00,
    0x47, 0x70, 0x4c, 0x00, 0x47, 0x70, 0x4c, 0x00, 0x47, 0x70, 0x4c, 0x00, 0x47, 0x70, 0x4c, 0x00,
    0x47, 0x70, 0x4c, 0x00, 0x47, 0x70, 0x4c, 0x00, 0x47, 0x70, 0x4c, 0x00, 0x47, 0x70, 0x4c, 0x00,
    0x9c, 0x86, 0xa3, 0x02, 0xe8, 0xe3, 0xea, 0x22, 0xf7, 0xf5, 0xf8, 0xab, 0xfe, 0xfe, 0xfe, 0xff,
    0xfe, 0xfe, 0xfe, 0xff, 0xf8, 0xf6, 0xf9, 0xb6, 0xed, 0xe9, 0xef, 0x35, 0x47, 0x70, 0x4c, 0x00,
    0x47, 0x70, 0x4c, 0x00, 0x47, 0x70, 0x4c, 0x00, 0x47, 0x70, 0x4c, 0x00, 0x47, 0x70, 0x4c, 0x00,
    0x47, 0x70, 0x4c, 0x00, 0x47, 0x70, 0x4c, 0x00, 0x47, 0x70, 0x4c, 0x00, 0x47, 0x70, 0x4c, 0x00,
    0x47, 0x70, 0x4c, 0x00, 0x47, 0x70, 0x4c, 0x00, 0x47, 0x70, 0x4c, 0x00, 0x47, 0x70, 0x4c, 0x00,
    0x47, 0x70, 0x4c, 0x00, 0x47, 0x70, 0x4c, 0x00, 0x47, 0x70, 0x4c, 0x00, 0x47, 0x70, 0x4c, 0x00,
    0x47, 0x70, 0x4c, 0x00, 0x47, 0x70, 0x4c, 0x00, 0x47, 0x70, 0x4c, 0x00, 0x47, 0x70, 0x4c, 0x00,
    0x47, 0x70, 0x4c, 0x00, 0x47, 0x70, 0x4c, 0x00, 0x47, 0x70, 0x4c, 0x00, 0x47, 0x70, 0x4c, 0x00,
    0x47, 0x70, 0x4c, 0x00, 0x47, 0x70, 0x4c, 0x00, 0x47, 0x70, 0x4c, 0x00, 0x47, 0x70, 0x4c, 0x00,
    0x47, 0x70, 0x4c, 0x00, 0x47, 0x70, 0x4c, 0x00, 0x47, 0x70, 0x4c, 0x00, 0x47, 0x70, 0x4c, 0x00,
    0x47, 0x70, 0x4c, 0x00, 0x47, 0x70, 0x4c, 0x00, 0x47, 0x70, 0x4c, 0x00, 0x47, 0x70, 0x4c, 0x00,
    0x47, 0x70, 0x4c, 0x00, 0x47, 0x70, 0x4c, 0x00, 0x47, 0x70, 0x4c, 0x00, 0x47, 0x70, 0x4c, 0x00,
    0x47, 0x70, 0x4c, 0x00, 0x47, 0x70, 0x4c, 0x00, 0x47, 0x70, 0x4c, 0x00, 0x47, 0x70, 0x4c, 0x00,
    0x47, 0x70, 0x4c, 0x00, 0x47, 0x70, 0x4c, 0x00, 0x47, 0x70, 0x4c, 0x00, 0x47, 0x70, 0x4c, 0x00,
    0x47, 0x70, 0x4c, 0x00, 0x47, 0x70, 0x4c, 0x00, 0x47, 0x70, 0x4c, 0x00, 0x47, 0x70, 0x4c, 0x00,
    0x47, 0x70, 0x4c, 0x00, 0x47, 0x70, 0x4c, 0x00, 0x47, 0x70, 0x4c, 0x00, 0x47, 0x70, 0x4c, 0x00,
    0x47, 0x70, 0x4c, 0x00, 0x47, 0x70, 0x4c, 0x00, 0x47, 0x70, 0x4c, 0x00, 0x47, 0x70, 0x4c, 0x00,
    0x47, 0x70, 0x4c, 0x00, 0x47, 0x70, 0x4c, 0x00, 0x47, 0x70, 0x4c, 0x00, 0x47, 0x70, 0x4c, 0x00,
    0x47, 0x70, 0x4c, 0x00, 0x47, 0x70, 0x4c, 0x00, 0x47, 0x70, 0x4c, 0x00, 0x47, 0x70, 0x4c, 0x00,
    0x47, 0x70, 0x4c, 0x00, 0x47, 0x70, 0x4c, 0x00, 0x47, 0x70, 0x4c, 0x00, 0x47, 0x70, 0x4c, 0x00,
    0x47, 0x70, 0x4c, 0x00, 0x47, 0x70, 0x4c, 0x00, 0x47, 0x70, 0x4c, 0x00, 0x47, 0x70, 0x4c, 0x00,
    0x47, 0x70, 0x4c, 0x00, 0x47, 0x70, 0x4c, 0x00, 0x47, 0x70, 0x4c, 0x00, 0x47, 0x70, 0x4c, 0x00,
    0x47, 0x70, 0x4c, 0x00, 0x47, 0x70, 0x4c, 0x00, 0x47, 0x70, 0x4c, 0x00, 0x47, 0x70, 0x4c, 0x00,
    0x47, 0x70, 0x4c, 0x00, 0x47, 0x70, 0x4c, 0x00, 0x47, 0x70, 0x4c, 0x00, 0x47, 0x70, 0x4c, 0x00,
    0x47, 0x70, 0x4c, 0x00, 0x47, 0x70, 0x4c, 0x00, 0x47, 0x70, 0x4c, 0x00, 0x47, 0x70, 0x4c, 0x00,
    0x47, 0x70, 0x4c, 0x00, 0x47, 0x70, 0x4c, 0x00, 0x47, 0x70, 0x4c, 0x00, 0x47, 0x70, 0x4c, 0x00,
    0x47, 0x70, 0x4c, 0x00, 0x47, 0x70, 0x4c, 0x00, 0x47, 0x70, 0x4c, 0x00, 0x47, 0x70, 0x4c, 0x00,
    0x47, 0x70, 0x4c, 0x00, 0x47, 0x70, 0x4c, 0x00, 0x47, 0x70, 0x4c, 0x00, 0x47, 0x70, 0x4c, 0x00,
    0x47, 0x70, 0x4c, 0x00, 0x47, 0x70, 0x4c, 0x00, 0x47, 0x70, 0x4c, 0x00, 0x47, 0x70, 0x4c, 0x00,
    0x47, 0x70, 0x4c, 0x00, 0x47, 0x70, 0x4c, 0x00, 0x47, 0x70, 0x4c, 0x00, 0x47, 0x70, 0x4c, 0x00,
    0x47, 0x70, 0x4c, 0x00, 0x47, 0x70, 0x4c, 0x00, 0x47, 0x70, 0x4c, 0x00, 0x47, 0x70, 0x4c, 0x00,
    0x47, 0x70, 0x4c, 0x00, 0x47, 0x70, 0x4c, 0x00, 0x47, 0x70, 0x4c, 0x00, 0x47, 0x70, 0x4c, 0x00,
    0xe8, 0xe3, 0xea, 0x22, 0xfa, 0xf8, 0xfa, 0xcc, 0xfe, 0xfe, 0xfe, 0xff, 0xff, 0xff, 0xff, 0xff,
    0xff, 0xff, 0xff, 0xff, 0xfe, 0xfe, 0xfe, 0xff, 0xfa, 0xf9, 0xfb, 0xd7, 0xeb, 0xe6, 0xed, 0x2c,
    0x47, 0x70, 0x4c, 0x00, 0x47, 0x70, 0x4c, 0x00, 0x47, 0x70, 0x4c, 0x00, 0x47, 0x70, 0x4c, 0x00,
    0x47, 0x70, 0x4c, 0x00, 0x47, 0x70, 0x4c, 0x00, 0x47, 0x70, 0x4c, 0x00, 0x47, 0x70, 0x4c, 0x00,
    0x47, 0x70, 0x4c, 0x00, 0x47, 0x70, 0x4c, 0x00, 0x47, 0x70, 0x4c, 0x00, 0x47, 0x70, 0x4c, 0x00,
    0x47, 0x70, 0x4c, 0x00, 0x47, 0x70, 0x4c, 0x00, 0x47, 0x70, 0x4c, 0x00, 0x47, 0x70, 0x4c, 0x00,
    0x47, 0x70, 0x4c, 0x00, 0x47, 0x70, 0x4c, 0x00, 0x47, 0x70, 0x4c, 0x00, 0x47, 0x70, 0x4c, 0x00,
    0x47, 0x70, 0x4c, 0x00, 0x47, 0x70, 0x4c, 0x00, 0x47, 0x70, 0x4c, 0x00, 0x47, 0x70, 0x4c, 0x00,
    0x47, 0x70, 0x4c, 0x00, 0x47, 0x70, 0x4c, 0x00, 0x47, 0x70, 0x4c, 0x00, 0x47, 0x70, 0x4c, 0x00,
    0x47, 0x70, 0x4c, 0x00, 0x47, 0x70, 0x4c, 0x00, 0x47, 0x70, 0x4c, 0x00, 0x47, 0x70, 0x4c, 0x00,
    0x47, 0x70, 0x4c, 0x00, 0x47, 0x70, 0x4c, 0x00, 0x47, 0x70, 0x4c, 0x00, 0x47, 0x70, 0x4c, 0x00,
    0x47, 0x70, 0x4c, 0x00, 0x47, 0x70, 0x4c, 0x00, 0x47, 0x70, 0x4c, 0x00, 0x47, 0x70, 0x4c, 0x00,
    0x47, 0x70, 0x4c, 0x00, 0x47, 0x70, 0x4c, 0x00, 0x47, 0x70, 0x4c, 0x00, 0x47, 0x70, 0x4c, 0x00,
    0x47, 0x70, 0x4c, 0x00, 0x47, 0x70, 0x4c, 0x00, 0x47, 0x70, 0x4c, 0x00, 0x47, 0x70, 0x4c, 0x00,
    0x47, 0x70, 0x4c, 0x00, 0x47, 0x70, 0x4c, 0x00, 0x47, 0x70, 0x4c, 0x00, 0x47, 0x70, 0x4c, 0x00,
    0x47, 0x70, 0x4c, 0x00, 0x47, 0x70, 0x4c, 0x00, 0x47, 0x70, 0x4c, 0x00, 0x47, 0x70, 0x4c, 0x00,
    0x47, 0x70, 0x4c, 0x00, 0x47, 0x70, 0x4c, 0x00, 0x47, 0x70, 0x4c, 0x00, 0x47, 0x70, 0x4c, 0x00,
    0x47, 0x70, 0x4c, 0x00, 0x47, 0x70, 0x4c, 0x00, 0x47, 0x70, 0x4c, 0x00, 0x47, 0x70, 0x4c, 0x00,
    0x47, 0x70, 0x4c, 0x00, 0x47, 0x70, 0x4c, 0x00, 0x47, 0x70, 0x4c, 0x00, 0x47, 0x70, 0x4c, 0x00,
    0x47, 0x70, 0x4c, 0x00, 0x47, 0x70, 0x4c, 0x00, 0x47, 0x70, 0x4c, 0x00, 0x47, 0x70, 0x4c, 0x00,
    0x47, 0x70, 0x4c, 0x00, 0x47, 0x70, 0x4c, 0x00, 0x47, 0x70, 0x4c, 0x00, 0x47, 0x70, 0x4c, 0x00,
    0x47, 0x70, 0x4c, 0x00, 0x47, 0x70, 0x4c, 0x00, 0x47, 0x70, 0x4c, 0x00, 0x47, 0x70, 0x4c, 0x00,
    0x47, 0x70, 0x4c, 0x00, 0x47, 0x70, 0x4c, 0x00, 0x47, 0x70, 0x4c, 0x00, 0x47, 0x70, 0x4c, 0x00,
    0x47, 0x70, 0x4c, 0x00, 0x47, 0x70, 0x4c, 0x00, 0x47, 0x70, 0x4c, 0x00, 0x47, 0x70, 0x4c, 0x00,
    0x47, 0x70, 0x4c, 0x00, 0x47, 0x70, 0x4c, 0x00, 0x47, 0x70, 0x4c, 0x00, 0x47, 0x70, 0x4c, 0x00,
    0x47, 0x70, 0x4c, 0x00, 0x47, 0x70, 0x4c, 0x00, 0x47, 0x70, 0x4c, 0x00, 0x47, 0x70, 0x4c, 0x00,
    0x47, 0x70, 0x4c, 0x00, 0x47, 0x70, 0x4c, 0x00, 0x47, 0x70, 0x4c, 0x00, 0x47, 0x70, 0x4c, 0x00,
    0x47, 0x70, 0x4c, 0x00, 0x47, 0x70, 0x4c, 0x00, 0x47, 0x70, 0x4c, 0x00, 0x47, 0x70, 0x4c, 0x00,
    0x47, 0x70, 0x4c, 0x00, 0x47, 0x70, 0x4c, 0x00, 0x47, 0x70, 0x4c, 0x00, 0x47, 0x70, 0x4c, 0x00,
    0x47, 0x70, 0x4c, 0x00, 0x47, 0x70, 0x4c, 0x00, 0x47, 0x70, 0x4c, 0x00, 0x47, 0x70, 0x4c, 0x00,
    0x47, 0x70, 0x4c, 0x00, 0x47, 0x70, 0x4c, 0x00, 0x47, 0x70, 0x4c, 0x00, 0x47, 0x70, 0x4c, 0x00,
    0x47, 0x70, 0x4c, 0x00, 0x47, 0x70, 0x4c, 0x00, 0x47, 0x70, 0x4c, 0x00, 0x47, 0x70, 0x4c, 0x00,
    0xf4, 0xf2, 0xf5, 0x82, 0xfe, 0xfe, 0xfe, 0xff, 0xff, 0xff, 0xff, 0xff, 0xff, 0xff, 0xff, 0xff,
    0xff, 0xff, 0xff, 0xff, 0xff, 0xff, 0xff, 0xff, 0xfe, 0xfe, 0xfe, 0xff, 0xf6, 0xf3, 0xf6, 0x8d,
    0x47, 0x70, 0x4c, 0x00, 0x47, 0x70, 0x4c, 0x00, 0x47, 0x70, 0x4c, 0x00, 0x47, 0x70, 0x4c, 0x00,
    0x47, 0x70, 0x4c, 0x00, 0x47, 0x70, 0x4c, 0x00, 0x47, 0x70, 0x4c, 0x00, 0x47, 0x70, 0x4c, 0x00,
    0x47, 0x70, 0x4c, 0x00, 0x47, 0x70, 0x4c, 0x00, 0x47, 0x70, 0x4c, 0x00, 0x47, 0x70, 0x4c, 0x00,
    0x47, 0x70, 0x4c, 0x00, 0x47, 0x70, 0x4c, 0x00, 0x47, 0x70, 0x4c, 0x00, 0x47, 0x70, 0x4c, 0x00,
    0x47, 0x70, 0x4c, 0x00, 0x47, 0x70, 0x4c, 0x00, 0x47, 0x70, 0x4c, 0x00, 0x47, 0x70, 0x4c, 0x00,
    0x47, 0x70, 0x4c, 0x00, 0x47, 0x70, 0x4c, 0x00, 0x47, 0x70, 0x4c, 0x00, 0x47, 0x70, 0x4c, 0x00,
    0x47, 0x70, 0x4c, 0x00, 0x47, 0x70, 0x4c, 0x00, 0x47, 0x70, 0x4c, 0x00, 0x47, 0x70, 0x4c, 0x00,
    0x47, 0x70, 0x4c, 0x00, 0x47, 0x70, 0x4c, 0x00, 0x47, 0x70, 0x4c, 0x00, 0x47, 0x70, 0x4c, 0x00,
    0x47, 0x70, 0x4c, 0x00, 0x47, 0x70, 0x4c, 0x00, 0x47, 0x70, 0x4c, 0x00, 0x47, 0x70, 0x4c, 0x00,
    0x47, 0x70, 0x4c, 0x00, 0x47, 0x70, 0x4c, 0x00, 0x47, 0x70, 0x4c, 0x00, 0x47, 0x70, 0x4c, 0x00,
    0x47, 0x70, 0x4c, 0x00, 0x47, 0x70, 0x4c, 0x00, 0x47, 0x70, 0x4c, 0x00, 0x47, 0x70, 0x4c, 0x00,
    0x47, 0x70, 0x4c, 0x00, 0x47, 0x70, 0x4c, 0x00, 0x47, 0x70, 0x4c, 0x00, 0x47, 0x70, 0x4c, 0x00,
    0x47, 0x70, 0x4c, 0x00, 0x47, 0x70, 0x4c, 0x00, 0x47, 0x70, 0x4c, 0x00, 0x47, 0x70, 0x4c, 0x00,
    0x47, 0x70, 0x4c, 0x00, 0x47, 0x70, 0x4c, 0x00, 0x47, 0x70, 0x4c, 0x00, 0x47, 0x70, 0x4c, 0x00,
    0x47, 0x70, 0x4c, 0x00, 0x47, 0x70, 0x4c, 0x00, 0x47, 0x70, 0x4c, 0x00, 0x47, 0x70, 0x4c, 0x00,
    0x47, 0x70, 0x4c, 0x00, 0x47, 0x70, 0x4c, 0x00, 0x47, 0x70, 0x4c, 0x00, 0x47, 0x70, 0x4c, 0x00,
    0x47, 0x70, 0x4c, 0x00, 0x47, 0x70, 0x4c, 0x00, 0x47, 0x70, 0x4c, 0x00, 0x47, 0x70, 0x4c, 0x00,
    0x47, 0x70, 0x4c, 0x00, 0x47, 0x70, 0x4c, 0x00, 0x47, 0x70, 0x4c, 0x00, 0x47, 0x70, 0x4c, 0x00,
    0x47, 0x70, 0x4c, 0x00, 0x47, 0x70, 0x4c, 0x00, 0x47, 0x70, 0x4c, 0x00, 0x47, 0x70, 0x4c, 0x00,
    0x47, 0x70, 0x4c, 0x00, 0x47, 0x70, 0x4c, 0x00, 0x47, 0x70, 0x4c, 0x00, 0x47, 0x70, 0x4c, 0x00,
    0x47, 0x70, 0x4c, 0x00, 0x47, 0x70, 0x4c, 0x00, 0x47, 0x70, 0x4c, 0x00, 0x47, 0x70, 0x4c, 0x00,
    0x47, 0x70, 0x4c, 0x00, 0x47, 0x70, 0x4c, 0x00, 0x47, 0x70, 0x4c, 0x00, 0x47, 0x70, 0x4c, 0x00,
    0x47, 0x70, 0x4c, 0x00, 0x47, 0x70, 0x4c, 0x00, 0x47, 0x70, 0x4c, 0x00, 0x47, 0x70, 0x4c, 0x00,
    0x47, 0x70, 0x4c, 0x00, 0x47, 0x70, 0x4c, 0x00, 0x47, 0x70, 0x4c, 0x00, 0x47, 0x70, 0x4c, 0x00,
    0x47, 0x70, 0x4c, 0x00, 0x47, 0x70, 0x4c, 0x00, 0x47, 0x70, 0x4c, 0x00, 0x47, 0x70, 0x4c, 0x00,
    0x47, 0x70, 0x4c, 0x00, 0x47, 0x70, 0x4c, 0x00, 0x47, 0x70, 0x4c, 0x00, 0x47, 0x70, 0x4c, 0x00,
    0x47, 0x70, 0x4c, 0x00, 0x47, 0x70, 0x4c, 0x00, 0x47, 0x70, 0x4c, 0x00, 0x47, 0x70, 0x4c, 0x00,
    0x47, 0x70, 0x4c, 0x00, 0x47, 0x70, 0x4c, 0x00, 0x47, 0x70, 0x4c, 0x00, 0x47, 0x70, 0x4c, 0x00,
    0x47, 0x70, 0x4c, 0x00, 0x47, 0x70, 0x4c, 0x00, 0x47, 0x70, 0x4c, 0x00, 0x47, 0x70, 0x4c, 0x00,
    0x47, 0x70, 0x4c, 0x00, 0x47, 0x70, 0x4c, 0x00, 0x47, 0x70, 0x4c, 0x00, 0xc8, 0xbb, 0xcc, 0x05,
    0xf8, 0xf6, 0xf9, 0xb6, 0xff, 0xff, 0xff, 0xff, 0xff, 0xff, 0xff, 0xff, 0xff, 0xff, 0xff, 0xff,
    0xff, 0xff, 0xff, 0xff, 0xff, 0xff, 0xff, 0xff, 0xff, 0xff, 0xff, 0xff, 0xf9, 0xf7, 0xf9, 0xc1,
    0xd8, 0xce, 0xdb, 0x0a, 0x47, 0x70, 0x4c, 0x00, 0x47, 0x70, 0x4c, 0x00, 0x47, 0x70, 0x4c, 0x00,
    0x47, 0x70, 0x4c, 0x00, 0x47, 0x70, 0x4c, 0x00, 0x47, 0x70, 0x4c, 0x00, 0x47, 0x70, 0x4c, 0x00,
    0x47, 0x70, 0x4c, 0x00, 0x47, 0x70, 0x4c, 0x00, 0x47, 0x70, 0x4c, 0x00, 0x47, 0x70, 0x4c, 0x00,
    0x47, 0x70, 0x4c, 0x00, 0x47, 0x70, 0x4c, 0x00, 0x47, 0x70, 0x4c, 0x00, 0x47, 0x70, 0x4c, 0x00,
    0x47, 0x70, 0x4c, 0x00, 0x47, 0x70, 0x4c, 0x00, 0x47, 0x70, 0x4c, 0x00, 0x47, 0x70, 0x4c, 0x00,
    0x47, 0x70, 0x4c, 0x00, 0x47, 0x70, 0x4c, 0x00, 0x47, 0x70, 0x4c, 0x00, 0x47, 0x70, 0x4c, 0x00,
    0x47, 0x70, 0x4c, 0x00, 0x47, 0x70, 0x4c, 0x00, 0x47, 0x70, 0x4c, 0x00, 0x47, 0x70, 0x4c, 0x00,
    0x47, 0x70, 0x4c, 0x00, 0x47, 0x70, 0x4c, 0x00, 0x47, 0x70, 0x4c, 0x00, 0x47, 0x70, 0x4c, 0x00,
    0x47, 0x70, 0x4c, 0x00, 0x47, 0x70, 0x4c, 0x00, 0x47, 0x70, 0x4c, 0x00, 0x47, 0x70, 0x4c, 0x00,
    0x47, 0x70, 0x4c, 0x00, 0x47, 0x70, 0x4c, 0x00, 0x47, 0x70, 0x4c, 0x00, 0x47, 0x70, 0x4c, 0x00,
    0x47, 0x70, 0x4c, 0x00, 0x47, 0x70, 0x4c, 0x00, 0x47, 0x70, 0x4c, 0x00, 0x47, 0x70, 0x4c, 0x00,
    0x47, 0x70, 0x4c, 0x00, 0x47, 0x70, 0x4c, 0x00, 0x47, 0x70, 0x4c, 0x00, 0x47, 0x70, 0x4c, 0x00,
    0x47, 0x70, 0x4c, 0x00, 0x47, 0x70, 0x4c, 0x00, 0x47, 0x70, 0x4c, 0x00, 0x47, 0x70, 0x4c, 0x00,
    0x47, 0x70, 0x4c, 0x00, 0x47, 0x70, 0x4c, 0x00, 0x47, 0x70, 0x4c, 0x00, 0x47, 0x70, 0x4c, 0x00,
    0x47, 0x70, 0x4c, 0x00, 0x47, 0x70, 0x4c, 0x00, 0x47, 0x70, 0x4c, 0x00, 0x47, 0x70, 0x4c, 0x00,
    0x47, 0x70, 0x4c, 0x00, 0x47, 0x70, 0x4c, 0x00, 0x47, 0x70, 0x4c, 0x00, 0x47, 0x70, 0x4c, 0x00,
    0x47, 0x70, 0x4c, 0x00, 0x47, 0x70, 0x4c, 0x00, 0x47, 0x70, 0x4c, 0x00, 0x47, 0x70, 0x4c, 0x00,
    0x47, 0x70, 0x4c, 0x00, 0x47, 0x70, 0x4c, 0x00, 0x47, 0x70, 0x4c, 0x00, 0x47, 0x70, 0x4c, 0x00,
    0x47, 0x70, 0x4c, 0x00, 0x47, 0x70, 0x4c, 0x00, 0x47, 0x70, 0x4c, 0x00, 0x47, 0x70, 0x4c, 0x00,
    0x47, 0x70, 0x4c, 0x00, 0x47, 0x70, 0x4c, 0x00, 0x47, 0x70, 0x4c, 0x00, 0x47, 0x70, 0x4c, 0x00,
    0x47, 0x70, 0x4c, 0x00, 0x47, 0x70, 0x4c, 0x00, 0x47, 0x70, 0x4c, 0x00, 0x47, 0x70, 0x4c, 0x00,
    0x47, 0x70, 0x4c, 0x00, 0x47, 0x70, 0x4c, 0x00, 0x47, 0x70, 0x4c, 0x00, 0x47, 0x70, 0x4c, 0x00,
    0x47, 0x70, 0x4c, 0x00, 0x47, 0x70, 0x4c, 0x00, 0x47, 0x70, 0x4c, 0x00, 0x47, 0x70, 0x4c, 0x00,
    0x47, 0x70, 0x4c, 0x00, 0x47, 0x70, 0x4c, 0x00, 0x47, 0x70, 0x4c, 0x00, 0x47, 0x70, 0x4c, 0x00,
    0x47, 0x70, 0x4c, 0x00, 0x47, 0x70, 0x4c, 0x00, 0x47, 0x70, 0x4c, 0x00, 0x47, 0x70, 0x4c, 0x00,
    0x47, 0x70, 0x4c, 0x00, 0x47, 0x70, 0x4c, 0x00, 0x47, 0x70, 0x4c, 0x00, 0x47, 0x70, 0x4c, 0x00,
    0x47, 0x70, 0x4c, 0x00, 0x47, 0x70, 0x4c, 0x00, 0x47, 0x70, 0x4c, 0x00, 0x47, 0x70, 0x4c, 0x00,
    0x47, 0x70, 0x4c, 0x00, 0x47, 0x70, 0x4c, 0x00, 0x47, 0x70, 0x4c, 0x00, 0x47, 0x70, 0x4c, 0x00,
    0x47, 0x70, 0x4c, 0x00, 0x47, 0x70, 0x4c, 0x00, 0x47, 0x70, 0x4c, 0x00, 0x47, 0x70, 0x4c, 0x00,
    0x47, 0x70, 0x4c, 0x00, 0x47, 0x70, 0x4c, 0x00, 0x47, 0x70, 0x4c, 0x00, 0xc8, 0xbb, 0xcc, 0x05,
    0xf8, 0xf6, 0xf9, 0xb6, 0xff, 0xff, 0xff, 0xff, 0xff, 0xff, 0xff, 0xff, 0xff, 0xff, 0xff, 0xff,
    0xff, 0xff, 0xff, 0xff, 0xff, 0xff, 0xff, 0xff, 0xff, 0xff, 0xff, 0xff, 0xf9, 0xf7, 0xf9, 0xc1,
    0xd8, 0xce, 0xdb, 0x0a, 0x47, 0x70, 0x4c, 0x00, 0x47, 0x70, 0x4c, 0x00, 0x47, 0x70, 0x4c, 0x00,
    0x47, 0x70, 0x4c, 0x00, 0x47, 0x70, 0x4c, 0x00, 0x47, 0x70, 0x4c, 0x00, 0x47, 0x70, 0x4c, 0x00,
    0x47, 0x70, 0x4c, 0x00, 0x47, 0x70, 0x4c, 0x00, 0x47, 0x70, 0x4c, 0x00, 0x47, 0x70, 0x4c, 0x00,
    0x47, 0x70, 0x4c, 0x00, 0x47, 0x70, 0x4c, 0x00, 0x47, 0x70, 0x4c, 0x00, 0x47, 0x70, 0x4c, 0x00,
    0x47, 0x70, 0x4c, 0x00, 0x47, 0x70, 0x4c, 0x00, 0x47, 0x70, 0x4c, 0x00, 0x47, 0x70, 0x4c, 0x00,
    0x47, 0x70, 0x4c, 0x00, 0x47, 0x70, 0x4c, 0x00, 0x47, 0x70, 0x4c, 0x00, 0x47, 0x70, 0x4c, 0x00,
    0x47, 0x70, 0x4c, 0x00, 0x47, 0x70, 0x4c, 0x00, 0x47, 0x70, 0x4c, 0x00, 0x47, 0x70, 0x4c, 0x00,
    0x47, 0x70, 0x4c, 0x00, 0x47, 0x70, 0x4c, 0x00, 0x47, 0x70, 0x4c, 0x00, 0x47, 0x70, 0x4c, 0x00,
    0x47, 0x70, 0x4c, 0x00, 0x47, 0x70, 0x4c, 0x00, 0x47, 0x70, 0x4c, 0x00, 0x47, 0x70, 0x4c, 0x00,
    0x47, 0x70, 0x4c, 0x00, 0x47, 0x70, 0x4c, 0x00, 0x47, 0x70, 0x4c, 0x00, 0x47, 0x70, 0x4c, 0x00,
    0x47, 0x70, 0x4c, 0x00, 0x47, 0x70, 0x4c, 0x00, 0x47, 0x70, 0x4c, 0x00, 0x47, 0x70, 0x4c, 0x00,
    0x47, 0x70, 0x4c, 0x00, 0x47, 0x70, 0x4c, 0x00, 0x47, 0x70, 0x4c, 0x00, 0x47, 0x70, 0x4c, 0x00,
    0x47, 0x70, 0x4c, 0x00, 0x47, 0x70, 0x4c, 0x00, 0x47, 0x70, 0x4c, 0x00, 0x47, 0x70, 0x4c, 0x00,
    0x47, 0x70, 0x4c, 0x00, 0x47, 0x70, 0x4c, 0x00, 0x47, 0x70, 0x4c, 0x00, 0x47, 0x70, 0x4c, 0x00,
    0x47, 0x70, 0x4c, 0x00, 0x47, 0x70, 0x4c, 0x00, 0x47, 0x70, 0x4c, 0x00, 0x47, 0x70, 0x4c, 0x00,
    0x47, 0x70, 0x4c, 0x00, 0x47, 0x70, 0x4c, 0x00, 0x47, 0x70, 0x4c, 0x00, 0x47, 0x70, 0x4c, 0x00,
    0x47, 0x70, 0x4c, 0x00, 0x47, 0x70, 0x4c, 0x00, 0x47, 0x70, 0x4c, 0x00, 0x47, 0x70, 0x4c, 0x00,
    0x47, 0x70, 0x4c, 0x00, 0x47, 0x70, 0x4c, 0x00, 0x47, 0x70, 0x4c, 0x00, 0x47, 0x70, 0x4c, 0x00,
    0x47, 0x70, 0x4c, 0x00, 0x47, 0x70, 0x4c, 0x00, 0x47, 0x70, 0x4c, 0x00, 0x47, 0x70, 0x4c, 0x00,
    0x47, 0x70, 0x4c, 0x00, 0x47, 0x70, 0x4c, 0x00, 0x47, 0x70, 0x4c, 0x00, 0x47, 0x70, 0x4c, 0x00,
    0x47, 0x70, 0x4c, 0x00, 0x47, 0x70, 0x4c, 0x00, 0x47, 0x70, 0x4c, 0x00, 0x47, 0x70, 0x4c, 0x00,
    0x47, 0x70, 0x4c, 0x00, 0x47, 0x70, 0x4c, 0x00, 0x47, 0x70, 0x4c, 0x00, 0x47, 0x70, 0x4c, 0x00,
    0x47, 0x70, 0x4c, 0x00, 0x47, 0x70, 0x4c, 0x00, 0x47, 0x70, 0x4c, 0x00, 0x47, 0x70, 0x4c, 0x00,
    0x47, 0x70, 0x4c, 0x00, 0x47, 0x70, 0x4c, 0x00, 0x47, 0x70, 0x4c, 0x00, 0x47, 0x70, 0x4c, 0x00,
    0x47, 0x70, 0x4c, 0x00, 0x47, 0x70, 0x4c, 0x00, 0x47, 0x70, 0x4c, 0x00, 0x47, 0x70, 0x4c, 0x00,
    0x47, 0x70, 0x4c, 0x00, 0x47, 0x70, 0x4c, 0x00, 0x47, 0x70, 0x4c, 0x00, 0x47, 0x70, 0x4c, 0x00,
    0x47, 0x70, 0x4c, 0x00, 0x47, 0x70, 0x4c, 0x00, 0x47, 0x70, 0x4c, 0x00, 0x47, 0x70, 0x4c, 0x00,
    0x47, 0x70, 0x4c, 0x00, 0x47, 0x70, 0x4c, 0x00, 0x47, 0x70, 0x4c, 0x00, 0x47, 0x70, 0x4c, 0x00,
    0x47, 0x70, 0x4c, 0x00, 0x47, 0x70, 0x4c, 0x00, 0x47, 0x70, 0x4c, 0x00, 0x47, 0x70, 0x4c, 0x00,
    0x47, 0x70, 0x4c, 0x00, 0x47, 0x70, 0x4c, 0x00, 0x47, 0x70, 0x4c, 0x00, 0x47, 0x70, 0x4c, 0x00,
    0xf4, 0xf1, 0xf5, 0x78, 0xfe, 0xfe, 0xfe, 0xff, 0xff, 0xff, 0xff, 0xff, 0xff, 0xff, 0xff, 0xff,
    0xff, 0xff, 0xff, 0xff, 0xff, 0xff, 0xff, 0xff, 0xfe, 0xfe, 0xfe, 0xff, 0xf4, 0xf2, 0xf5, 0x82,
    0x47, 0x70, 0x4c, 0x00, 0x47, 0x70, 0x4c, 0x00, 0x47, 0x70, 0x4c, 0x00, 0x47, 0x70, 0x4c, 0x00,
    0x47, 0x70, 0x4c, 0x00, 0x47, 0x70, 0x4c, 0x00, 0x47, 0x70, 0x4c, 0x00, 0x47, 0x70, 0x4c, 0x00,
    0x47, 0x70, 0x4c, 0x00, 0x47, 0x70, 0x4c, 0x00, 0x47, 0x70, 0x4c, 0x00, 0x47, 0x70, 0x4c, 0x00,
    0x47, 0x70, 0x4c, 0x00, 0x47, 0x70, 0x4c, 0x00, 0x47, 0x70, 0x4c, 0x00, 0x47, 0x70, 0x4c, 0x00,
    0x47, 0x70, 0x4c, 0x00, 0x47, 0x70, 0x4c, 0x00, 0x47, 0x70, 0x4c, 0x00, 0x47, 0x70, 0x4c, 0x00,
    0x47, 0x70, 0x4c, 0x00, 0x47, 0x70, 0x4c, 0x00, 0x47, 0x70, 0x4c, 0x00, 0x47, 0x70, 0x4c, 0x00,
    0x47, 0x70, 0x4c, 0x00, 0x47, 0x70, 0x4c, 0x00, 0x47, 0x70, 0x4c, 0x00, 0x47, 0x70, 0x4c, 0x00,
    0x47, 0x70, 0x4c, 0x00, 0x47, 0x70, 0x4c, 0x00, 0x47, 0x70, 0x4c, 0x00, 0x47, 0x70, 0x4c, 0x00,
    0x47, 0x70, 0x4c, 0x00, 0x47, 0x70, 0x4c, 0x00, 0x47, 0x70, 0x4c, 0x00, 0x47, 0x70, 0x4c, 0x00,
    0x47, 0x70, 0x4c, 0x00, 0x47, 0x70, 0x4c, 0x00, 0x47, 0x70, 0x4c, 0x00, 0x47, 0x70, 0x4c, 0x00,
    0x47, 0x70, 0x4c, 0x00, 0x47, 0x70, 0x4c, 0x00, 0x47, 0x70, 0x4c, 0x00, 0x47, 0x70, 0x4c, 0x00,
    0x47, 0x70, 0x4c, 0x00, 0x47, 0x70, 0x4c, 0x00, 0x47, 0x70, 0x4c, 0x00, 0x47, 0x70, 0x4c, 0x00,
    0x47, 0x70, 0x4c, 0x00, 0x47, 0x70, 0x4c, 0x00, 0x47, 0x70, 0x4c, 0x00, 0x47, 0x70, 0x4c, 0x00,
    0x47, 0x70, 0x4c, 0x00, 0x47, 0x70, 0x4c, 0x00, 0x47, 0x70, 0x4c, 0x00, 0x47, 0x70, 0x4c, 0x00,
    0x47, 0x70, 0x4c, 0x00, 0x47, 0x70, 0x4c, 0x00, 0x47, 0x70, 0x4c, 0x00, 0x47, 0x70, 0x4c, 0x00,
    0x47, 0x70, 0x4c, 0x00, 0x47, 0x70, 0x4c, 0x00, 0x47, 0x70, 0x4c, 0x00, 0x47, 0x70, 0x4c, 0x00,
    0x47, 0x70, 0x4c, 0x00, 0x47, 0x70, 0x4c, 0x00, 0x47, 0x70, 0x4c, 0x00, 0x47, 0x70, 0x4c, 0x00,
    0x47, 0x70, 0x4c, 0x00, 0x47, 0x70, 0x4c, 0x00, 0x47, 0x70, 0x4c, 0x00, 0x47, 0x70, 0x4c, 0x00,
    0x47, 0x70, 0x4c, 0x00, 0x47, 0x70, 0x4c, 0x00, 0x47, 0x70, 0x4c, 0x00, 0x47, 0x70, 0x4c, 0x00,
    0x47, 0x70, 0x4c, 0x00, 0x47, 0x70, 0x4c, 0x00, 0x47, 0x70, 0x4c, 0x00, 0x47, 0x70, 0x4c, 0x00,
    0x47, 0x70, 0x4c, 0x00, 0x47, 0x70, 0x4c, 0x00, 0x47, 0x70, 0x4c, 0x00, 0x47, 0x70, 0x4c, 0x00,
    0x47, 0x70, 0x4c, 0x00, 0x47, 0x70, 0x4c, 0x00, 0x47, 0x70, 0x4c, 0x00, 0x47, 0x70, 0x4c, 0x00,
    0x47, 0x70, 0x4c, 0x00, 0x47, 0x70, 0x4c, 0x00, 0x47, 0x70, 0x4c, 0x00, 0x47, 0x70, 0x4c, 0x00,
    0x47, 0x70, 0x4c, 0x00, 0x47, 0x70, 0x4c, 0x00, 0x47, 0x70, 0x4c, 0x00, 0x47, 0x70, 0x4c, 0x00,
    0x47, 0x70, 0x4c, 0x00, 0x47, 0x70, 0x4c, 0x00, 0x47, 0x70, 0x4c, 0x00, 0x47, 0x70, 0x4c, 0x00,
    0x47, 0x70, 0x4c, 0x00, 0x47, 0x70, 0x4c, 0x00, 0x47, 0x70, 0x4c, 0x00, 0x47, 0x70, 0x4c, 0x00,
    0x47, 0x70, 0x4c, 0x00, 0x47, 0x70, 0x4c, 0x00, 0x47, 0x70, 0x4c, 0x00, 0x47, 0x70, 0x4c, 0x00,
    0x47, 0x70, 0x4c, 0x00, 0x47, 0x70, 0x4c, 0x00, 0x47, 0x70, 0x4c, 0x00, 0x47, 0x70, 0x4c, 0x00,
    0x47, 0x70, 0x4c, 0x00, 0x47, 0x70, 0x4c, 0x00, 0x47, 0x70, 0x4c, 0x00, 0x47, 0x70, 0x4c, 0x00,
    0x47, 0x70, 0x4c, 0x00, 0x47, 0x70, 0x4c, 0x00, 0x47, 0x70, 0x4c, 0x00, 0x47, 0x70, 0x4c, 0x00,
    0xe4, 0xde, 0xe6, 0x18, 0xf8, 0xf6, 0xf9, 0xb6, 0xfe, 0xfe, 0xfe, 0xff, 0xff, 0xff, 0xff, 0xff,
    0xff, 0xff, 0xff, 0xff, 0xfe, 0xfe, 0xfe, 0xff, 0xf8, 0xf6, 0xf9, 0xb6, 0xe4, 0xde, 0xe6, 0x18,
    0x47, 0x70, 0x4c, 0x00, 0x47, 0x70, 0x4c, 0x00, 0x47, 0x70, 0x4c, 0x00, 0x47, 0x70, 0x4c, 0x00,
    0x47, 0x70, 0x4c, 0x00, 0x47, 0x70, 0x4c, 0x00, 0x47, 0x70, 0x4c, 0x00, 0x47, 0x70, 0x4c, 0x00,
    0x47, 0x70, 0x4c, 0x00, 0x47, 0x70, 0x4c, 0x00, 0x47, 0x70, 0x4c, 0x00, 0x47, 0x70, 0x4c, 0x00,
    0x47, 0x70, 0x4c, 0x00, 0x47, 0x70, 0x4c, 0x00, 0x47, 0x70, 0x4c, 0x00, 0x47, 0x70, 0x4c, 0x00,
    0x47, 0x70, 0x4c, 0x00, 0x47, 0x70, 0x4c, 0x00, 0x47, 0x70, 0x4c, 0x00, 0x47, 0x70, 0x4c, 0x00,
    0x47, 0x70, 0x4c, 0x00, 0x47, 0x70, 0x4c, 0x00, 0x47, 0x70, 0x4c, 0x00, 0x47, 0x70, 0x4c, 0x00,
    0x47, 0x70, 0x4c, 0x00, 0x47, 0x70, 0x4c, 0x00, 0x47, 0x70, 0x4c, 0x00, 0x47, 0x70, 0x4c, 0x00,
    0x47, 0x70, 0x4c, 0x00, 0x47, 0x70, 0x4c, 0x00, 0x47, 0x70, 0x4c, 0x00, 0x47, 0x70, 0x4c, 0x00,
    0x47, 0x70, 0x4c, 0x00, 0x47, 0x70, 0x4c, 0x00, 0x47, 0x70, 0x4c, 0x00, 0x47, 0x70, 0x4c, 0x00,
    0x47, 0x70, 0x4c, 0x00, 0x47, 0x70, 0x4c, 0x00, 0x47, 0x70, 0x4c, 0x00, 0x47, 0x70, 0x4c, 0x00,
    0x47, 0x70, 0x4c, 0x00, 0x47, 0x70, 0x4c, 0x00, 0x47, 0x70, 0x4c, 0x00, 0x47, 0x70, 0x4c, 0x00,
    0x47, 0x70, 0x4c, 0x00, 0x47, 0x70, 0x4c, 0x00, 0x47, 0x70, 0x4c, 0x00, 0x47, 0x70, 0x4c, 0x00,
    0x47, 0x70, 0x4c, 0x00, 0x47, 0x70, 0x4c, 0x00, 0x47, 0x70, 0x4c, 0x00, 0x47, 0x70, 0x4c, 0x00,
    0x47, 0x70, 0x4c, 0x00, 0x47, 0x70, 0x4c, 0x00, 0x47, 0x70, 0x4c, 0x00, 0x47, 0x70, 0x4c, 0x00,
    0x47, 0x70, 0x4c, 0x00, 0x47, 0x70, 0x4c, 0x00, 0x47, 0x70, 0x4c, 0x00, 0x47, 0x70, 0x4c, 0x00,
    0x47, 0x70, 0x4c, 0x00, 0x47, 0x70, 0x4c, 0x00, 0x47, 0x70, 0x4c, 0x00, 0x47, 0x70, 0x4c, 0x00,
    0x47, 0x70, 0x4c, 0x00, 0x47, 0x70, 0x4c, 0x00, 0x47, 0x70, 0x4c, 0x00, 0x47, 0x70, 0x4c, 0x00,
    0x47, 0x70, 0x4c, 0x00, 0x47, 0x70, 0x4c, 0x00, 0x47, 0x70, 0x4c, 0x00, 0x47, 0x70, 0x4c, 0x00,
    0x47, 0x70, 0x4c, 0x00, 0x47, 0x70, 0x4c, 0x00, 0x47, 0x70, 0x4c, 0x00, 0x47, 0x70, 0x4c, 0x00,
    0x47, 0x70, 0x4c, 0x00, 0x47, 0x70, 0x4c, 0x00, 0x47, 0x70, 0x4c, 0x00, 0x47, 0x70, 0x4c, 0x00,
    0x47, 0x70, 0x4c, 0x00, 0x47, 0x70, 0x4c, 0x00, 0x47, 0x70, 0x4c, 0x00, 0x47, 0x70, 0x4c, 0x00,
    0x47, 0x70, 0x4c, 0x00, 0x47, 0x70, 0x4c, 0x00, 0x47, 0x70, 0x4c, 0x00, 0x47, 0x70, 0x4c, 0x00,
    0x47, 0x70, 0x4c, 0x00, 0x47, 0x70, 0x4c, 0x00, 0x47, 0x70, 0x4c, 0x00, 0x47, 0x70, 0x4c, 0x00,
    0x47, 0x70, 0x4c, 0x00, 0x47, 0x70, 0x4c, 0x00, 0x47, 0x70, 0x4c, 0x00, 0x47, 0x70, 0x4c, 0x00,
    0x47, 0x70, 0x4c, 0x00, 0x47, 0x70, 0x4c, 0x00, 0x47, 0x70, 0x4c, 0x00, 0x47, 0x70, 0x4c, 0x00,
    0x47, 0x70, 0x4c, 0x00, 0x47, 0x70, 0x4c, 0x00, 0x47, 0x70, 0x4c, 0x00, 0x47, 0x70, 0x4c, 0x00,
    0x47, 0x70, 0x4c, 0x00, 0x47, 0x70, 0x4c, 0x00, 0x47, 0x70, 0x4c, 0x00, 0x47, 0x70, 0x4c, 0x00,
    0x47, 0x70, 0x4c, 0x00, 0x47, 0x70, 0x4c, 0x00, 0x47, 0x70, 0x4c, 0x00, 0x47, 0x70, 0x4c, 0x00,
    0x47, 0x70, 0x4c, 0x00, 0x47, 0x70, 0x4c, 0x00, 0x47, 0x70, 0x4c, 0x00, 0x47, 0x70, 0x4c, 0x00,
    0x47, 0x70, 0x4c, 0x00, 0x47, 0x70, 0x4c, 0x00, 0x47, 0x70, 0x4c, 0x00, 0x47, 0x70, 0x4c, 0x00,
    0x47, 0x70, 0x4c, 0x00, 0xe4, 0xde, 0xe6, 0x18, 0xf3, 0xf0, 0xf4, 0x6d, 0xf8, 0xf6, 0xf9, 0xb6,
    0xf7, 0xf5, 0xf8, 0xab, 0xf3, 0xf0, 0xf4, 0x6d, 0xe4, 0xde, 0xe6, 0x18, 0x47, 0x70, 0x4c, 0x00,
    0x47, 0x70, 0x4c, 0x00, 0x47, 0x70, 0x4c, 0x00, 0x47, 0x70, 0x4c, 0x00, 0x47, 0x70, 0x4c, 0x00,
    0x47, 0x70, 0x4c, 0x00, 0x47, 0x70, 0x4c, 0x00, 0x47, 0x70, 0x4c, 0x00, 0x47, 0x70, 0x4c, 0x00,
    0x47, 0x70, 0x4c, 0x00, 0x47, 0x70, 0x4c, 0x00, 0x47, 0x70, 0x4c, 0x00, 0x47, 0x70, 0x4c, 0x00,
    0x47, 0x70, 0x4c, 0x00, 0x47, 0x70, 0x4c, 0x00, 0x47, 0x70, 0x4c, 0x00, 0x47, 0x70, 0x4c, 0x00,
    0x47, 0x70, 0x4c, 0x00, 0x47, 0x70, 0x4c, 0x00, 0x47, 0x70, 0x4c, 0x00, 0x47, 0x70, 0x4c, 0x00,
    0x47, 0x70, 0x4c, 0x00, 0x47, 0x70, 0x4c, 0x00, 0x47, 0x70, 0x4c, 0x00, 0x47, 0x70, 0x4c, 0x00,
    0x47, 0x70, 0x4c, 0x00, 0x47, 0x70, 0x4c, 0x00, 0x47, 0x70, 0x4c, 0x00, 0x47, 0x70, 0x4c, 0x00,
    0x47, 0x70, 0x4c, 0x00, 0x47, 0x70, 0x4c, 0x00, 0x47, 0x70, 0x4c, 0x00, 0x47, 0x70, 0x4c, 0x00,
    0x47, 0x70, 0x4c, 0x00, 0x47, 0x70, 0x4c, 0x00, 0x47, 0x70, 0x4c, 0x00, 0x47, 0x70, 0x4c, 0x00,
    0x47, 0x70, 0x4c, 0x00, 0x47, 0x70, 0x4c, 0x00, 0x47, 0x70, 0x4c, 0x00, 0x47, 0x70, 0x4c, 0x00,
    0x47, 0x70, 0x4c, 0x00, 0x47, 0x70, 0x4c, 0x00, 0x47, 0x70, 0x4c, 0x00, 0x47, 0x70, 0x4c, 0x00,
    0x47, 0x70, 0x4c, 0x00, 0x47, 0x70, 0x4c, 0x00, 0x47, 0x70, 0x4c, 0x00, 0x47, 0x70, 0x4c, 0x00,
    0x47, 0x70, 0x4c, 0x00, 0x47, 0x70, 0x4c, 0x00, 0x47, 0x70, 0x4c, 0x00, 0x47, 0x70, 0x4c, 0x00,
    0x47, 0x70, 0x4c, 0x00, 0x47, 0x70, 0x4c, 0x00, 0x47, 0x70, 0x4c, 0x00, 0x47, 0x70, 0x4c, 0x00,
    0x47, 0x70, 0x4c, 0x00, 0x47, 0x70, 0x4c, 0x00, 0x47, 0x70, 0x4c, 0x00, 0x47, 0x70, 0x4c, 0x00,
    0x47, 0x70, 0x4c, 0x00, 0x47, 0x70, 0x4c, 0x00, 0x47, 0x70, 0x4c, 0x00, 0x47, 0x70, 0x4c, 0x00,
    0x47, 0x70, 0x4c, 0x00, 0x47, 0x70, 0x4c, 0x00, 0x47, 0x70, 0x4c, 0x00, 0x47, 0x70, 0x4c, 0x00,
    0x47, 0x70, 0x4c, 0x00, 0x47, 0x70, 0x4c, 0x00, 0x47, 0x70, 0x4c, 0x00, 0x47, 0x70, 0x4c, 0x00,
    0x47, 0x70, 0x4c, 0x00, 0x47, 0x70, 0x4c, 0x00, 0x47, 0x70, 0x4c, 0x00, 0x47, 0x70, 0x4c, 0x00,
    0x47, 0x70, 0x4c, 0x00, 0x47, 0x70, 0x4c, 0x00, 0x47, 0x70, 0x4c, 0x00, 0x47, 0x70, 0x4c, 0x00,
    0x47, 0x70, 0x4c, 0x00, 0x47, 0x70, 0x4c, 0x00, 0x47, 0x70, 0x4c, 0x00, 0x47, 0x70, 0x4c, 0x00,
    0x47, 0x70, 0x4c, 0x00, 0x47, 0x70, 0x4c, 0x00, 0x47, 0x70, 0x4c, 0x00, 0x47, 0x70, 0x4c, 0x00,
    0x47, 0x70, 0x4c, 0x00, 0x47, 0x70, 0x4c, 0x00, 0x47, 0x70, 0x4c, 0x00, 0x47, 0x70, 0x4c, 0x00,
    0x47, 0x70, 0x4c, 0x00, 0x47, 0x70, 0x4c, 0x00, 0x47, 0x70, 0x4c, 0x00, 0x47, 0x70, 0x4c, 0x00,
    0x47, 0x70, 0x4c, 0x00, 0x47, 0x70, 0x4c, 0x00, 0x47, 0x70, 0x4c, 0x00, 0x47, 0x70, 0x4c, 0x00,
    0x47, 0x70, 0x4c, 0x00, 0x47, 0x70, 0x4c, 0x00, 0x47, 0x70, 0x4c, 0x00, 0x47, 0x70, 0x4c, 0x00,
    0x47, 0x70, 0x4c, 0x00, 0x47, 0x70, 0x4c, 0x00, 0x47, 0x70, 0x4c, 0x00, 0x47, 0x70, 0x4c, 0x00,
    0x47, 0x70, 0x4c, 0x00, 0x47, 0x70, 0x4c, 0x00, 0x47, 0x70, 0x4c, 0x00, 0x47, 0x70, 0x4c, 0x00,
    0x47, 0x70, 0x4c, 0x00, 0x47, 0x70, 0x4c, 0x00, 0x47, 0x70, 0x4c, 0x00, 0x47, 0x70, 0x4c, 0x00,
    0x47, 0x70, 0x4c, 0x00, 0x47, 0x70, 0x4c, 0x00, 0x47, 0x70, 0x4c, 0x00, 0x47, 0x70, 0x4c, 0x00,
    0x47, 0x70, 0x4c, 0x00, 0x47, 0x70, 0x4c, 0x00, 0x47, 0x70, 0x4c, 0x00, 0xc8, 0xbb, 0xcc, 0x05,
    0xc8, 0xbb, 0xcc, 0x05, 0x47, 0x70, 0x4c, 0x00, 0x47, 0x70, 0x4c, 0x00, 0x47, 0x70, 0x4c, 0x00,
    0x47, 0x70, 0x4c, 0x00, 0x47, 0x70, 0x4c, 0x00, 0x47, 0x70, 0x4c, 0x00, 0x47, 0x70, 0x4c, 0x00,
    0x47, 0x70, 0x4c, 0x00, 0x47, 0x70, 0x4c, 0x00, 0x47, 0x70, 0x4c, 0x00, 0x47, 0x70, 0x4c, 0x00,
    0x47, 0x70, 0x4c, 0x00, 0x47, 0x70, 0x4c, 0x00, 0x47, 0x70, 0x4c, 0x00, 0x47, 0x70, 0x4c, 0x00,
    0x47, 0x70, 0x4c, 0x00, 0x47, 0x70, 0x4c, 0x00, 0x47, 0x70, 0x4c, 0x00, 0x47, 0x70, 0x4c, 0x00,
    0x47, 0x70, 0x4c, 0x00, 0x47, 0x70, 0x4c, 0x00, 0x47, 0x70, 0x4c, 0x00, 0x47, 0x70, 0x4c, 0x00,
    0x47, 0x70, 0x4c, 0x00, 0x47, 0x70, 0x4c, 0x00, 0x47, 0x70, 0x4c, 0x00, 0x47, 0x70, 0x4c, 0x00,
    0x47, 0x70, 0x4c, 0x00, 0x47, 0x70, 0x4c, 0x00, 0x47, 0x70, 0x4c, 0x00, 0x47, 0x70, 0x4c, 0x00,
    0x47, 0x70, 0x4c, 0x00, 0x47, 0x70, 0x4c, 0x00, 0x47, 0x70, 0x4c, 0x00, 0x47, 0x70, 0x4c, 0x00,
    0x47, 0x70, 0x4c, 0x00, 0x47, 0x70, 0x4c, 0x00, 0x47, 0x70, 0x4c, 0x00, 0x47, 0x70, 0x4c, 0x00,
    0x47, 0x70, 0x4c, 0x00, 0x47, 0x70, 0x4c, 0x00, 0x47, 0x70, 0x4c, 0x00, 0x47, 0x70, 0x4c, 0x00,
    0x47, 0x70, 0x4c, 0x00, 0x47, 0x70, 0x4c, 0x00, 0x47, 0x70, 0x4c, 0x00, 0x47, 0x70, 0x4c, 0x00,
    0x47, 0x70, 0x4c, 0x00, 0x47, 0x70, 0x4c, 0x00, 0x47, 0x70, 0x4c, 0x00, 0x47, 0x70, 0x4c, 0x00,
    0x47, 0x70, 0x4c, 0x00, 0x47, 0x70, 0x4c, 0x00, 0x47, 0x70, 0x4c, 0x00, 0x47, 0x70, 0x4c, 0x00,
    0x47, 0x70, 0x4c, 0x00, 0x47, 0x70, 0x4c, 0x00, 0x47, 0x70, 0x4c, 0x00, 0x47, 0x70, 0x4c, 0x00,
    0x47, 0x70, 0x4c, 0x00, 0x47, 0x70, 0x4c, 0x00, 0x47, 0x70, 0x4c, 0x00, 0x47, 0x70, 0x4c, 0x00,
    0x47, 0x70, 0x4c, 0x00, 0x47, 0x70, 0x4c, 0x00, 0x47, 0x70, 0x4c, 0x00, 0x47, 0x70, 0x4c, 0x00,
    0x47, 0x70, 0x4c, 0x00, 0x47, 0x70, 0x4c, 0x00, 0x47, 0x70, 0x4c, 0x00, 0x47, 0x70, 0x4c, 0x00,
    0x47, 0x70, 0x4c, 0x00, 0x47, 0x70, 0x4c, 0x00, 0x47, 0x70, 0x4c, 0x00, 0x47, 0x70, 0x4c, 0x00,
    0x47, 0x70, 0x4c, 0x00, 0x47, 0x70, 0x4c, 0x00, 0x47, 0x70, 0x4c, 0x00, 0x47, 0x70, 0x4c, 0x00,
    0x47, 0x70, 0x4c, 0x00, 0x47, 0x70, 0x4c, 0x00, 0x47, 0x70, 0x4c, 0x00, 0x47, 0x70, 0x4c, 0x00,
    0x47, 0x70, 0x4c, 0x00, 0x47, 0x70, 0x4c, 0x00, 0x47, 0x70, 0x4c, 0x00, 0x47, 0x70, 0x4c, 0x00,
    0x47, 0x70, 0x4c, 0x00, 0x47, 0x70, 0x4c, 0x00, 0x47, 0x70, 0x4c, 0x00, 0x47, 0x70, 0x4c, 0x00,
    0x47, 0x70, 0x4c, 0x00, 0x47, 0x70, 0x4c, 0x00, 0x47, 0x70, 0x4c, 0x00, 0x47, 0x70, 0x4c, 0x00,
    0x47, 0x70, 0x4c, 0x00, 0x47, 0x70, 0x4c, 0x00, 0x47, 0x70, 0x4c, 0x00, 0x47, 0x70, 0x4c, 0x00,
    0x47, 0x70, 0x4c, 0x00, 0x47, 0x70, 0x4c, 0x00, 0x47, 0x70, 0x4c, 0x00, 0x47, 0x70, 0x4c, 0x00,
    0x47, 0x70, 0x4c, 0x00, 0x47, 0x70, 0x4c, 0x00, 0x47, 0x70, 0x4c, 0x00, 0x47, 0x70, 0x4c, 0x00,
    0x47, 0x70, 0x4c, 0x00, 0x47, 0x70, 0x4c, 0x00, 0x47, 0x70, 0x4c, 0x00, 0x47, 0x70, 0x4c, 0x00,
    0x47, 0x70, 0x4c, 0x00, 0x47, 0x70, 0x4c, 0x00, 0x47, 0x70, 0x4c, 0x00, 0x47, 0x70, 0x4c, 0x00,
    0x47, 0x70, 0x4c, 0x00, 0x47, 0x70, 0x4c, 0x00, 0x47, 0x70, 0x4c, 0x00, 0x47, 0x70, 0x4c, 0x00,
    0x47, 0x70, 0x4c, 0x00, 0x47, 0x70, 0x4c, 0x00, 0x47, 0x70, 0x4c, 0x00, 0x47, 0x70, 0x4c, 0x00,
    0x47, 0x70, 0x4c, 0x00, 0x47, 0x70, 0x4c, 0x00, 0x47, 0x70, 0x4c, 0x00, 0x47, 0x70, 0x4c, 0x00,
    0x47, 0x70, 0x4c, 0x00, 0x47, 0x70, 0x4c, 0x00, 0x47, 0x70, 0x4c, 0x00, 0x47, 0x70, 0x4c, 0x00,
    0x47, 0x70, 0x4c, 0x00, 0x47, 0x70, 0x4c, 0x00, 0x47, 0x70, 0x4c, 0x00, 0x47, 0x70, 0x4c, 0x00,
    0x47, 0x70, 0x4c, 0x00, 0x47, 0x70, 0x4c, 0x00, 0x47, 0x70, 0x4c, 0x00, 0x47, 0x70, 0x4c, 0x00,
    0x47, 0x70, 0x4c, 0x00, 0x47, 0x70, 0x4c, 0x00, 0x47, 0x70, 0x4c, 0x00, 0x47, 0x70, 0x4c, 0x00,
    0x47, 0x70, 0x4c, 0x00, 0x47, 0x70, 0x4c, 0x00, 0x47, 0x70, 0x4c, 0x00, 0x47, 0x70, 0x4c, 0x00,
    0x47, 0x70, 0x4c, 0x00, 0x47, 0x70, 0x4c, 0x00, 0x47, 0x70, 0x4c, 0x00, 0x47, 0x70, 0x4c, 0x00,
    0x47, 0x70, 0x4c, 0x00, 0x47, 0x70, 0x4c, 0x00, 0x47, 0x70, 0x4c, 0x00, 0x47, 0x70, 0x4c, 0x00,
    0x47, 0x70, 0x4c, 0x00, 0x47, 0x70, 0x4c, 0x00, 0x47, 0x70, 0x4c, 0x00, 0x47, 0x70, 0x4c, 0x00,
    0x47, 0x70, 0x4c, 0x00, 0x47, 0x70, 0x4c, 0x00, 0x47, 0x70, 0x4c, 0x00, 0x47, 0x70, 0x4c, 0x00,
    0x47, 0x70, 0x4c, 0x00, 0x47, 0x70, 0x4c, 0x00, 0x47, 0x70, 0x4c, 0x00, 0x47, 0x70, 0x4c, 0x00,
    0x47, 0x70, 0x4c, 0x00, 0x47, 0x70, 0x4c, 0x00, 0x47, 0x70, 0x4c, 0x00, 0x47, 0x70, 0x4c, 0x00,
    0x47, 0x70, 0x4c, 0x00, 0x47, 0x70, 0x4c, 0x00, 0x47, 0x70, 0x4c, 0x00, 0x47, 0x70, 0x4c, 0x00,
    0x47, 0x70, 0x4c, 0x00, 0x47, 0x70, 0x4c, 0x00, 0x47, 0x70, 0x4c, 0x00, 0x47, 0x70, 0x4c, 0x00,
    0x47, 0x70, 0x4c, 0x00, 0x47, 0x70, 0x4c, 0x00, 0x47, 0x70, 0x4c, 0x00, 0x47, 0x70, 0x4c, 0x00,
    0x47, 0x70, 0x4c, 0x00, 0x47, 0x70, 0x4c, 0x00, 0x47, 0x70, 0x4c, 0x00, 0x47, 0x70, 0x4c, 0x00,
    0x47, 0x70, 0x4c, 0x00, 0x47, 0x70, 0x4c, 0x00, 0x47, 0x70, 0x4c, 0x00, 0x47, 0x70, 0x4c, 0x00,
    0x47, 0x70, 0x4c, 0x00, 0x47, 0x70, 0x4c, 0x00, 0x47, 0x70, 0x4c, 0x00, 0x47, 0x70, 0x4c, 0x00,
    0x47, 0x70, 0x4c, 0x00, 0x47, 0x70, 0x4c, 0x00, 0x47, 0x70, 0x4c, 0x00, 0x47, 0x70, 0x4c, 0x00,
    0x47, 0x70, 0x4c, 0x00, 0x47, 0x70, 0x4c, 0x00, 0x47, 0x70, 0x4c, 0x00, 0x47, 0x70, 0x4c, 0x00,
    0x47, 0x70, 0x4c, 0x00, 0x47, 0x70, 0x4c, 0x00, 0x47, 0x70, 0x4c, 0x00, 0x47, 0x70, 0x4c, 0x00,
    0x47, 0x70, 0x4c, 0x00, 0x47, 0x70, 0x4c, 0x00, 0x47, 0x70, 0x4c, 0x00, 0x47, 0x70, 0x4c, 0x00,
    0x47, 0x70, 0x4c, 0x00, 0x47, 0x70, 0x4c, 0x00, 0x47, 0x70, 0x4c, 0x00, 0x47, 0x70, 0x4c, 0x00,
    0x47, 0x70, 0x4c, 0x00, 0x47, 0x70, 0x4c, 0x00, 0x47, 0x70, 0x4c, 0x00, 0x47, 0x70, 0x4c, 0x00,
    0x47, 0x70, 0x4c, 0x00, 0x47, 0x70, 0x4c, 0x00, 0x47, 0x70, 0x4c, 0x00, 0x47, 0x70, 0x4c, 0x00,
    0x47, 0x70, 0x4c, 0x00, 0x47, 0x70, 0x4c, 0x00, 0x47, 0x70, 0x4c, 0x00, 0x47, 0x70, 0x4c, 0x00,
    0x47, 0x70, 0x4c, 0x00, 0x47, 0x70, 0x4c, 0x00, 0x47, 0x70, 0x4c, 0x00, 0x47, 0x70, 0x4c, 0x00,
    0x47, 0x70, 0x4c, 0x00, 0x47, 0x70, 0x4c, 0x00, 0x47, 0x70, 0x4c, 0x00, 0x47, 0x70, 0x4c, 0x00,
    0x47, 0x70, 0x4c, 0x00, 0x47, 0x70, 0x4c, 0x00, 0x47, 0x70, 0x4c, 0x00, 0x47, 0x70, 0x4c, 0x00,
    0x47, 0x70, 0x4c, 0x00, 0x47, 0x70, 0x4c, 0x00, 0x47, 0x70, 0x4c, 0x00, 0x47, 0x70, 0x4c, 0x00,
    0x47, 0x70, 0x4c, 0x00, 0x47, 0x70, 0x4c, 0x00, 0x47, 0x70, 0x4c, 0x00, 0x47, 0x70, 0x4c, 0x00,
    0x47, 0x70, 0x4c, 0x00, 0x47, 0x70, 0x4c, 0x00, 0x47, 0x70, 0x4c, 0x00, 0x47, 0x70, 0x4c, 0x00,
    0x47, 0x70, 0x4c, 0x00, 0x47, 0x70, 0x4c, 0x00, 0x47, 0x70, 0x4c, 0x00, 0x47, 0x70, 0x4c, 0x00,
    0x47, 0x70, 0x4c, 0x00, 0x47, 0x70, 0x4c, 0x00, 0x47, 0x70, 0x4c, 0x00, 0x47, 0x70, 0x4c, 0x00,
    0x47, 0x70, 0x4c, 0x00, 0x47, 0x70, 0x4c, 0x00, 0x47, 0x70, 0x4c, 0x00, 0x47, 0x70, 0x4c, 0x00,
    0x47, 0x70, 0x4c, 0x00, 0x47, 0x70, 0x4c, 0x00, 0x47, 0x70, 0x4c, 0x00, 0x47, 0x70, 0x4c, 0x00,
    0x47, 0x70, 0x4c, 0x00, 0x47, 0x70, 0x4c, 0x00, 0x47, 0x70, 0x4c, 0x00, 0x47, 0x70, 0x4c, 0x00,
    0x47, 0x70, 0x4c, 0x00, 0x47, 0x70, 0x4c, 0x00, 0x47, 0x70, 0x4c, 0x00, 0x47, 0x70, 0x4c, 0x00,
    0x47, 0x70, 0x4c, 0x00, 0x47, 0x70, 0x4c, 0x00, 0x47, 0x70, 0x4c, 0x00, 0x47, 0x70, 0x4c, 0x00,
    0x47, 0x70, 0x4c, 0x00, 0x47, 0x70, 0x4c, 0x00, 0x47, 0x70, 0x4c, 0x00, 0x47, 0x70, 0x4c, 0x00,
    0x47, 0x70, 0x4c, 0x00, 0x47, 0x70, 0x4c, 0x00, 0x47, 0x70, 0x4c, 0x00, 0x47, 0x70, 0x4c, 0x00,
    0x47, 0x70, 0x4c, 0x00, 0x47, 0x70, 0x4c, 0x00, 0x47, 0x70, 0x4c, 0x00, 0x47, 0x70, 0x4c, 0x00,
    0x47, 0x70, 0x4c, 0x00, 0x47, 0x70, 0x4c, 0x00, 0x47, 0x70, 0x4c, 0x00, 0x47, 0x70, 0x4c, 0x00,
    0x47, 0x70, 0x4c, 0x00, 0x47, 0x70, 0x4c, 0x00, 0x47, 0x70, 0x4c, 0x00, 0x47, 0x70, 0x4c, 0x00,
    0x47, 0x70, 0x4c, 0x00, 0x47, 0x70, 0x4c, 0x00, 0x47, 0x70, 0x4c, 0x00, 0x47, 0x70, 0x4c, 0x00,
    0x47, 0x70, 0x4c, 0x00, 0x47, 0x70, 0x4c, 0x00, 0x47, 0x70, 0x4c, 0x00, 0x47, 0x70, 0x4c, 0x00,
    0x47, 0x70, 0x4c, 0x00, 0x47, 0x70, 0x4c, 0x00, 0x47, 0x70, 0x4c, 0x00, 0x47, 0x70, 0x4c, 0x00,
    0x47, 0x70, 0x4c, 0x00, 0x47, 0x70, 0x4c, 0x00, 0x47, 0x70, 0x4c, 0x00, 0x47, 0x70, 0x4c, 0x00,
    0x47, 0x70, 0x4c, 0x00, 0x47, 0x70, 0x4c, 0x00, 0x47, 0x70, 0x4c, 0x00, 0x47, 0x70, 0x4c, 0x00,
    0x47, 0x70, 0x4c, 0x00, 0x47, 0x70, 0x4c, 0x00, 0x47, 0x70, 0x4c, 0x00, 0x47, 0x70, 0x4c, 0x00,
    0x47, 0x70, 0x4c, 0x00, 0x47, 0x70, 0x4c, 0x00, 0x47, 0x70, 0x4c, 0x00, 0x47, 0x70, 0x4c, 0x00,
    0x47, 0x70, 0x4c, 0x00, 0x47, 0x70, 0x4c, 0x00, 0x47, 0x70, 0x4c, 0x00, 0x47, 0x70, 0x4c, 0x00,
    0x47, 0x70, 0x4c, 0x00, 0x47, 0x70, 0x4c, 0x00, 0x47, 0x70, 0x4c, 0x00, 0x47, 0x70, 0x4c, 0x00,
    0x47, 0x70, 0x4c, 0x00, 0x47, 0x70, 0x4c, 0x00, 0x47, 0x70, 0x4c, 0x00, 0x47, 0x70, 0x4c, 0x00,
    0x47, 0x70, 0x4c, 0x00, 0x47, 0x70, 0x4c, 0x00, 0x47, 0x70, 0x4c, 0x00, 0x47, 0x70, 0x4c, 0x00,
    0x47, 0x70, 0x4c, 0x00, 0x47, 0x70, 0x4c, 0x00, 0x47, 0x70, 0x4c, 0x00, 0x47, 0x70, 0x4c, 0x00,
    0x47, 0x70, 0x4c, 0x00, 0x47, 0x70, 0x4c, 0x00, 0x47, 0x70, 0x4c, 0x00, 0x47, 0x70, 0x4c, 0x00,
    0x47, 0x70, 0x4c, 0x00, 0x47, 0x70, 0x4c, 0x00, 0x47, 0x70, 0x4c, 0x00, 0x47, 0x70, 0x4c, 0x00,
    0x47, 0x70, 0x4c, 0x00, 0x47, 0x70, 0x4c, 0x00, 0x47, 0x70, 0x4c, 0x00, 0x47, 0x70, 0x4c, 0x00,
    0x47, 0x70, 0x4c, 0x00, 0x47, 0x70, 0x4c, 0x00, 0x47, 0x70, 0x4c, 0x00, 0x47, 0x70, 0x4c, 0x00,
    0x47, 0x70, 0x4c, 0x00, 0x47, 0x70, 0x4c, 0x00, 0x47, 0x70, 0x4c, 0x00, 0x47, 0x70, 0x4c, 0x00,
    0x47, 0x70, 0x4c, 0x00, 0x47, 0x70, 0x4c, 0x00, 0x47, 0x70, 0x4c, 0x00, 0x47, 0x70, 0x4c, 0x00,
    0x47, 0x70, 0x4c, 0x00, 0x47, 0x70, 0x4c, 0x00, 0x47, 0x70, 0x4c, 0x00, 0x47, 0x70, 0x4c, 0x00,
    0x47, 0x70, 0x4c, 0x00, 0x47, 0x70, 0x4c, 0x00, 0x47, 0x70, 0x4c, 0x00, 0x47, 0x70, 0x4c, 0x00,
    0x47, 0x70, 0x4c, 0x00, 0x47, 0x70, 0x4c, 0x00, 0x47, 0x70, 0x4c, 0x00, 0x47, 0x70, 0x4c, 0x00,
    0x47, 0x70, 0x4c, 0x00, 0x47, 0x70, 0x4c, 0x00, 0x47, 0x70, 0x4c, 0x00, 0x47, 0x70, 0x4c, 0x00,
    0x47, 0x70, 0x4c, 0x00, 0x47, 0x70, 0x4c, 0x00, 0x47, 0x70, 0x4c, 0x00, 0x47, 0x70, 0x4c, 0x00,
    0x47, 0x70, 0x4c, 0x00, 0x47, 0x70, 0x4c, 0x00, 0x47, 0x70, 0x4c, 0x00, 0x47, 0x70, 0x4c, 0x00,
    0x47, 0x70, 0x4c, 0x00, 0x47, 0x70, 0x4c, 0x00, 0x47, 0x70, 0x4c, 0x00, 0x47, 0x70, 0x4c, 0x00,
    0x47, 0x70, 0x4c, 0x00, 0x47, 0x70, 0x4c, 0x00, 0x47, 0x70, 0x4c, 0x00, 0x47, 0x70, 0x4c, 0x00,
    0x47, 0x70, 0x4c, 0x00, 0x47, 0x70, 0x4c, 0x00, 0x47, 0x70, 0x4c, 0x00, 0x47, 0x70, 0x4c, 0x00,
    0x47, 0x70, 0x4c, 0x00, 0x47, 0x70, 0x4c, 0x00, 0x47, 0x70, 0x4c, 0x00, 0x47, 0x70, 0x4c, 0x00,
    0x47, 0x70, 0x4c, 0x00, 0x47, 0x70, 0x4c, 0x00, 0x47, 0x70, 0x4c, 0x00, 0x47, 0x70, 0x4c, 0x00,
    0x47, 0x70, 0x4c, 0x00, 0x47, 0x70, 0x4c, 0x00, 0x47, 0x70, 0x4c, 0x00, 0x47, 0x70, 0x4c, 0x00,
    0x47, 0x70, 0x4c, 0x00, 0x47, 0x70, 0x4c, 0x00, 0x47, 0x70, 0x4c, 0x00, 0x47, 0x70, 0x4c, 0x00,
    0x47, 0x70, 0x4c, 0x00, 0x47, 0x70, 0x4c, 0x00, 0x47, 0x70, 0x4c, 0x00, 0x47, 0x70, 0x4c, 0x00,
    0x47, 0x70, 0x4c, 0x00, 0x47, 0x70, 0x4c, 0x00, 0x47, 0x70, 0x4c, 0x00, 0x47, 0x70, 0x4c, 0x00,
    0x47, 0x70, 0x4c, 0x00, 0x47, 0x70, 0x4c, 0x00, 0x47, 0x70, 0x4c, 0x00, 0x47, 0x70, 0x4c, 0x00,
    0x47, 0x70, 0x4c, 0x00, 0x47, 0x70, 0x4c, 0x00, 0x47, 0x70, 0x4c, 0x00, 0x47, 0x70, 0x4c, 0x00,
    0x47, 0x70, 0x4c, 0x00, 0x47, 0x70, 0x4c, 0x00, 0x47, 0x70, 0x4c, 0x00, 0x47, 0x70, 0x4c, 0x00,
    0x47, 0x70, 0x4c, 0x00, 0x47, 0x70, 0x4c, 0x00, 0x47, 0x70, 0x4c, 0x00, 0x47, 0x70, 0x4c, 0x00,
    0x47, 0x70, 0x4c, 0x00, 0x47, 0x70, 0x4c, 0x00, 0x47, 0x70, 0x4c, 0x00, 0x47, 0x70, 0x4c, 0x00,
    0x47, 0x70, 0x4c, 0x00, 0x47, 0x70, 0x4c, 0x00, 0x47, 0x70, 0x4c, 0x00, 0x47, 0x70, 0x4c, 0x00,
    0x47, 0x70, 0x4c, 0x00, 0x47, 0x70, 0x4c, 0x00, 0x47, 0x70, 0x4c, 0x00, 0x47, 0x70, 0x4c, 0x00,
    0x47, 0x70, 0x4c, 0x00, 0x47, 0x70, 0x4c, 0x00, 0x47, 0x70, 0x4c, 0x00, 0x47, 0x70, 0x4c, 0x00,
    0x47, 0x70, 0x4c, 0x00, 0x47, 0x70, 0x4c, 0x00, 0x47, 0x70, 0x4c, 0x00, 0x47, 0x70, 0x4c, 0x00,
    0x47, 0x70, 0x4c, 0x00, 0x47, 0x70, 0x4c, 0x00, 0x47, 0x70, 0x4c, 0x00, 0x47, 0x70, 0x4c, 0x00,
    0x47, 0x70, 0x4c, 0x00, 0x47, 0x70, 0x4c, 0x00, 0x47, 0x70, 0x4c, 0x00, 0x47, 0x70, 0x4c, 0x00,
    0x47, 0x70, 0x4c, 0x00, 0x47, 0x70, 0x4c, 0x00, 0x47, 0x70, 0x4c, 0x00, 0x47, 0x70, 0x4c, 0x00,
    0x47, 0x70, 0x4c, 0x00, 0x47, 0x70, 0x4c, 0x00, 0x47, 0x70, 0x4c, 0x00, 0x47, 0x70, 0x4c, 0x00,
    0x47, 0x70, 0x4c, 0x00, 0x47, 0x70, 0x4c, 0x00, 0x47, 0x70, 0x4c, 0x00, 0x47, 0x70, 0x4c, 0x00,
    0x47, 0x70, 0x4c, 0x00, 0x47, 0x70, 0x4c, 0x00, 0x47, 0x70, 0x4c, 0x00, 0x47, 0x70, 0x4c, 0x00,
    0x47, 0x70, 0x4c, 0x00, 0x47, 0x70, 0x4c, 0x00, 0x47, 0x70, 0x4c, 0x00, 0x47, 0x70, 0x4c, 0x00,
    0x47, 0x70, 0x4c, 0x00, 0x47, 0x70, 0x4c, 0x00, 0x47, 0x70, 0x4c, 0x00, 0x47, 0x70, 0x4c, 0x00,
    0x47, 0x70, 0x4c, 0x00, 0x47, 0x70, 0x4c, 0x00, 0x47, 0x70, 0x4c, 0x00, 0x47, 0x70, 0x4c, 0x00,
    0x47, 0x70, 0x4c, 0x00, 0x47, 0x70, 0x4c, 0x00, 0x47, 0x70, 0x4c, 0x00, 0x47, 0x70, 0x4c, 0x00,
    0x47, 0x70, 0x4c, 0x00, 0x47, 0x70, 0x4c, 0x00, 0x47, 0x70, 0x4c, 0x00, 0x47, 0x70, 0x4c, 0x00,
    0x47, 0x70, 0x4c, 0x00, 0x47, 0x70, 0x4c, 0x00, 0x47, 0x70, 0x4c, 0x00, 0x47, 0x70, 0x4c, 0x00,
    0x47, 0x70, 0x4c, 0x00, 0x47, 0x70, 0x4c, 0x00, 0x47, 0x70, 0x4c, 0x00, 0x47, 0x70, 0x4c, 0x00,
    0x47, 0x70, 0x4c, 0x00, 0x47, 0x70, 0x4c, 0x00, 0x47, 0x70, 0x4c, 0x00, 0x47, 0x70, 0x4c, 0x00,
    0x47, 0x70, 0x4c, 0x00, 0x47, 0x70, 0x4c, 0x00, 0x47, 0x70, 0x4c, 0x00, 0x47, 0x70, 0x4c, 0x00,
    0x47, 0x70, 0x4c, 0x00, 0x47, 0x70, 0x4c, 0x00, 0x47, 0x70, 0x4c, 0x00, 0x47, 0x70, 0x4c, 0x00,
    0x47, 0x70, 0x4c, 0x00, 0x47, 0x70, 0x4c, 0x00, 0x47, 0x70, 0x4c, 0x00, 0x47, 0x70, 0x4c, 0x00,
    0x47, 0x70, 0x4c, 0x00, 0x47, 0x70, 0x4c, 0x00, 0x47, 0x70, 0x4c, 0x00, 0x47, 0x70, 0x4c, 0x00,
    0x47, 0x70, 0x4c, 0x00, 0x47, 0x70, 0x4c, 0x00, 0x47, 0x70, 0x4c, 0x00, 0x47, 0x70, 0x4c, 0x00,
    0x47, 0x70, 0x4c, 0x00, 0x47, 0x70, 0x4c, 0x00, 0x47, 0x70, 0x4c, 0x00, 0x47, 0x70, 0x4c, 0x00,
    0x47, 0x70, 0x4c, 0x00, 0x47, 0x70, 0x4c, 0x00, 0x47, 0x70, 0x4c, 0x00, 0x47, 0x70, 0x4c, 0x00,
    0x47, 0x70, 0x4c, 0x00, 0x47, 0x70, 0x4c, 0x00, 0x47, 0x70, 0x4c, 0x00, 0x47, 0x70, 0x4c, 0x00,
    0x47, 0x70, 0x4c, 0x00, 0x47, 0x70, 0x4c, 0x00, 0x47, 0x70, 0x4c, 0x00, 0x47, 0x70, 0x4c, 0x00,
    0x47, 0x70, 0x4c, 0x00, 0x47, 0x70, 0x4c, 0x00, 0x47, 0x70, 0x4c, 0x00, 0x47, 0x70, 0x4c, 0x00,
    0x47, 0x70, 0x4c, 0x00, 0x47, 0x70, 0x4c, 0x00, 0x47, 0x70, 0x4c, 0x00, 0x47, 0x70, 0x4c, 0x00,
    0x47, 0x70, 0x4c, 0x00, 0x47, 0x70, 0x4c, 0x00, 0x47, 0x70, 0x4c, 0x00, 0x47, 0x70, 0x4c, 0x00,
    0x47, 0x70, 0x4c, 0x00, 0x47, 0x70, 0x4c, 0x00, 0x47, 0x70, 0x4c, 0x00, 0x47, 0x70, 0x4c, 0x00,
    0x47, 0x70, 0x4c, 0x00, 0x47, 0x70, 0x4c, 0x00, 0x47, 0x70, 0x4c, 0x00, 0x47, 0x70, 0x4c, 0x00,
    0x47, 0x70, 0x4c, 0x00, 0x47, 0x70, 0x4c, 0x00, 0x47, 0x70, 0x4c, 0x00, 0x47, 0x70, 0x4c, 0x00,
    0x47, 0x70, 0x4c, 0x00, 0x47, 0x70, 0x4c, 0x00, 0x47, 0x70, 0x4c, 0x00, 0x47, 0x70, 0x4c, 0x00,
    0x47, 0x70, 0x4c, 0x00, 0x47, 0x70, 0x4c, 0x00, 0x47, 0x70, 0x4c, 0x00, 0x47, 0x70, 0x4c, 0x00,
    0x47, 0x70, 0x4c, 0x00, 0x47, 0x70, 0x4c, 0x00, 0x47, 0x70, 0x4c, 0x00, 0x47, 0x70, 0x4c, 0x00,
    0x47, 0x70, 0x4c, 0x00, 0x47, 0x70, 0x4c, 0x00, 0x47, 0x70, 0x4c, 0x00, 0x47, 0x70, 0x4c, 0x00,
    0x47, 0x70, 0x4c, 0x00, 0x47, 0x70, 0x4c, 0x00, 0x47, 0x70, 0x4c, 0x00, 0x47, 0x70, 0x4c, 0x00,
    0x47, 0x70, 0x4c, 0x00, 0x47, 0x70, 0x4c, 0x00, 0x47, 0x70, 0x4c, 0x00, 0x47, 0x70, 0x4c, 0x00,
    0x47, 0x70, 0x4c, 0x00, 0x47, 0x70, 0x4c, 0x00, 0x47, 0x70, 0x4c, 0x00, 0x47, 0x70, 0x4c, 0x00,
    0x47, 0x70, 0x4c, 0x00, 0x47, 0x70, 0x4c, 0x00, 0x47, 0x70, 0x4c, 0x00, 0x47, 0x70, 0x4c, 0x00,
    0x47, 0x70, 0x4c, 0x00, 0x47, 0x70, 0x4c, 0x00, 0x47, 0x70, 0x4c, 0x00, 0x47, 0x70, 0x4c, 0x00,
    0x47, 0x70, 0x4c, 0x00, 0x47, 0x70, 0x4c, 0x00, 0x47, 0x70, 0x4c, 0x00, 0x47, 0x70, 0x4c, 0x00,
    0x47, 0x70, 0x4c, 0x00, 0x47, 0x70, 0x4c, 0x00, 0x47, 0x70, 0x4c, 0x00, 0x47, 0x70, 0x4c, 0x00,
    0x47, 0x70, 0x4c, 0x00, 0x47, 0x70, 0x4c, 0x00, 0x47, 0x70, 0x4c, 0x00, 0x47, 0x70, 0x4c, 0x00,
    0x47, 0x70, 0x4c, 0x00, 0x47, 0x70, 0x4c, 0x00, 0x47, 0x70, 0x4c, 0x00, 0x47, 0x70, 0x4c, 0x00,
    0x47, 0x70, 0x4c, 0x00, 0x47, 0x70, 0x4c, 0x00, 0x47, 0x70, 0x4c, 0x00, 0x47, 0x70, 0x4c, 0x00,
    0x47, 0x70, 0x4c, 0x00, 0x47, 0x70, 0x4c, 0x00, 0x47, 0x70, 0x4c, 0x00, 0x47, 0x70, 0x4c, 0x00,
    0x47, 0x70, 0x4c, 0x00, 0x47, 0x70, 0x4c, 0x00, 0x47, 0x70, 0x4c, 0x00, 0x47, 0x70, 0x4c, 0x00,
    0x47, 0x70, 0x4c, 0x00, 0x47, 0x70, 0x4c, 0x00, 0x47, 0x70, 0x4c, 0x00, 0x47, 0x70, 0x4c, 0x00,
    0x47, 0x70, 0x4c, 0x00, 0x47, 0x70, 0x4c, 0x00, 0x47, 0x70, 0x4c, 0x00, 0x47, 0x70, 0x4c, 0x00,
    0x47, 0x70, 0x4c, 0x00, 0x47, 0x70, 0x4c, 0x00, 0x47, 0x70, 0x4c, 0x00, 0x47, 0x70, 0x4c, 0x00,
    0x47, 0x70, 0x4c, 0x00, 0x47, 0x70, 0x4c, 0x00, 0x47, 0x70, 0x4c, 0x00, 0x47, 0x70, 0x4c, 0x00,
    0x47, 0x70, 0x4c, 0x00, 0x47, 0x70, 0x4c, 0x00, 0x47, 0x70, 0x4c, 0x00, 0x47, 0x70, 0x4c, 0x00,
    0x47, 0x70, 0x4c, 0x00, 0x47, 0x70, 0x4c, 0x00, 0x47, 0x70, 0x4c, 0x00, 0x47, 0x70, 0x4c, 0x00,
    0x47, 0x70, 0x4c, 0x00, 0x47, 0x70, 0x4c, 0x00, 0x47, 0x70, 0x4c, 0x00, 0x47, 0x70, 0x4c, 0x00,
    0x47, 0x70, 0x4c, 0x00, 0x47, 0x70, 0x4c, 0x00, 0x47, 0x70, 0x4c, 0x00, 0x47, 0x70, 0x4c, 0x00,
    0x47, 0x70, 0x4c, 0x00, 0x47, 0x70, 0x4c, 0x00, 0x47, 0x70, 0x4c, 0x00, 0x47, 0x70, 0x4c, 0x00,
    0x47, 0x70, 0x4c, 0x00, 0x47, 0x70, 0x4c, 0x00, 0x47, 0x70, 0x4c, 0x00, 0x47, 0x70, 0x4c, 0x00,
    0x47, 0x70, 0x4c, 0x00, 0x47, 0x70, 0x4c, 0x00, 0x47, 0x70, 0x4c, 0x00, 0x47, 0x70, 0x4c, 0x00,
    0x47, 0x70, 0x4c, 0x00, 0x47, 0x70, 0x4c, 0x00, 0x47, 0x70, 0x4c, 0x00, 0x47, 0x70, 0x4c, 0x00,
    0x47, 0x70, 0x4c, 0x00, 0x47, 0x70, 0x4c, 0x00, 0x47, 0x70, 0x4c, 0x00, 0x47, 0x70, 0x4c, 0x00,
    0x47, 0x70, 0x4c, 0x00, 0x47, 0x70, 0x4c, 0x00, 0x47, 0x70, 0x4c, 0x00, 0x47, 0x70, 0x4c, 0x00,
    0x47, 0x70, 0x4c, 0x00, 0x47, 0x70, 0x4c, 0x00, 0x47, 0x70, 0x4c, 0x00, 0x47, 0x70, 0x4c, 0x00,
    0x47, 0x70, 0x4c, 0x00, 0x47, 0x70, 0x4c, 0x00, 0x47, 0x70, 0x4c, 0x00, 0x47, 0x70, 0x4c, 0x00,
    0x47, 0x70, 0x4c, 0x00, 0x47, 0x70, 0x4c, 0x00, 0x47, 0x70, 0x4c, 0x00, 0x47, 0x70, 0x4c, 0x00,
    0x47, 0x70, 0x4c, 0x00, 0x47, 0x70, 0x4c, 0x00, 0x47, 0x70, 0x4c, 0x00, 0x47, 0x70, 0x4c, 0x00,
    0x47, 0x70, 0x4c, 0x00, 0x47, 0x70, 0x4c, 0x00, 0x47, 0x70, 0x4c, 0x00, 0x47, 0x70, 0x4c, 0x00,
    0x47, 0x70, 0x4c, 0x00, 0x47, 0x70, 0x4c, 0x00, 0x47, 0x70, 0x4c, 0x00, 0x47, 0x70, 0x4c, 0x00,
    0x47, 0x70, 0x4c, 0x00, 0x47, 0x70, 0x4c, 0x00, 0x47, 0x70, 0x4c, 0x00, 0x47, 0x70, 0x4c, 0x00,
    0x47, 0x70, 0x4c, 0x00, 0x47, 0x70, 0x4c, 0x00, 0x47, 0x70, 0x4c, 0x00, 0x47, 0x70, 0x4c, 0x00,
    0x47, 0x70, 0x4c, 0x00, 0x47, 0x70, 0x4c, 0x00, 0x47, 0x70, 0x4c, 0x00, 0x47, 0x70, 0x4c, 0x00,
    0x47, 0x70, 0x4c, 0x00, 0x47, 0x70, 0x4c, 0x00, 0x47, 0x70, 0x4c, 0x00, 0x47, 0x70, 0x4c, 0x00,
    0x47, 0x70, 0x4c, 0x00, 0x47, 0x70, 0x4c, 0x00, 0x47, 0x70, 0x4c, 0x00, 0x47, 0x70, 0x4c, 0x00,
    0x47, 0x70, 0x4c, 0x00, 0x47, 0x70, 0x4c, 0x00, 0x47, 0x70, 0x4c, 0x00, 0x47, 0x70, 0x4c, 0x00,
    0x47, 0x70, 0x4c, 0x00, 0x47, 0x70, 0x4c, 0x00, 0x47, 0x70, 0x4c, 0x00, 0x47, 0x70, 0x4c, 0x00,
    0x47, 0x70, 0x4c, 0x00, 0x47, 0x70, 0x4c, 0x00, 0x47, 0x70, 0x4c, 0x00, 0x47, 0x70, 0x4c, 0x00,
    0x47, 0x70, 0x4c, 0x00, 0x47, 0x70, 0x4c, 0x00, 0x47, 0x70, 0x4c, 0x00, 0x47, 0x70, 0x4c, 0x00,
    0x47, 0x70, 0x4c, 0x00, 0x47, 0x70, 0x4c, 0x00, 0x47, 0x70, 0x4c, 0x00, 0x47, 0x70, 0x4c, 0x00,
    0x47, 0x70, 0x4c, 0x00, 0x47, 0x70, 0x4c, 0x00, 0x47, 0x70, 0x4c, 0x00, 0x47, 0x70, 0x4c, 0x00,
    0x47, 0x70, 0x4c, 0x00, 0x47, 0x70, 0x4c, 0x00, 0x47, 0x70, 0x4c, 0x00, 0x47, 0x70, 0x4c, 0x00,
    0x47, 0x70, 0x4c, 0x00, 0x47, 0x70, 0x4c, 0x00, 0x47, 0x70, 0x4c, 0x00, 0x47, 0x70, 0x4c, 0x00,
    0x47, 0x70, 0x4c, 0x00, 0x47, 0x70, 0x4c, 0x00, 0x47, 0x70, 0x4c, 0x00, 0x47, 0x70, 0x4c, 0x00,
    0x47, 0x70, 0x4c, 0x00, 0x47, 0x70, 0x4c, 0x00, 0x47, 0x70, 0x4c, 0x00, 0x47, 0x70, 0x4c, 0x00,
    0x47, 0x70, 0x4c, 0x00, 0x47, 0x70, 0x4c, 0x00, 0x47, 0x70, 0x4c, 0x00, 0x47, 0x70, 0x4c, 0x00,
    0x47, 0x70, 0x4c, 0x00, 0x47, 0x70, 0x4c, 0x00, 0x47, 0x70, 0x4c, 0x00, 0x47, 0x70, 0x4c, 0x00,
    0x47, 0x70, 0x4c, 0x00, 0x47, 0x70, 0x4c, 0x00, 0x47, 0x70, 0x4c, 0x00, 0x47, 0x70, 0x4c, 0x00,
    0x47, 0x70, 0x4c, 0x00, 0x47, 0x70, 0x4c, 0x00, 0x47, 0x70, 0x4c, 0x00, 0x47, 0x70, 0x4c, 0x00,
    0x47, 0x70, 0x4c, 0x00, 0x47, 0x70, 0x4c, 0x00, 0x47, 0x70, 0x4c, 0x00, 0x47, 0x70, 0x4c, 0x00,
    0x47, 0x70, 0x4c, 0x00, 0x47, 0x70, 0x4c, 0x00, 0x47, 0x70, 0x4c, 0x00, 0x47, 0x70, 0x4c, 0x00,
    0x47, 0x70, 0x4c, 0x00, 0x47, 0x70, 0x4c, 0x00, 0x47, 0x70, 0x4c, 0x00, 0x47, 0x70, 0x4c, 0x00,
    0x47, 0x70, 0x4c, 0x00, 0x47, 0x70, 0x4c, 0x00, 0x47, 0x70, 0x4c, 0x00, 0x47, 0x70, 0x4c, 0x00,
    0x47, 0x70, 0x4c, 0x00, 0x47, 0x70, 0x4c, 0x00, 0x47, 0x70, 0x4c, 0x00, 0x47, 0x70, 0x4c, 0x00,
    0x47, 0x70, 0x4c, 0x00, 0x47, 0x70, 0x4c, 0x00, 0x47, 0x70, 0x4c, 0x00, 0x47, 0x70, 0x4c, 0x00,
    0x47, 0x70, 0x4c, 0x00, 0x47, 0x70, 0x4c, 0x00, 0x47, 0x70, 0x4c, 0x00, 0x47, 0x70, 0x4c, 0x00,
    0x47, 0x70, 0x4c, 0x00, 0x47, 0x70, 0x4c, 0x00, 0x47, 0x70, 0x4c, 0x00, 0x47, 0x70, 0x4c, 0x00,
    0x47, 0x70, 0x4c, 0x00, 0x47, 0x70, 0x4c, 0x00, 0x47, 0x70, 0x4c, 0x00, 0x47, 0x70, 0x4c, 0x00,
    0x47, 0x70, 0x4c, 0x00, 0x47, 0x70, 0x4c, 0x00, 0x47, 0x70, 0x4c, 0x00, 0x47, 0x70, 0x4c, 0x00,
    0x47, 0x70, 0x4c, 0x00, 0x47, 0x70, 0x4c, 0x00, 0x47, 0x70, 0x4c, 0x00, 0x47, 0x70, 0x4c, 0x00,
    0x47, 0x70, 0x4c, 0x00, 0x47, 0x70, 0x4c, 0x00, 0x47, 0x70, 0x4c, 0x00, 0x47, 0x70, 0x4c, 0x00,
    0x47, 0x70, 0x4c, 0x00, 0x47, 0x70, 0x4c, 0x00, 0x47, 0x70, 0x4c, 0x00, 0x47, 0x70, 0x4c, 0x00,
    0x47, 0x70, 0x4c, 0x00, 0x47, 0x70, 0x4c, 0x00, 0x47, 0x70, 0x4c, 0x00, 0x47, 0x70, 0x4c, 0x00,
    0x47, 0x70, 0x4c, 0x00, 0x47, 0x70, 0x4c, 0x00, 0x47, 0x70, 0x4c, 0x00, 0x47, 0x70, 0x4c, 0x00,
    0x47, 0x70, 0x4c, 0x00, 0x47, 0x70, 0x4c, 0x00, 0x47, 0x70, 0x4c, 0x00, 0x47, 0x70, 0x4c, 0x00,
    0x47, 0x70, 0x4c, 0x00, 0x47, 0x70, 0x4c, 0x00, 0x47, 0x70, 0x4c, 0x00, 0x47, 0x70, 0x4c, 0x00,
    0x47, 0x70, 0x4c, 0x00, 0x47, 0x70, 0x4c, 0x00, 0x47, 0x70, 0x4c, 0x00, 0x47, 0x70, 0x4c, 0x00,
    0x47, 0x70, 0x4c, 0x00, 0x47, 0x70, 0x4c, 0x00, 0x47, 0x70, 0x4c, 0x00, 0x47, 0x70, 0x4c, 0x00,
    0x47, 0x70, 0x4c, 0x00, 0x47, 0x70, 0x4c, 0x00, 0x47, 0x70, 0x4c, 0x00, 0x47, 0x70, 0x4c, 0x00,
    0x47, 0x70, 0x4c, 0x00, 0x47, 0x70, 0x4c, 0x00, 0x47, 0x70, 0x4c, 0x00, 0x47, 0x70, 0x4c, 0x00,
    0x47, 0x70, 0x4c, 0x00, 0x47, 0x70, 0x4c, 0x00, 0x47, 0x70, 0x4c, 0x00, 0x47, 0x70, 0x4c, 0x00,
    0x47, 0x70, 0x4c, 0x00, 0x47, 0x70, 0x4c, 0x00, 0x47, 0x70, 0x4c, 0x00, 0x47, 0x70, 0x4c, 0x00,
    0x47, 0x70, 0x4c, 0x00, 0x47, 0x70, 0x4c, 0x00, 0x47, 0x70, 0x4c, 0x00, 0x47, 0x70, 0x4c, 0x00,
    0x47, 0x70, 0x4c, 0x00, 0x47, 0x70, 0x4c, 0x00, 0x47, 0x70, 0x4c, 0x00, 0x47, 0x70, 0x4c, 0x00,
    0x47, 0x70, 0x4c, 0x00, 0x47, 0x70, 0x4c, 0x00, 0x47, 0x70, 0x4c, 0x00, 0x47, 0x70, 0x4c, 0x00,
    0x47, 0x70, 0x4c, 0x00, 0x47, 0x70, 0x4c, 0x00, 0x47, 0x70, 0x4c, 0x00, 0x47, 0x70, 0x4c, 0x00,
    0x47, 0x70, 0x4c, 0x00, 0x47, 0x70, 0x4c, 0x00, 0x47, 0x70, 0x4c, 0x00, 0x47, 0x70, 0x4c, 0x00,
    0x47, 0x70, 0x4c, 0x00, 0x47, 0x70, 0x4c, 0x00, 0x47, 0x70, 0x4c, 0x00, 0x47, 0x70, 0x4c, 0x00,
    0x47, 0x70, 0x4c, 0x00, 0x47, 0x70, 0x4c, 0x00, 0x47, 0x70, 0x4c, 0x00, 0x47, 0x70, 0x4c, 0x00,
    0x47, 0x70, 0x4c, 0x00, 0x47, 0x70, 0x4c, 0x00, 0x47, 0x70, 0x4c, 0x00, 0x47, 0x70, 0x4c, 0x00,
    0x47, 0x70, 0x4c, 0x00, 0x47, 0x70, 0x4c, 0x00, 0x47, 0x70, 0x4c, 0x00, 0x47, 0x70, 0x4c, 0x00,
    0x47, 0x70, 0x4c, 0x00, 0x47, 0x70, 0x4c, 0x00, 0x47, 0x70, 0x4c, 0x00, 0x47, 0x70, 0x4c, 0x00,
    0x47, 0x70, 0x4c, 0x00, 0x47, 0x70, 0x4c, 0x00, 0x47, 0x70, 0x4c, 0x00, 0x47, 0x70, 0x4c, 0x00,
    0x47, 0x70, 0x4c, 0x00, 0x47, 0x70, 0x4c, 0x00, 0x47, 0x70, 0x4c, 0x00, 0x47, 0x70, 0x4c, 0x00,
    0x47, 0x70, 0x4c, 0x00, 0x47, 0x70, 0x4c, 0x00, 0x47, 0x70, 0x4c, 0x00, 0x47, 0x70, 0x4c, 0x00,
    0x47, 0x70, 0x4c, 0x00, 0x47, 0x70, 0x4c, 0x00, 0x47, 0x70, 0x4c, 0x00, 0x47, 0x70, 0x4c, 0x00,
    0x47, 0x70, 0x4c, 0x00, 0x47, 0x70, 0x4c, 0x00, 0x47, 0x70, 0x4c, 0x00, 0x47, 0x70, 0x4c, 0x00,
    0x47, 0x70, 0x4c, 0x00, 0x47, 0x70, 0x4c, 0x00, 0x47, 0x70, 0x4c, 0x00, 0x47, 0x70, 0x4c, 0x00,
    0x47, 0x70, 0x4c, 0x00, 0x47, 0x70, 0x4c, 0x00, 0x47, 0x70, 0x4c, 0x00, 0x47, 0x70, 0x4c, 0x00,
    0x47, 0x70, 0x4c, 0x00, 0x47, 0x70, 0x4c, 0x00, 0x47, 0x70, 0x4c, 0x00, 0x47, 0x70, 0x4c, 0x00,
    0x47, 0x70, 0x4c, 0x00, 0x47, 0x70, 0x4c, 0x00, 0x47, 0x70, 0x4c, 0x00, 0x47, 0x70, 0x4c, 0x00,
    0x47, 0x70, 0x4c, 0x00, 0x47, 0x70, 0x4c, 0x00, 0x47, 0x70, 0x4c, 0x00, 0x47, 0x70, 0x4c, 0x00,
    0x47, 0x70, 0x4c, 0x00, 0x47, 0x70, 0x4c, 0x00, 0x47, 0x70, 0x4c, 0x00, 0x47, 0x70, 0x4c, 0x00,
    0x47, 0x70, 0x4c, 0x00, 0x47, 0x70, 0x4c, 0x00, 0x47, 0x70, 0x4c, 0x00, 0x47, 0x70, 0x4c, 0x00,
    0x47, 0x70, 0x4c, 0x00, 0x47, 0x70, 0x4c, 0x00, 0x47, 0x70, 0x4c, 0x00, 0x47, 0x70, 0x4c, 0x00,
    0x47, 0x70, 0x4c, 0x00, 0x47, 0x70, 0x4c, 0x00, 0x47, 0x70, 0x4c, 0x00, 0x47, 0x70, 0x4c, 0x00,
    0x47, 0x70, 0x4c, 0x00, 0x47, 0x70, 0x4c, 0x00, 0x47, 0x70, 0x4c, 0x00, 0x47, 0x70, 0x4c, 0x00,
    0x47, 0x70, 0x4c, 0x00, 0x47, 0x70, 0x4c, 0x00, 0x47, 0x70, 0x4c, 0x00, 0x47, 0x70, 0x4c, 0x00,
    0x47, 0x70, 0x4c, 0x00, 0x47, 0x70, 0x4c, 0x00, 0x47, 0x70, 0x4c, 0x00, 0x47, 0x70, 0x4c, 0x00,
    0x47, 0x70, 0x4c, 0x00, 0x47, 0x70, 0x4c, 0x00, 0x47, 0x70, 0x4c, 0x00, 0x47, 0x70, 0x4c, 0x00,
    0x47, 0x70, 0x4c, 0x00, 0x47, 0x70, 0x4c, 0x00, 0x47, 0x70, 0x4c, 0x00, 0x47, 0x70, 0x4c, 0x00,
    0x47, 0x70, 0x4c, 0x00, 0x47, 0x70, 0x4c, 0x00, 0x47, 0x70, 0x4c, 0x00, 0x47, 0x70, 0x4c, 0x00,
    0x47, 0x70, 0x4c, 0x00, 0x47, 0x70, 0x4c, 0x00, 0x47, 0x70, 0x4c, 0x00, 0x47, 0x70, 0x4c, 0x00,
    0x47, 0x70, 0x4c, 0x00, 0x47, 0x70, 0x4c, 0x00, 0x47, 0x70, 0x4c, 0x00, 0x47, 0x70, 0x4c, 0x00,
    0x47, 0x70, 0x4c, 0x00, 0x47, 0x70, 0x4c, 0x00, 0x47, 0x70, 0x4c, 0x00, 0x47, 0x70, 0x4c, 0x00,
    0x47, 0x70, 0x4c, 0x00, 0x47, 0x70, 0x4c, 0x00, 0x47, 0x70, 0x4c, 0x00, 0x47, 0x70, 0x4c, 0x00,
    0x47, 0x70, 0x4c, 0x00, 0x47, 0x70, 0x4c, 0x00, 0x47, 0x70, 0x4c, 0x00, 0x47, 0x70, 0x4c, 0x00,
    0x47, 0x70, 0x4c, 0x00, 0x47, 0x70, 0x4c, 0x00, 0x47, 0x70, 0x4c, 0x00, 0x47, 0x70, 0x4c, 0x00,
    0x47, 0x70, 0x4c, 0x00, 0x47, 0x70, 0x4c, 0x00, 0x47, 0x70, 0x4c, 0x00, 0x47, 0x70, 0x4c, 0x00,
    0x47, 0x70, 0x4c, 0x00, 0x47, 0x70, 0x4c, 0x00, 0x47, 0x70, 0x4c, 0x00, 0x47, 0x70, 0x4c, 0x00,
    0x47, 0x70, 0x4c, 0x00, 0x47, 0x70, 0x4c, 0x00, 0x47, 0x70, 0x4c, 0x00, 0x47, 0x70, 0x4c, 0x00,
    0x47, 0x70, 0x4c, 0x00, 0x47, 0x70, 0x4c, 0x00, 0x47, 0x70, 0x4c, 0x00, 0x47, 0x70, 0x4c, 0x00,
    0x47, 0x70, 0x4c, 0x00, 0x47, 0x70, 0x4c, 0x00, 0x47, 0x70, 0x4c, 0x00, 0x47, 0x70, 0x4c, 0x00,
    0x47, 0x70, 0x4c, 0x00, 0x47, 0x70, 0x4c, 0x00, 0x47, 0x70, 0x4c, 0x00, 0x47, 0x70, 0x4c, 0x00,
    0x47, 0x70, 0x4c, 0x00, 0x47, 0x70, 0x4c, 0x00, 0x47, 0x70, 0x4c, 0x00, 0x47, 0x70, 0x4c, 0x00,
    0x47, 0x70, 0x4c, 0x00, 0x47, 0x70, 0x4c, 0x00, 0x47, 0x70, 0x4c, 0x00, 0x47, 0x70, 0x4c, 0x00,
    0x47, 0x70, 0x4c, 0x00, 0x47, 0x70, 0x4c, 0x00, 0x47, 0x70, 0x4c, 0x00, 0x47, 0x70, 0x4c, 0x00,
    0x47, 0x70, 0x4c, 0x00, 0x47, 0x70, 0x4c, 0x00, 0x47, 0x70, 0x4c, 0x00, 0x47, 0x70, 0x4c, 0x00,
    0x47, 0x70, 0x4c, 0x00, 0x47, 0x70, 0x4c, 0x00, 0x47, 0x70, 0x4c, 0x00, 0x47, 0x70, 0x4c, 0x00,
    0x47, 0x70, 0x4c, 0x00, 0x47, 0x70, 0x4c, 0x00, 0x47, 0x70, 0x4c, 0x00, 0x47, 0x70, 0x4c, 0x00,
    0x47, 0x70, 0x4c, 0x00, 0x47, 0x70, 0x4c, 0x00, 0x47, 0x70, 0x4c, 0x00, 0x47, 0x70, 0x4c, 0x00,
    0x47, 0x70, 0x4c, 0x00, 0x47, 0x70, 0x4c, 0x00, 0x47, 0x70, 0x4c, 0x00, 0x47, 0x70, 0x4c, 0x00,
    0x47, 0x70, 0x4c, 0x00, 0x47, 0x70, 0x4c, 0x00, 0x47, 0x70, 0x4c, 0x00, 0x47, 0x70, 0x4c, 0x00,
    0x47, 0x70, 0x4c, 0x00, 0x47, 0x70, 0x4c, 0x00, 0x47, 0x70, 0x4c, 0x00, 0x47, 0x70, 0x4c, 0x00,
    0x47, 0x70, 0x4c, 0x00, 0x47, 0x70, 0x4c, 0x00, 0x47, 0x70, 0x4c, 0x00, 0x47, 0x70, 0x4c, 0x00,
    0x47, 0x70, 0x4c, 0x00, 0x47, 0x70, 0x4c, 0x00, 0x47, 0x70, 0x4c, 0x00, 0x47, 0x70, 0x4c, 0x00,
    0x47, 0x70, 0x4c, 0x00, 0x47, 0x70, 0x4c, 0x00, 0x47, 0x70, 0x4c, 0x00, 0x47, 0x70, 0x4c, 0x00,
    0x47, 0x70, 0x4c, 0x00, 0x47, 0x70, 0x4c, 0x00, 0x47, 0x70, 0x4c, 0x00, 0x47, 0x70, 0x4c, 0x00,
    0x47, 0x70, 0x4c, 0x00, 0x47, 0x70, 0x4c, 0x00, 0x47, 0x70, 0x4c, 0x00, 0x47, 0x70, 0x4c, 0x00,
    0x47, 0x70, 0x4c, 0x00, 0x47, 0x70, 0x4c, 0x00, 0x47, 0x70, 0x4c, 0x00, 0x47, 0x70, 0x4c, 0x00,
    0x47, 0x70, 0x4c, 0x00, 0x47, 0x70, 0x4c, 0x00, 0x47, 0x70, 0x4c, 0x00, 0x47, 0x70, 0x4c, 0x00,
    0x47, 0x70, 0x4c, 0x00, 0x47, 0x70, 0x4c, 0x00, 0x47, 0x70, 0x4c, 0x00, 0x47, 0x70, 0x4c, 0x00,
    0x47, 0x70, 0x4c, 0x00, 0x47, 0x70, 0x4c, 0x00, 0x47, 0x70, 0x4c, 0x00, 0x47, 0x70, 0x4c, 0x00,
    0x47, 0x70, 0x4c, 0x00, 0x47, 0x70, 0x4c, 0x00, 0x47, 0x70, 0x4c, 0x00, 0x47, 0x70, 0x4c, 0x00,
    0x47, 0x70, 0x4c, 0x00, 0x47, 0x70, 0x4c, 0x00, 0x47, 0x70, 0x4c, 0x00, 0x47, 0x70, 0x4c, 0x00,
    0x47, 0x70, 0x4c, 0x00, 0x47, 0x70, 0x4c, 0x00, 0x47, 0x70, 0x4c, 0x00, 0x47, 0x70, 0x4c, 0x00,
    0x47, 0x70, 0x4c, 0x00, 0x47, 0x70, 0x4c, 0x00, 0x47, 0x70, 0x4c, 0x00, 0x47, 0x70, 0x4c, 0x00,
    0x47, 0x70, 0x4c, 0x00, 0x47, 0x70, 0x4c, 0x00, 0x47, 0x70, 0x4c, 0x00, 0x47, 0x70, 0x4c, 0x00,
    0x47, 0x70, 0x4c, 0x00, 0x47, 0x70, 0x4c, 0x00, 0x47, 0x70, 0x4c, 0x00, 0x47, 0x70, 0x4c, 0x00,
    0x47, 0x70, 0x4c, 0x00, 0x47, 0x70, 0x4c, 0x00, 0x47, 0x70, 0x4c, 0x00, 0x47, 0x70, 0x4c, 0x00,
    0x47, 0x70, 0x4c, 0x00, 0x47, 0x70, 0x4c, 0x00, 0x47, 0x70, 0x4c, 0x00, 0x47, 0x70, 0x4c, 0x00,
    0x47, 0x70, 0x4c, 0x00, 0x47, 0x70, 0x4c, 0x00, 0x47, 0x70, 0x4c, 0x00, 0x47, 0x70, 0x4c, 0x00,
    0x47, 0x70, 0x4c, 0x00, 0x47, 0x70, 0x4c, 0x00, 0x47, 0x70, 0x4c, 0x00, 0x47, 0x70, 0x4c, 0x00,
    0x47, 0x70, 0x4c, 0x00, 0x47, 0x70, 0x4c, 0x00, 0x47, 0x70, 0x4c, 0x00, 0x47, 0x70, 0x4c, 0x00,
    0x47, 0x70, 0x4c, 0x00, 0x47, 0x70, 0x4c, 0x00, 0x47, 0x70, 0x4c, 0x00, 0x47, 0x70, 0x4c, 0x00,
    0x47, 0x70, 0x4c, 0x00, 0x47, 0x70, 0x4c, 0x00, 0x47, 0x70, 0x4c, 0x00, 0x47, 0x70, 0x4c, 0x00,
    0x47, 0x70, 0x4c, 0x00, 0x47, 0x70, 0x4c, 0x00, 0x47, 0x70, 0x4c, 0x00, 0x47, 0x70, 0x4c, 0x00,
    0x47, 0x70, 0x4c, 0x00, 0x47, 0x70, 0x4c, 0x00, 0x47, 0x70, 0x4c, 0x00, 0x47, 0x70, 0x4c, 0x00,
    0x47, 0x70, 0x4c, 0x00, 0x47, 0x70, 0x4c, 0x00, 0x47, 0x70, 0x4c, 0x00, 0x47, 0x70, 0x4c, 0x00,
    0x47, 0x70, 0x4c, 0x00, 0x47, 0x70, 0x4c, 0x00, 0x47, 0x70, 0x4c, 0x00, 0x47, 0x70, 0x4c, 0x00,
    0x47, 0x70, 0x4c, 0x00, 0x47, 0x70, 0x4c, 0x00, 0x47, 0x70, 0x4c, 0x00, 0x47, 0x70, 0x4c, 0x00,
    0x47, 0x70, 0x4c, 0x00, 0x47, 0x70, 0x4c, 0x00, 0x47, 0x70, 0x4c, 0x00, 0x47, 0x70, 0x4c, 0x00,
    0x47, 0x70, 0x4c, 0x00, 0x47, 0x70, 0x4c, 0x00, 0x47, 0x70, 0x4c, 0x00, 0x47, 0x70, 0x4c, 0x00,
    0x47, 0x70, 0x4c, 0x00, 0x47, 0x70, 0x4c, 0x00, 0x47, 0x70, 0x4c, 0x00, 0x47, 0x70, 0x4c, 0x00,
    0x47, 0x70, 0x4c, 0x00, 0x47, 0x70, 0x4c, 0x00, 0x47, 0x70, 0x4c, 0x00, 0x47, 0x70, 0x4c, 0x00,
    0x47, 0x70, 0x4c, 0x00, 0x47, 0x70, 0x4c, 0x00, 0x47, 0x70, 0x4c, 0x00, 0x47, 0x70, 0x4c, 0x00,
    0x47, 0x70, 0x4c, 0x00, 0x47, 0x70, 0x4c, 0x00, 0x47, 0x70, 0x4c, 0x00, 0x47, 0x70, 0x4c, 0x00,
    0x47, 0x70, 0x4c, 0x00, 0x47, 0x70, 0x4c, 0x00, 0x47, 0x70, 0x4c, 0x00, 0x47, 0x70, 0x4c, 0x00,
    0x47, 0x70, 0x4c, 0x00, 0x47, 0x70, 0x4c, 0x00, 0x47, 0x70, 0x4c, 0x00, 0x47, 0x70, 0x4c, 0x00,
    0x47, 0x70, 0x4c, 0x00, 0x47, 0x70, 0x4c, 0x00, 0x47, 0x70, 0x4c, 0x00, 0x47, 0x70, 0x4c, 0x00,
    0x47, 0x70, 0x4c, 0x00, 0x47, 0x70, 0x4c, 0x00, 0x47, 0x70, 0x4c, 0x00, 0x47, 0x70, 0x4c, 0x00,
    0x47, 0x70, 0x4c, 0x00, 0x47, 0x70, 0x4c, 0x00, 0x47, 0x70, 0x4c, 0x00, 0x47, 0x70, 0x4c, 0x00,
    0x47, 0x70, 0x4c, 0x00, 0x47, 0x70, 0x4c, 0x00, 0x47, 0x70, 0x4c, 0x00, 0x47, 0x70, 0x4c, 0x00,
    0x47, 0x70, 0x4c, 0x00, 0x47, 0x70, 0x4c, 0x00, 0x47, 0x70, 0x4c, 0x00, 0x47, 0x70, 0x4c, 0x00,
    0x47, 0x70, 0x4c, 0x00, 0x47, 0x70, 0x4c, 0x00, 0x47, 0x70, 0x4c, 0x00, 0x47, 0x70, 0x4c, 0x00,
    0x47, 0x70, 0x4c, 0x00, 0x47, 0x70, 0x4c, 0x00, 0x47, 0x70, 0x4c, 0x00, 0x47, 0x70, 0x4c, 0x00,
    0x47, 0x70, 0x4c, 0x00, 0x47, 0x70, 0x4c, 0x00, 0x47, 0x70, 0x4c, 0x00, 0x47, 0x70, 0x4c, 0x00,
    0x47, 0x70, 0x4c, 0x00, 0x47, 0x70, 0x4c, 0x00, 0x47, 0x70, 0x4c, 0x00, 0x47, 0x70, 0x4c, 0x00,
    0x47, 0x70, 0x4c, 0x00, 0x47, 0x70, 0x4c, 0x00, 0x47, 0x70, 0x4c, 0x00, 0x47, 0x70, 0x4c, 0x00,
    0x47, 0x70, 0x4c, 0x00, 0x47, 0x70, 0x4c, 0x00, 0x47, 0x70, 0x4c, 0x00, 0x47, 0x70, 0x4c, 0x00,
    0x47, 0x70, 0x4c, 0x00, 0x47, 0x70, 0x4c, 0x00, 0x47, 0x70, 0x4c, 0x00, 0x47, 0x70, 0x4c, 0x00,
    0x47, 0x70, 0x4c, 0x00, 0x47, 0x70, 0x4c, 0x00, 0x47, 0x70, 0x4c, 0x00, 0x47, 0x70, 0x4c, 0x00,
    0x47, 0x70, 0x4c, 0x00, 0x47, 0x70, 0x4c, 0x00, 0x47, 0x70, 0x4c, 0x00, 0x47, 0x70, 0x4c, 0x00,
    0x47, 0x70, 0x4c, 0x00, 0x47, 0x70, 0x4c, 0x00, 0x47, 0x70, 0x4c, 0x00, 0x47, 0x70, 0x4c, 0x00,
    0x47, 0x70, 0x4c, 0x00, 0x47, 0x70, 0x4c, 0x00, 0x47, 0x70, 0x4c, 0x00, 0x47, 0x70, 0x4c, 0x00,
    0x47, 0x70, 0x4c, 0x00, 0x47, 0x70, 0x4c, 0x00, 0x47, 0x70, 0x4c, 0x00, 0x47, 0x70, 0x4c, 0x00,
    0x47, 0x70, 0x4c, 0x00, 0x47, 0x70, 0x4c, 0x00, 0x47, 0x70, 0x4c, 0x00, 0x47, 0x70, 0x4c, 0x00,
    0x47, 0x70, 0x4c, 0x00, 0x47, 0x70, 0x4c, 0x00, 0x47, 0x70, 0x4c, 0x00, 0x47, 0x70, 0x4c, 0x00,
    0x47, 0x70, 0x4c, 0x00, 0x47, 0x70, 0x4c, 0x00, 0x47, 0x70, 0x4c, 0x00, 0x47, 0x70, 0x4c, 0x00,
    0x47, 0x70, 0x4c, 0x00, 0x47, 0x70, 0x4c, 0x00, 0x47, 0x70, 0x4c, 0x00, 0x47, 0x70, 0x4c, 0x00,
    0x47, 0x70, 0x4c, 0x00, 0x47, 0x70, 0x4c, 0x00, 0x47, 0x70, 0x4c, 0x00, 0x47, 0x70, 0x4c, 0x00,
    0x47, 0x70, 0x4c, 0x00, 0x47, 0x70, 0x4c, 0x00, 0x47, 0x70, 0x4c, 0x00, 0x47, 0x70, 0x4c, 0x00,
    0x47, 0x70, 0x4c, 0x00, 0x47, 0x70, 0x4c, 0x00, 0x47, 0x70, 0x4c, 0x00, 0x47, 0x70, 0x4c, 0x00,
    0x47, 0x70, 0x4c, 0x00, 0x47, 0x70, 0x4c, 0x00, 0x47, 0x70, 0x4c, 0x00, 0x47, 0x70, 0x4c, 0x00,
    0x47, 0x70, 0x4c, 0x00, 0x47, 0x70, 0x4c, 0x00, 0x47, 0x70, 0x4c, 0x00, 0x47, 0x70, 0x4c, 0x00,
    0x47, 0x70, 0x4c, 0x00, 0x47, 0x70, 0x4c, 0x00, 0x47, 0x70, 0x4c, 0x00, 0x47, 0x70, 0x4c, 0x00,
    0x47, 0x70, 0x4c, 0x00, 0x47, 0x70, 0x4c, 0x00, 0x47, 0x70, 0x4c, 0x00, 0x47, 0x70, 0x4c, 0x00,
    0x47, 0x70, 0x4c, 0x00, 0x47, 0x70, 0x4c, 0x00, 0x47, 0x70, 0x4c, 0x00, 0x47, 0x70, 0x4c, 0x00,
    0x47, 0x70, 0x4c, 0x00, 0x47, 0x70, 0x4c, 0x00, 0x47, 0x70, 0x4c, 0x00, 0x47, 0x70, 0x4c, 0x00,
    0x47, 0x70, 0x4c, 0x00, 0x47, 0x70, 0x4c, 0x00, 0x47, 0x70, 0x4c, 0x00, 0x47, 0x70, 0x4c, 0x00,
    0x47, 0x70, 0x4c, 0x00, 0x47, 0x70, 0x4c, 0x00, 0x47, 0x70, 0x4c, 0x00, 0x47, 0x70, 0x4c, 0x00,
    0x47, 0x70, 0x4c, 0x00, 0x47, 0x70, 0x4c, 0x00, 0x47, 0x70, 0x4c, 0x00, 0x47, 0x70, 0x4c, 0x00,
    0x47, 0x70, 0x4c, 0x00, 0x47, 0x70, 0x4c, 0x00, 0x47, 0x70, 0x4c, 0x00, 0x47, 0x70, 0x4c, 0x00,
    0x47, 0x70, 0x4c, 0x00, 0x47, 0x70, 0x4c, 0x00, 0x47, 0x70, 0x4c, 0x00, 0x47, 0x70, 0x4c, 0x00,
    0x47, 0x70, 0x4c, 0x00, 0x47, 0x70, 0x4c, 0x00, 0x47, 0x70, 0x4c, 0x00, 0x47, 0x70, 0x4c, 0x00,
    0x47, 0x70, 0x4c, 0x00, 0x47, 0x70, 0x4c, 0x00, 0x47, 0x70, 0x4c, 0x00, 0x47, 0x70, 0x4c, 0x00,
    0x47, 0x70, 0x4c, 0x00, 0x47, 0x70, 0x4c, 0x00, 0x47, 0x70, 0x4c, 0x00, 0x47, 0x70, 0x4c, 0x00,
    0x47, 0x70, 0x4c, 0x00, 0x47, 0x70, 0x4c, 0x00, 0x47, 0x70, 0x4c, 0x00, 0x47, 0x70, 0x4c, 0x00,
    0x47, 0x70, 0x4c, 0x00, 0x47, 0x70, 0x4c, 0x00, 0x47, 0x70, 0x4c, 0x00, 0x47, 0x70, 0x4c, 0x00,
    0x47, 0x70, 0x4c, 0x00, 0x47, 0x70, 0x4c, 0x00, 0x47, 0x70, 0x4c, 0x00, 0x47, 0x70, 0x4c, 0x00,
    0x47, 0x70, 0x4c, 0x00, 0x47, 0x70, 0x4c, 0x00, 0x47, 0x70, 0x4c, 0x00, 0x47, 0x70, 0x4c, 0x00,
    0x47, 0x70, 0x4c, 0x00, 0x47, 0x70, 0x4c, 0x00, 0x47, 0x70, 0x4c, 0x00, 0x47, 0x70, 0x4c, 0x00,
    0x47, 0x70, 0x4c, 0x00, 0x47, 0x70, 0x4c, 0x00, 0x47, 0x70, 0x4c, 0x00, 0x47, 0x70, 0x4c, 0x00,
    0x47, 0x70, 0x4c, 0x00, 0x47, 0x70, 0x4c, 0x00, 0x47, 0x70, 0x4c, 0x00, 0x47, 0x70, 0x4c, 0x00,
    0x47, 0x70, 0x4c, 0x00, 0x47, 0x70, 0x4c, 0x00, 0x47, 0x70, 0x4c, 0x00, 0x47, 0x70, 0x4c, 0x00,
    0x47, 0x70, 0x4c, 0x00, 0x47, 0x70, 0x4c, 0x00, 0x47, 0x70, 0x4c, 0x00, 0x47, 0x70, 0x4c, 0x00,
    0x47, 0x70, 0x4c, 0x00, 0x47, 0x70, 0x4c, 0x00, 0x47, 0x70, 0x4c, 0x00, 0x47, 0x70, 0x4c, 0x00,
    0x47, 0x70, 0x4c, 0x00, 0x47, 0x70, 0x4c, 0x00, 0x47, 0x70, 0x4c, 0x00, 0x47, 0x70, 0x4c, 0x00,
    0x47, 0x70, 0x4c, 0x00, 0x47, 0x70, 0x4c, 0x00, 0x47, 0x70, 0x4c, 0x00, 0x47, 0x70, 0x4c, 0x00,
    0x47, 0x70, 0x4c, 0x00, 0x47, 0x70, 0x4c, 0x00, 0x47, 0x70, 0x4c, 0x00, 0x47, 0x70, 0x4c, 0x00,
    0x47, 0x70, 0x4c, 0x00, 0x47, 0x70, 0x4c, 0x00, 0x47, 0x70, 0x4c, 0x00, 0x47, 0x70, 0x4c, 0x00,
    0x47, 0x70, 0x4c, 0x00, 0x47, 0x70, 0x4c, 0x00, 0x47, 0x70, 0x4c, 0x00, 0x47, 0x70, 0x4c, 0x00,
    0x47, 0x70, 0x4c, 0x00, 0x47, 0x70, 0x4c, 0x00, 0x47, 0x70, 0x4c, 0x00, 0x47, 0x70, 0x4c, 0x00,
    0x47, 0x70, 0x4c, 0x00, 0x47, 0x70, 0x4c, 0x00, 0x47, 0x70, 0x4c, 0x00, 0x47, 0x70, 0x4c, 0x00,
    0x47, 0x70, 0x4c, 0x00, 0x47, 0x70, 0x4c, 0x00, 0x47, 0x70, 0x4c, 0x00, 0x47, 0x70, 0x4c, 0x00,
    0x47, 0x70, 0x4c, 0x00, 0x47, 0x70, 0x4c, 0x00, 0x47, 0x70, 0x4c, 0x00, 0x47, 0x70, 0x4c, 0x00,
    0x47, 0x70, 0x4c, 0x00, 0x47, 0x70, 0x4c, 0x00, 0x47, 0x70, 0x4c, 0x00, 0x47, 0x70, 0x4c, 0x00,
    0x47, 0x70, 0x4c, 0x00, 0x47, 0x70, 0x4c, 0x00, 0x47, 0x70, 0x4c, 0x00, 0x47, 0x70, 0x4c, 0x00,
    0x47, 0x70, 0x4c, 0x00, 0x47, 0x70, 0x4c, 0x00, 0x47, 0x70, 0x4c, 0x00, 0x47, 0x70, 0x4c, 0x00,
    0x47, 0x70, 0x4c, 0x00, 0x47, 0x70, 0x4c, 0x00, 0x47, 0x70, 0x4c, 0x00, 0x47, 0x70, 0x4c, 0x00,
    0x47, 0x70, 0x4c, 0x00, 0x47, 0x70, 0x4c, 0x00, 0x47, 0x70, 0x4c, 0x00, 0x47, 0x70, 0x4c, 0x00,
    0x47, 0x70, 0x4c, 0x00, 0x47, 0x70, 0x4c, 0x00, 0x47, 0x70, 0x4c, 0x00, 0x47, 0x70, 0x4c, 0x00,
    0x47, 0x70, 0x4c, 0x00, 0x47, 0x70, 0x4c, 0x00, 0x47, 0x70, 0x4c, 0x00, 0x47, 0x70, 0x4c, 0x00,
    0x47, 0x70, 0x4c, 0x00, 0x47, 0x70, 0x4c, 0x00, 0x47, 0x70, 0x4c, 0x00, 0x47, 0x70, 0x4c, 0x00,
    0x47, 0x70, 0x4c, 0x00, 0x47, 0x70, 0x4c, 0x00, 0x47, 0x70, 0x4c, 0x00, 0x47, 0x70, 0x4c, 0x00,
    0x47, 0x70, 0x4c, 0x00, 0x47, 0x70, 0x4c, 0x00, 0x47, 0x70, 0x4c, 0x00, 0x47, 0x70, 0x4c, 0x00,
    0x47, 0x70, 0x4c, 0x00, 0x47, 0x70, 0x4c, 0x00, 0x47, 0x70, 0x4c, 0x00, 0x47, 0x70, 0x4c, 0x00,
    0x47, 0x70, 0x4c, 0x00, 0x47, 0x70, 0x4c, 0x00, 0x47, 0x70, 0x4c, 0x00, 0x47, 0x70, 0x4c, 0x00,
    0x47, 0x70, 0x4c, 0x00, 0x47, 0x70, 0x4c, 0x00, 0x47, 0x70, 0x4c, 0x00, 0x47, 0x70, 0x4c, 0x00,
    0x47, 0x70, 0x4c, 0x00, 0x47, 0x70, 0x4c, 0x00, 0x47, 0x70, 0x4c, 0x00, 0x47, 0x70, 0x4c, 0x00,
    0x47, 0x70, 0x4c, 0x00, 0x47, 0x70, 0x4c, 0x00, 0x47, 0x70, 0x4c, 0x00, 0x47, 0x70, 0x4c, 0x00,
    0x47, 0x70, 0x4c, 0x00, 0x47, 0x70, 0x4c, 0x00, 0x47, 0x70, 0x4c, 0x00, 0x47, 0x70, 0x4c, 0x00,
    0x47, 0x70, 0x4c, 0x00, 0x47, 0x70, 0x4c, 0x00, 0x47, 0x70, 0x4c, 0x00, 0x47, 0x70, 0x4c, 0x00,
    0x47, 0x70, 0x4c, 0x00, 0x47, 0x70, 0x4c, 0x00, 0x47, 0x70, 0x4c, 0x00, 0x47, 0x70, 0x4c, 0x00,
    0x47, 0x70, 0x4c, 0x00, 0x47, 0x70, 0x4c, 0x00, 0x47, 0x70, 0x4c, 0x00, 0x47, 0x70, 0x4c, 0x00,
    0x47, 0x70, 0x4c, 0x00, 0x47, 0x70, 0x4c, 0x00, 0x47, 0x70, 0x4c, 0x00, 0x47, 0x70, 0x4c, 0x00,
    0x47, 0x70, 0x4c, 0x00, 0x47, 0x70, 0x4c, 0x00, 0x47, 0x70, 0x4c, 0x00, 0x47, 0x70, 0x4c, 0x00,
    0x47, 0x70, 0x4c, 0x00, 0x47, 0x70, 0x4c, 0x00, 0x47, 0x70, 0x4c, 0x00, 0x47, 0x70, 0x4c, 0x00,
    0x47, 0x70, 0x4c, 0x00, 0x47, 0x70, 0x4c, 0x00, 0x47, 0x70, 0x4c, 0x00, 0x47, 0x70, 0x4c, 0x00,
    0x47, 0x70, 0x4c, 0x00, 0x47, 0x70, 0x4c, 0x00, 0x47, 0x70, 0x4c, 0x00, 0x47, 0x70, 0x4c, 0x00,
    0x47, 0x70, 0x4c, 0x00, 0x47, 0x70, 0x4c, 0x00, 0x47, 0x70, 0x4c, 0x00, 0x47, 0x70, 0x4c, 0x00,
    0x47, 0x70, 0x4c, 0x00, 0x47, 0x70, 0x4c, 0x00, 0x47, 0x70, 0x4c, 0x00, 0x47, 0x70, 0x4c, 0x00,
    0x47, 0x70, 0x4c, 0x00, 0x47, 0x70, 0x4c, 0x00, 0x47, 0x70, 0x4c, 0x00, 0x47, 0x70, 0x4c, 0x00,
    0x47, 0x70, 0x4c, 0x00, 0x47, 0x70, 0x4c, 0x00, 0x47, 0x70, 0x4c, 0x00, 0x47, 0x70, 0x4c, 0x00,
    0x47, 0x70, 0x4c, 0x00, 0x47, 0x70, 0x4c, 0x00, 0x47, 0x70, 0x4c, 0x00, 0x47, 0x70, 0x4c, 0x00,
    0x47, 0x70, 0x4c, 0x00, 0x47, 0x70, 0x4c, 0x00, 0x47, 0x70, 0x4c, 0x00, 0x47, 0x70, 0x4c, 0x00,
    0x47, 0x70, 0x4c, 0x00, 0x47, 0x70, 0x4c, 0x00, 0x47, 0x70, 0x4c, 0x00, 0x47, 0x70, 0x4c, 0x00,
    0x47, 0x70, 0x4c, 0x00, 0x47, 0x70, 0x4c, 0x00, 0x47, 0x70, 0x4c, 0x00, 0x47, 0x70, 0x4c, 0x00,
    0x47, 0x70, 0x4c, 0x00, 0x47, 0x70, 0x4c, 0x00, 0x47, 0x70, 0x4c, 0x00, 0x47, 0x70, 0x4c, 0x00,
    0x47, 0x70, 0x4c, 0x00, 0x47, 0x70, 0x4c, 0x00, 0x47, 0x70, 0x4c, 0x00, 0x47, 0x70, 0x4c, 0x00,
    0x47, 0x70, 0x4c, 0x00, 0x47, 0x70, 0x4c, 0x00, 0x47, 0x70, 0x4c, 0x00, 0x47, 0x70, 0x4c, 0x00,
    0x47, 0x70, 0x4c, 0x00, 0x47, 0x70, 0x4c, 0x00, 0x47, 0x70, 0x4c, 0x00, 0x47, 0x70, 0x4c, 0x00,
    0x47, 0x70, 0x4c, 0x00, 0x47, 0x70, 0x4c, 0x00, 0x47, 0x70, 0x4c, 0x00, 0x47, 0x70, 0x4c, 0x00,
    0x47, 0x70, 0x4c, 0x00, 0x47, 0x70, 0x4c, 0x00, 0x47, 0x70, 0x4c, 0x00, 0x47, 0x70, 0x4c, 0x00,
    0x47, 0x70, 0x4c, 0x00, 0x47, 0x70, 0x4c, 0x00, 0x47, 0x70, 0x4c, 0x00, 0x47, 0x70, 0x4c, 0x00,
    0x47, 0x70, 0x4c, 0x00, 0x47, 0x70, 0x4c, 0x00, 0x47, 0x70, 0x4c, 0x00, 0x47, 0x70, 0x4c, 0x00,
    0x47, 0x70, 0x4c, 0x00, 0x47, 0x70, 0x4c, 0x00, 0x47, 0x70, 0x4c, 0x00, 0x47, 0x70, 0x4c, 0x00,
    0x47, 0x70, 0x4c, 0x00, 0x47, 0x70, 0x4c, 0x00, 0x47, 0x70, 0x4c, 0x00, 0x47, 0x70, 0x4c, 0x00,
    0x47, 0x70, 0x4c, 0x00, 0x47, 0x70, 0x4c, 0x00, 0x47, 0x70, 0x4c, 0x00, 0x47, 0x70, 0x4c, 0x00,
    0x47, 0x70, 0x4c, 0x00, 0x47, 0x70, 0x4c, 0x00, 0x47, 0x70, 0x4c, 0x00, 0x47, 0x70, 0x4c, 0x00,
    0x47, 0x70, 0x4c, 0x00, 0x47, 0x70, 0x4c, 0x00, 0x47, 0x70, 0x4c, 0x00, 0x47, 0x70, 0x4c, 0x00,
    0x47, 0x70, 0x4c, 0x00, 0x47, 0x70, 0x4c, 0x00, 0x47, 0x70, 0x4c, 0x00, 0x47, 0x70, 0x4c, 0x00,
    0x47, 0x70, 0x4c, 0x00, 0x47, 0x70, 0x4c, 0x00, 0x47, 0x70, 0x4c, 0x00, 0x47, 0x70, 0x4c, 0x00,
    0x47, 0x70, 0x4c, 0x00, 0x47, 0x70, 0x4c, 0x00, 0x47, 0x70, 0x4c, 0x00, 0x47, 0x70, 0x4c, 0x00,
    0x47, 0x70, 0x4c, 0x00, 0x47, 0x70, 0x4c, 0x00, 0x47, 0x70, 0x4c, 0x00, 0x47, 0x70, 0x4c, 0x00,
    0x47, 0x70, 0x4c, 0x00, 0x47, 0x70, 0x4c, 0x00, 0x47, 0x70, 0x4c, 0x00, 0x47, 0x70, 0x4c, 0x00,
    0x47, 0x70, 0x4c, 0x00, 0x47, 0x70, 0x4c, 0x00, 0x47, 0x70, 0x4c, 0x00, 0x47, 0x70, 0x4c, 0x00,
    0x47, 0x70, 0x4c, 0x00, 0x47, 0x70, 0x4c, 0x00, 0x47, 0x70, 0x4c, 0x00, 0x47, 0x70, 0x4c, 0x00,
    0x47, 0x70, 0x4c, 0x00, 0x47, 0x70, 0x4c, 0x00, 0x47, 0x70, 0x4c, 0x00, 0x47, 0x70, 0x4c, 0x00,
    0x47, 0x70, 0x4c, 0x00, 0x47, 0x70, 0x4c, 0x00, 0x47, 0x70, 0x4c, 0x00, 0x47, 0x70, 0x4c, 0x00,
    0x47, 0x70, 0x4c, 0x00, 0x47, 0x70, 0x4c, 0x00, 0x47, 0x70, 0x4c, 0x00, 0x47, 0x70, 0x4c, 0x00,
    0x47, 0x70, 0x4c, 0x00, 0x47, 0x70, 0x4c, 0x00, 0x47, 0x70, 0x4c, 0x00, 0x47, 0x70, 0x4c, 0x00,
    0x47, 0x70, 0x4c, 0x00, 0x47, 0x70, 0x4c, 0x00, 0x47, 0x70, 0x4c, 0x00, 0x47, 0x70, 0x4c, 0x00,
    0x47, 0x70, 0x4c, 0x00, 0x47, 0x70, 0x4c, 0x00, 0x47, 0x70, 0x4c, 0x00, 0x47, 0x70, 0x4c, 0x00,
    0x47, 0x70, 0x4c, 0x00, 0x47, 0x70, 0x4c, 0x00, 0x47, 0x70, 0x4c, 0x00, 0x47, 0x70, 0x4c, 0x00,
    0x47, 0x70, 0x4c, 0x00, 0x47, 0x70, 0x4c, 0x00, 0x47, 0x70, 0x4c, 0x00, 0x47, 0x70, 0x4c, 0x00,
    0x47, 0x70, 0x4c, 0x00, 0x47, 0x70, 0x4c, 0x00, 0x47, 0x70, 0x4c, 0x00, 0x47, 0x70, 0x4c, 0x00,
    0x47, 0x70, 0x4c, 0x00, 0x47, 0x70, 0x4c, 0x00, 0x47, 0x70, 0x4c, 0x00, 0x47, 0x70, 0x4c, 0x00,
    0x47, 0x70, 0x4c, 0x00, 0x47, 0x70, 0x4c, 0x00, 0x47, 0x70, 0x4c, 0x00, 0x47, 0x70, 0x4c, 0x00,
    0x47, 0x70, 0x4c, 0x00, 0x47, 0x70, 0x4c, 0x00, 0x47, 0x70, 0x4c, 0x00, 0x47, 0x70, 0x4c, 0x00,
    0x47, 0x70, 0x4c, 0x00, 0x47, 0x70, 0x4c, 0x00, 0x47, 0x70, 0x4c, 0x00, 0x47, 0x70, 0x4c, 0x00,
    0x47, 0x70, 0x4c, 0x00, 0x47, 0x70, 0x4c, 0x00, 0x47, 0x70, 0x4c, 0x00, 0x47, 0x70, 0x4c, 0x00,
    0x47, 0x70, 0x4c, 0x00, 0x47, 0x70, 0x4c, 0x00, 0x47, 0x70, 0x4c, 0x00, 0x47, 0x70, 0x4c, 0x00,
    0x47, 0x70, 0x4c, 0x00, 0x47, 0x70, 0x4c, 0x00, 0x47, 0x70, 0x4c, 0x00, 0x47, 0x70, 0x4c, 0x00,
    0x47, 0x70, 0x4c, 0x00, 0x47, 0x70, 0x4c, 0x00, 0x47, 0x70, 0x4c, 0x00, 0x47, 0x70, 0x4c, 0x00,
    0x47, 0x70, 0x4c, 0x00, 0x47, 0x70, 0x4c, 0x00, 0x47, 0x70, 0x4c, 0x00, 0x47, 0x70, 0x4c, 0x00,
    0x47, 0x70, 0x4c, 0x00, 0x47, 0x70, 0x4c, 0x00, 0x47, 0x70, 0x4c, 0x00, 0x47, 0x70, 0x4c, 0x00,
    0x47, 0x70, 0x4c, 0x00, 0x47, 0x70, 0x4c, 0x00, 0x47, 0x70, 0x4c, 0x00, 0x47, 0x70, 0x4c, 0x00,
    0x47, 0x70, 0x4c, 0x00, 0x47, 0x70, 0x4c, 0x00, 0x47, 0x70, 0x4c, 0x00, 0x47, 0x70, 0x4c, 0x00,
    0x47, 0x70, 0x4c, 0x00, 0x47, 0x70, 0x4c, 0x00, 0x47, 0x70, 0x4c, 0x00, 0x47, 0x70, 0x4c, 0x00,
    0x47, 0x70, 0x4c, 0x00, 0x47, 0x70, 0x4c, 0x00, 0x47, 0x70, 0x4c, 0x00, 0x47, 0x70, 0x4c, 0x00,
    0x47, 0x70, 0x4c, 0x00, 0x47, 0x70, 0x4c, 0x00, 0x47, 0x70, 0x4c, 0x00, 0x47, 0x70, 0x4c, 0x00,
    0x47, 0x70, 0x4c, 0x00, 0x47, 0x70, 0x4c, 0x00, 0x47, 0x70, 0x4c, 0x00, 0x47, 0x70, 0x4c, 0x00,
    0x47, 0x70, 0x4c, 0x00, 0x47, 0x70, 0x4c, 0x00, 0x47, 0x70, 0x4c, 0x00, 0x47, 0x70, 0x4c, 0x00,
    0x47, 0x70, 0x4c, 0x00, 0x47, 0x70, 0x4c, 0x00, 0x47, 0x70, 0x4c, 0x00, 0x47, 0x70, 0x4c, 0x00,
    0x47, 0x70, 0x4c, 0x00, 0x47, 0x70, 0x4c, 0x00, 0x47, 0x70, 0x4c, 0x00, 0x47, 0x70, 0x4c, 0x00,
    0x47, 0x70, 0x4c, 0x00, 0x47, 0x70, 0x4c, 0x00, 0x47, 0x70, 0x4c, 0x00, 0x47, 0x70, 0x4c, 0x00,
    0x47, 0x70, 0x4c, 0x00, 0x47, 0x70, 0x4c, 0x00, 0x47, 0x70, 0x4c, 0x00, 0x47, 0x70, 0x4c, 0x00,
    0x47, 0x70, 0x4c, 0x00, 0x47, 0x70, 0x4c, 0x00, 0x47, 0x70, 0x4c, 0x00, 0x47, 0x70, 0x4c, 0x00,
    0x47, 0x70, 0x4c, 0x00, 0x47, 0x70, 0x4c, 0x00, 0x47, 0x70, 0x4c, 0x00, 0x47, 0x70, 0x4c, 0x00,
    0x47, 0x70, 0x4c, 0x00, 0x47, 0x70, 0x4c, 0x00, 0x47, 0x70, 0x4c, 0x00, 0x47, 0x70, 0x4c, 0x00,
    0x47, 0x70, 0x4c, 0x00, 0x47, 0x70, 0x4c, 0x00, 0x47, 0x70, 0x4c, 0x00, 0x47, 0x70, 0x4c, 0x00,
    0x47, 0x70, 0x4c, 0x00, 0x47, 0x70, 0x4c, 0x00, 0x47, 0x70, 0x4c, 0x00, 0x47, 0x70, 0x4c, 0x00,
    0x47, 0x70, 0x4c, 0x00, 0x47, 0x70, 0x4c, 0x00, 0x47, 0x70, 0x4c, 0x00, 0x47, 0x70, 0x4c, 0x00,
    0x47, 0x70, 0x4c, 0x00, 0x47, 0x70, 0x4c, 0x00, 0x47, 0x70, 0x4c, 0x00, 0x47, 0x70, 0x4c, 0x00,
    0x47, 0x70, 0x4c, 0x00, 0x47, 0x70, 0x4c, 0x00, 0x47, 0x70, 0x4c, 0x00, 0x47, 0x70, 0x4c, 0x00,
    0x47, 0x70, 0x4c, 0x00, 0x47, 0x70, 0x4c, 0x00, 0x47, 0x70, 0x4c, 0x00, 0x47, 0x70, 0x4c, 0x00,
    0x47, 0x70, 0x4c, 0x00, 0x47, 0x70, 0x4c, 0x00, 0x47, 0x70, 0x4c, 0x00, 0x47, 0x70, 0x4c, 0x00,
    0x47, 0x70, 0x4c, 0x00, 0x47, 0x70, 0x4c, 0x00, 0x47, 0x70, 0x4c, 0x00, 0x47, 0x70, 0x4c, 0x00,
    0x47, 0x70, 0x4c, 0x00, 0x47, 0x70, 0x4c, 0x00, 0x47, 0x70, 0x4c, 0x00, 0x47, 0x70, 0x4c, 0x00,
    0x47, 0x70, 0x4c, 0x00, 0x47, 0x70, 0x4c, 0x00, 0x47, 0x70, 0x4c, 0x00, 0x47, 0x70, 0x4c, 0x00,
    0x47, 0x70, 0x4c, 0x00, 0x47, 0x70, 0x4c, 0x00, 0x47, 0x70, 0x4c, 0x00, 0x47, 0x70, 0x4c, 0x00,
    0x47, 0x70, 0x4c, 0x00, 0x47, 0x70, 0x4c, 0x00, 0x47, 0x70, 0x4c, 0x00, 0x47, 0x70, 0x4c, 0x00,
    0x47, 0x70, 0x4c, 0x00, 0x47, 0x70, 0x4c, 0x00, 0x47, 0x70, 0x4c, 0x00, 0x47, 0x70, 0x4c, 0x00,
    0x47, 0x70, 0x4c, 0x00, 0x47, 0x70, 0x4c, 0x00, 0x47, 0x70, 0x4c, 0x00, 0x47, 0x70, 0x4c, 0x00,
    0x47, 0x70, 0x4c, 0x00, 0x47, 0x70, 0x4c, 0x00, 0x47, 0x70, 0x4c, 0x00, 0x47, 0x70, 0x4c, 0x00,
    0x47, 0x70, 0x4c, 0x00, 0x47, 0x70, 0x4c, 0x00, 0x47, 0x70, 0x4c, 0x00, 0x47, 0x70, 0x4c, 0x00,
    0x47, 0x70, 0x4c, 0x00, 0x47, 0x70, 0x4c, 0x00, 0x47, 0x70, 0x4c, 0x00, 0x47, 0x70, 0x4c, 0x00,
    0x47, 0x70, 0x4c, 0x00, 0x47, 0x70, 0x4c, 0x00, 0x47, 0x70, 0x4c, 0x00, 0x47, 0x70, 0x4c, 0x00,
    0x47, 0x70, 0x4c, 0x00, 0x47, 0x70, 0x4c, 0x00, 0x47, 0x70, 0x4c, 0x00, 0x47, 0x70, 0x4c, 0x00,
    0x47, 0x70, 0x4c, 0x00, 0x47, 0x70, 0x4c, 0x00, 0x47, 0x70, 0x4c, 0x00, 0x47, 0x70, 0x4c, 0x00,
    0x47, 0x70, 0x4c, 0x00, 0x47, 0x70, 0x4c, 0x00, 0x47, 0x70, 0x4c, 0x00, 0x47, 0x70, 0x4c, 0x00,
    0x47, 0x70, 0x4c, 0x00, 0x47, 0x70, 0x4c, 0x00, 0x47, 0x70, 0x4c, 0x00, 0x47, 0x70, 0x4c, 0x00,
    0x47, 0x70, 0x4c, 0x00, 0x47, 0x70, 0x4c, 0x00, 0x47, 0x70, 0x4c, 0x00, 0x47, 0x70, 0x4c, 0x00,
    0x47, 0x70, 0x4c, 0x00, 0x47, 0x70, 0x4c, 0x00, 0x47, 0x70, 0x4c, 0x00, 0x47, 0x70, 0x4c, 0x00,
    0x47, 0x70, 0x4c, 0x00, 0x47, 0x70, 0x4c, 0x00, 0x47, 0x70, 0x4c, 0x00, 0x47, 0x70, 0x4c, 0x00,
    0x47, 0x70, 0x4c, 0x00, 0x47, 0x70, 0x4c, 0x00, 0x47, 0x70, 0x4c, 0x00, 0x47, 0x70, 0x4c, 0x00,
    0x47, 0x70, 0x4c, 0x00, 0x47, 0x70, 0x4c, 0x00, 0x47, 0x70, 0x4c, 0x00, 0x47, 0x70, 0x4c, 0x00,
    0x47, 0x70, 0x4c, 0x00, 0x47, 0x70, 0x4c, 0x00, 0x47, 0x70, 0x4c, 0x00, 0x47, 0x70, 0x4c, 0x00,
    0x47, 0x70, 0x4c, 0x00, 0x47, 0x70, 0x4c, 0x00, 0x47, 0x70, 0x4c, 0x00, 0x47, 0x70, 0x4c, 0x00,
    0x47, 0x70, 0x4c, 0x00, 0x47, 0x70, 0x4c, 0x00, 0x47, 0x70, 0x4c, 0x00, 0x47, 0x70, 0x4c, 0x00,
    0x47, 0x70, 0x4c, 0x00, 0x47, 0x70, 0x4c, 0x00, 0x47, 0x70, 0x4c, 0x00, 0x47, 0x70, 0x4c, 0x00,
    0x47, 0x70, 0x4c, 0x00, 0x47, 0x70, 0x4c, 0x00, 0x47, 0x70, 0x4c, 0x00, 0x47, 0x70, 0x4c, 0x00,
    0x47, 0x70, 0x4c, 0x00, 0x47, 0x70, 0x4c, 0x00, 0x47, 0x70, 0x4c, 0x00, 0x47, 0x70, 0x4c, 0x00,
    0x47, 0x70, 0x4c, 0x00, 0x47, 0x70, 0x4c, 0x00, 0x47, 0x70, 0x4c, 0x00, 0x47, 0x70, 0x4c, 0x00,
    0x47, 0x70, 0x4c, 0x00, 0x47, 0x70, 0x4c, 0x00, 0x47, 0x70, 0x4c, 0x00, 0x47, 0x70, 0x4c, 0x00,
    0x47, 0x70, 0x4c, 0x00, 0x47, 0x70, 0x4c, 0x00, 0x47, 0x70, 0x4c, 0x00, 0x47, 0x70, 0x4c, 0x00,
    0x47, 0x70, 0x4c, 0x00, 0x47, 0x70, 0x4c, 0x00, 0x47, 0x70, 0x4c, 0x00, 0x47, 0x70, 0x4c, 0x00,
    0x47, 0x70, 0x4c, 0x00, 0x47, 0x70, 0x4c, 0x00, 0x47, 0x70, 0x4c, 0x00, 0x47, 0x70, 0x4c, 0x00,
    0x47, 0x70, 0x4c, 0x00, 0x47, 0x70, 0x4c, 0x00, 0x47, 0x70, 0x4c, 0x00, 0x47, 0x70, 0x4c, 0x00,
    0x47, 0x70, 0x4c, 0x00, 0x47, 0x70, 0x4c, 0x00, 0x47, 0x70, 0x4c, 0x00, 0x47, 0x70, 0x4c, 0x00,
    0x47, 0x70, 0x4c, 0x00, 0x47, 0x70, 0x4c, 0x00, 0x47, 0x70, 0x4c, 0x00, 0x47, 0x70, 0x4c, 0x00,
    0x47, 0x70, 0x4c, 0x00, 0x47, 0x70, 0x4c, 0x00, 0x47, 0x70, 0x4c, 0x00, 0x47, 0x70, 0x4c, 0x00,
    0x47, 0x70, 0x4c, 0x00, 0x47, 0x70, 0x4c, 0x00, 0x47, 0x70, 0x4c, 0x00, 0x47, 0x70, 0x4c, 0x00,
    0x47, 0x70, 0x4c, 0x00, 0x47, 0x70, 0x4c, 0x00, 0x47, 0x70, 0x4c, 0x00, 0x47, 0x70, 0x4c, 0x00,
    0x47, 0x70, 0x4c, 0x00, 0x47, 0x70, 0x4c, 0x00, 0x47, 0x70, 0x4c, 0x00, 0x47, 0x70, 0x4c, 0x00,
    0x47, 0x70, 0x4c, 0x00, 0x47, 0x70, 0x4c, 0x00, 0x47, 0x70, 0x4c, 0x00, 0x47, 0x70, 0x4c, 0x00,
    0x47, 0x70, 0x4c, 0x00, 0x47, 0x70, 0x4c, 0x00, 0x47, 0x70, 0x4c, 0x00, 0x47, 0x70, 0x4c, 0x00,
    0x47, 0x70, 0x4c, 0x00, 0x47, 0x70, 0x4c, 0x00, 0x47, 0x70, 0x4c, 0x00, 0x47, 0x70, 0x4c, 0x00,
    0x47, 0x70, 0x4c, 0x00, 0x47, 0x70, 0x4c, 0x00, 0x47, 0x70, 0x4c, 0x00, 0x47, 0x70, 0x4c, 0x00,
    0x47, 0x70, 0x4c, 0x00, 0x47, 0x70, 0x4c, 0x00, 0x47, 0x70, 0x4c, 0x00, 0x47, 0x70, 0x4c, 0x00,
    0x47, 0x70, 0x4c, 0x00, 0x47, 0x70, 0x4c, 0x00, 0x47, 0x70, 0x4c, 0x00, 0x47, 0x70, 0x4c, 0x00,
    0x47, 0x70, 0x4c, 0x00, 0x47, 0x70, 0x4c, 0x00, 0x47, 0x70, 0x4c, 0x00, 0x47, 0x70, 0x4c, 0x00,
    0x47, 0x70, 0x4c, 0x00, 0x47, 0x70, 0x4c, 0x00, 0x47, 0x70, 0x4c, 0x00, 0x47, 0x70, 0x4c, 0x00,
    0x47, 0x70, 0x4c, 0x00, 0x47, 0x70, 0x4c, 0x00, 0x47, 0x70, 0x4c, 0x00, 0x47, 0x70, 0x4c, 0x00,
    0x47, 0x70, 0x4c, 0x00, 0x47, 0x70, 0x4c, 0x00, 0x47, 0x70, 0x4c, 0x00, 0x47, 0x70, 0x4c, 0x00,
    0x47, 0x70, 0x4c, 0x00, 0x47, 0x70, 0x4c, 0x00, 0x47, 0x70, 0x4c, 0x00, 0x47, 0x70, 0x4c, 0x00,
    0x47, 0x70, 0x4c, 0x00, 0x47, 0x70, 0x4c, 0x00, 0x47, 0x70, 0x4c, 0x00, 0x47, 0x70, 0x4c, 0x00,
    0x47, 0x70, 0x4c, 0x00, 0x47, 0x70, 0x4c, 0x00, 0x47, 0x70, 0x4c, 0x00, 0x47, 0x70, 0x4c, 0x00,
    0x47, 0x70, 0x4c, 0x00, 0x47, 0x70, 0x4c, 0x00, 0x47, 0x70, 0x4c, 0x00, 0x47, 0x70, 0x4c, 0x00,
    0x47, 0x70, 0x4c, 0x00, 0x47, 0x70, 0x4c, 0x00, 0x47, 0x70, 0x4c, 0x00, 0x47, 0x70, 0x4c, 0x00,
    0x47, 0x70, 0x4c, 0x00, 0x47, 0x70, 0x4c, 0x00, 0x47, 0x70, 0x4c, 0x00, 0x47, 0x70, 0x4c, 0x00,
    0x47, 0x70, 0x4c, 0x00, 0x47, 0x70, 0x4c, 0x00, 0x47, 0x70, 0x4c, 0x00, 0x47, 0x70, 0x4c, 0x00,
    0x47, 0x70, 0x4c, 0x00, 0x47, 0x70, 0x4c, 0x00, 0x47, 0x70, 0x4c, 0x00, 0x47, 0x70, 0x4c, 0x00,
    0x47, 0x70, 0x4c, 0x00, 0x47, 0x70, 0x4c, 0x00, 0x47, 0x70, 0x4c, 0x00, 0x47, 0x70, 0x4c, 0x00,
    0x47, 0x70, 0x4c, 0x00, 0x47, 0x70, 0x4c, 0x00, 0x47, 0x70, 0x4c, 0x00, 0x47, 0x70, 0x4c, 0x00,
    0x47, 0x70, 0x4c, 0x00, 0x47, 0x70, 0x4c, 0x00, 0x47, 0x70, 0x4c, 0x00, 0x47, 0x70, 0x4c, 0x00,
    0x47, 0x70, 0x4c, 0x00, 0x47, 0x70, 0x4c, 0x00, 0x47, 0x70, 0x4c, 0x00, 0x47, 0x70, 0x4c, 0x00,
    0x47, 0x70, 0x4c, 0x00, 0x47, 0x70, 0x4c, 0x00, 0x47, 0x70, 0x4c, 0x00, 0x47, 0x70, 0x4c, 0x00,
    0x47, 0x70, 0x4c, 0x00, 0x47, 0x70, 0x4c, 0x00, 0x47, 0x70, 0x4c, 0x00, 0x47, 0x70, 0x4c, 0x00,
    0x47, 0x70, 0x4c, 0x00, 0x47, 0x70, 0x4c, 0x00, 0x47, 0x70, 0x4c, 0x00, 0x47, 0x70, 0x4c, 0x00,
    0x47, 0x70, 0x4c, 0x00, 0x47, 0x70, 0x4c, 0x00, 0x47, 0x70, 0x4c, 0x00, 0x47, 0x70, 0x4c, 0x00,
    0x47, 0x70, 0x4c, 0x00, 0x47, 0x70, 0x4c, 0x00, 0x47, 0x70, 0x4c, 0x00, 0x47, 0x70, 0x4c, 0x00,
    0x47, 0x70, 0x4c, 0x00, 0x47, 0x70, 0x4c, 0x00, 0x47, 0x70, 0x4c, 0x00, 0x47, 0x70, 0x4c, 0x00,
    0x47, 0x70, 0x4c, 0x00, 0x47, 0x70, 0x4c, 0x00, 0x47, 0x70, 0x4c, 0x00, 0x47, 0x70, 0x4c, 0x00,
    0x47, 0x70, 0x4c, 0x00, 0x47, 0x70, 0x4c, 0x00, 0x47, 0x70, 0x4c, 0x00, 0x47, 0x70, 0x4c, 0x00,
    0x47, 0x70, 0x4c, 0x00, 0x47, 0x70, 0x4c, 0x00, 0x47, 0x70, 0x4c, 0x00, 0x47, 0x70, 0x4c, 0x00,
    0x47, 0x70, 0x4c, 0x00, 0x47, 0x70, 0x4c, 0x00, 0x47, 0x70, 0x4c, 0x00, 0x47, 0x70, 0x4c, 0x00,
    0x47, 0x70, 0x4c, 0x00, 0x47, 0x70, 0x4c, 0x00, 0x47, 0x70, 0x4c, 0x00, 0x47, 0x70, 0x4c, 0x00,
    0x47, 0x70, 0x4c, 0x00, 0x47, 0x70, 0x4c, 0x00, 0x47, 0x70, 0x4c, 0x00, 0x47, 0x70, 0x4c, 0x00,
    0x47, 0x70, 0x4c, 0x00, 0x47, 0x70, 0x4c, 0x00, 0x47, 0x70, 0x4c, 0x00, 0x47, 0x70, 0x4c, 0x00,
    0x47, 0x70, 0x4c, 0x00, 0x47, 0x70, 0x4c, 0x00, 0x47, 0x70, 0x4c, 0x00, 0x47, 0x70, 0x4c, 0x00,
    0x47, 0x70, 0x4c, 0x00, 0x47, 0x70, 0x4c, 0x00, 0x47, 0x70, 0x4c, 0x00, 0x47, 0x70, 0x4c, 0x00,
    0x47, 0x70, 0x4c, 0x00, 0x47, 0x70, 0x4c, 0x00, 0x47, 0x70, 0x4c, 0x00, 0x47, 0x70, 0x4c, 0x00,
    0x47, 0x70, 0x4c, 0x00, 0x47, 0x70, 0x4c, 0x00, 0x47, 0x70, 0x4c, 0x00, 0x47, 0x70, 0x4c, 0x00,
    0x47, 0x70, 0x4c, 0x00, 0x47, 0x70, 0x4c, 0x00, 0x47, 0x70, 0x4c, 0x00, 0x47, 0x70, 0x4c, 0x00,
    0x47, 0x70, 0x4c, 0x00, 0x47, 0x70, 0x4c, 0x00, 0x47, 0x70, 0x4c, 0x00, 0x47, 0x70, 0x4c, 0x00,
    0x47, 0x70, 0x4c, 0x00, 0x47, 0x70, 0x4c, 0x00, 0x47, 0x70, 0x4c, 0x00, 0x47, 0x70, 0x4c, 0x00,
    0x47, 0x70, 0x4c, 0x00, 0x47, 0x70, 0x4c, 0x00, 0x47, 0x70, 0x4c, 0x00, 0x47, 0x70, 0x4c, 0x00,
    0x47, 0x70, 0x4c, 0x00, 0x47, 0x70, 0x4c, 0x00, 0x47, 0x70, 0x4c, 0x00, 0x47, 0x70, 0x4c, 0x00,
    0x47, 0x70, 0x4c, 0x00, 0x47, 0x70, 0x4c, 0x00, 0x47, 0x70, 0x4c, 0x00, 0x47, 0x70, 0x4c, 0x00,
    0x47, 0x70, 0x4c, 0x00, 0x47, 0x70, 0x4c, 0x00, 0x47, 0x70, 0x4c, 0x00, 0x47, 0x70, 0x4c, 0x00,
    0x47, 0x70, 0x4c, 0x00, 0x47, 0x70, 0x4c, 0x00, 0x47, 0x70, 0x4c, 0x00, 0x47, 0x70, 0x4c, 0x00,
    0x47, 0x70, 0x4c, 0x00, 0x47, 0x70, 0x4c, 0x00, 0x47, 0x70, 0x4c, 0x00, 0x47, 0x70, 0x4c, 0x00,
    0x47, 0x70, 0x4c, 0x00, 0x47, 0x70, 0x4c, 0x00, 0x47, 0x70, 0x4c, 0x00, 0x47, 0x70, 0x4c, 0x00,
    0x47, 0x70, 0x4c, 0x00, 0x47, 0x70, 0x4c, 0x00, 0x47, 0x70, 0x4c, 0x00, 0x47, 0x70, 0x4c, 0x00,
    0x47, 0x70, 0x4c, 0x00, 0x47, 0x70, 0x4c, 0x00, 0x47, 0x70, 0x4c, 0x00, 0x47, 0x70, 0x4c, 0x00,
    0x47, 0x70, 0x4c, 0x00, 0x47, 0x70, 0x4c, 0x00, 0x47, 0x70, 0x4c, 0x00, 0x47, 0x70, 0x4c, 0x00,
    0x47, 0x70, 0x4c, 0x00, 0x47, 0x70, 0x4c, 0x00, 0x47, 0x70, 0x4c, 0x00, 0x47, 0x70, 0x4c, 0x00,
    0x47, 0x70, 0x4c, 0x00, 0x47, 0x70, 0x4c, 0x00, 0x47, 0x70, 0x4c, 0x00, 0x47, 0x70, 0x4c, 0x00,
    0x47, 0x70, 0x4c, 0x00, 0x47, 0x70, 0x4c, 0x00, 0x47, 0x70, 0x4c, 0x00, 0x47, 0x70, 0x4c, 0x00,
    0x47, 0x70, 0x4c, 0x00, 0x47, 0x70, 0x4c, 0x00, 0x47, 0x70, 0x4c, 0x00, 0x47, 0x70, 0x4c, 0x00,
    0x47, 0x70, 0x4c, 0x00, 0x47, 0x70, 0x4c, 0x00, 0x47, 0x70, 0x4c, 0x00, 0x47, 0x70, 0x4c, 0x00,
    0x47, 0x70, 0x4c, 0x00, 0x47, 0x70, 0x4c, 0x00, 0x47, 0x70, 0x4c, 0x00, 0x47, 0x70, 0x4c, 0x00,
    0x47, 0x70, 0x4c, 0x00, 0x47, 0x70, 0x4c, 0x00, 0x47, 0x70, 0x4c, 0x00, 0x47, 0x70, 0x4c, 0x00,
    0x47, 0x70, 0x4c, 0x00, 0x47, 0x70, 0x4c, 0x00, 0x47, 0x70, 0x4c, 0x00, 0x47, 0x70, 0x4c, 0x00,
    0x47, 0x70, 0x4c, 0x00, 0x47, 0x70, 0x4c, 0x00, 0x47, 0x70, 0x4c, 0x00, 0x47, 0x70, 0x4c, 0x00,
    0x47, 0x70, 0x4c, 0x00, 0x47, 0x70, 0x4c, 0x00, 0x47, 0x70, 0x4c, 0x00, 0x47, 0x70, 0x4c, 0x00,
    0x47, 0x70, 0x4c, 0x00, 0x47, 0x70, 0x4c, 0x00, 0x47, 0x70, 0x4c, 0x00, 0x47, 0x70, 0x4c, 0x00,
    0x47, 0x70, 0x4c, 0x00, 0x47, 0x70, 0x4c, 0x00, 0x47, 0x70, 0x4c, 0x00, 0x47, 0x70, 0x4c, 0x00,
    0x47, 0x70, 0x4c, 0x00, 0x47, 0x70, 0x4c, 0x00, 0x47, 0x70, 0x4c, 0x00, 0x47, 0x70, 0x4c, 0x00,
    0x47, 0x70, 0x4c, 0x00, 0x47, 0x70, 0x4c, 0x00, 0x47, 0x70, 0x4c, 0x00, 0x47, 0x70, 0x4c, 0x00,
    0x47, 0x70, 0x4c, 0x00, 0x47, 0x70, 0x4c, 0x00, 0x47, 0x70, 0x4c, 0x00, 0x47, 0x70, 0x4c, 0x00,
    0x47, 0x70, 0x4c, 0x00, 0x47, 0x70, 0x4c, 0x00, 0x47, 0x70, 0x4c, 0x00, 0x47, 0x70, 0x4c, 0x00,
    0x47, 0x70, 0x4c, 0x00, 0x47, 0x70, 0x4c, 0x00, 0x47, 0x70, 0x4c, 0x00, 0x47, 0x70, 0x4c, 0x00,
    0x47, 0x70, 0x4c, 0x00, 0x47, 0x70, 0x4c, 0x00, 0x47, 0x70, 0x4c, 0x00, 0x47, 0x70, 0x4c, 0x00,
    0x47, 0x70, 0x4c, 0x00, 0x47, 0x70, 0x4c, 0x00, 0x47, 0x70, 0x4c, 0x00, 0x47, 0x70, 0x4c, 0x00,
    0x47, 0x70, 0x4c, 0x00, 0x47, 0x70, 0x4c, 0x00, 0x47, 0x70, 0x4c, 0x00, 0x47, 0x70, 0x4c, 0x00,
    0x47, 0x70, 0x4c, 0x00, 0x47, 0x70, 0x4c, 0x00, 0x47, 0x70, 0x4c, 0x00, 0x47, 0x70, 0x4c, 0x00,
    0x47, 0x70, 0x4c, 0x00, 0x47, 0x70, 0x4c, 0x00, 0x47, 0x70, 0x4c, 0x00, 0x47, 0x70, 0x4c, 0x00,
    0x47, 0x70, 0x4c, 0x00, 0x47, 0x70, 0x4c, 0x00, 0x47, 0x70, 0x4c, 0x00, 0x47, 0x70, 0x4c, 0x00,
    0x47, 0x70, 0x4c, 0x00, 0x47, 0x70, 0x4c, 0x00, 0x47, 0x70, 0x4c, 0x00, 0x47, 0x70, 0x4c, 0x00,
    0x47, 0x70, 0x4c, 0x00, 0x47, 0x70, 0x4c, 0x00, 0x47, 0x70, 0x4c, 0x00, 0x47, 0x70, 0x4c, 0x00,
    0x47, 0x70, 0x4c, 0x00, 0x47, 0x70, 0x4c, 0x00, 0x47, 0x70, 0x4c, 0x00, 0x47, 0x70, 0x4c, 0x00,
    0x47, 0x70, 0x4c, 0x00, 0x47, 0x70, 0x4c, 0x00, 0x47, 0x70, 0x4c, 0x00, 0x47, 0x70, 0x4c, 0x00,
    0x47, 0x70, 0x4c, 0x00, 0x47, 0x70, 0x4c, 0x00, 0x47, 0x70, 0x4c, 0x00, 0x47, 0x70, 0x4c, 0x00,
    0x47, 0x70, 0x4c, 0x00, 0x47, 0x70, 0x4c, 0x00, 0x47, 0x70, 0x4c, 0x00, 0x47, 0x70, 0x4c, 0x00,
    0x47, 0x70, 0x4c, 0x00, 0x47, 0x70, 0x4c, 0x00, 0x47, 0x70, 0x4c, 0x00, 0x47, 0x70, 0x4c, 0x00,
    0x47, 0x70, 0x4c, 0x00, 0x47, 0x70, 0x4c, 0x00, 0x47, 0x70, 0x4c, 0x00, 0x47, 0x70, 0x4c, 0x00,
    0x47, 0x70, 0x4c, 0x00, 0x47, 0x70, 0x4c, 0x00, 0x47, 0x70, 0x4c, 0x00, 0x47, 0x70, 0x4c, 0x00,
    0x47, 0x70, 0x4c, 0x00, 0x47, 0x70, 0x4c, 0x00, 0x47, 0x70, 0x4c, 0x00, 0x47, 0x70, 0x4c, 0x00,
    0x47, 0x70, 0x4c, 0x00, 0x47, 0x70, 0x4c, 0x00, 0x47, 0x70, 0x4c, 0x00, 0x47, 0x70, 0x4c, 0x00,
    0x47, 0x70, 0x4c, 0x00, 0x47, 0x70, 0x4c, 0x00, 0x47, 0x70, 0x4c, 0x00, 0x47, 0x70, 0x4c, 0x00,
    0x47, 0x70, 0x4c, 0x00, 0x47, 0x70, 0x4c, 0x00, 0x47, 0x70, 0x4c, 0x00, 0x47, 0x70, 0x4c, 0x00,
    0x47, 0x70, 0x4c, 0x00, 0x47, 0x70, 0x4c, 0x00, 0x47, 0x70, 0x4c, 0x00, 0x47, 0x70, 0x4c, 0x00,
    0x47, 0x70, 0x4c, 0x00, 0x47, 0x70, 0x4c, 0x00, 0x47, 0x70, 0x4c, 0x00, 0x47, 0x70, 0x4c, 0x00,
    0x47, 0x70, 0x4c, 0x00, 0x47, 0x70, 0x4c, 0x00, 0x47, 0x70, 0x4c, 0x00, 0x47, 0x70, 0x4c, 0x00,
    0x47, 0x70, 0x4c, 0x00, 0x47, 0x70, 0x4c, 0x00, 0x47, 0x70, 0x4c, 0x00, 0x47, 0x70, 0x4c, 0x00,
    0x47, 0x70, 0x4c, 0x00, 0x47, 0x70, 0x4c, 0x00, 0x47, 0x70, 0x4c, 0x00, 0x47, 0x70, 0x4c, 0x00,
    0x47, 0x70, 0x4c, 0x00, 0x47, 0x70, 0x4c, 0x00, 0x47, 0x70, 0x4c, 0x00, 0x47, 0x70, 0x4c, 0x00
};
unsigned int raw_logo_bin_len = 65536;
